<COLLADA xmlns="http://www.collada.org/2005/11/COLLADASchema" version="1.4.1">
  <asset>
    <contributor/>
    <created>2025-10-14T20:08:40.312631</created>
    <modified>2025-10-14T20:08:40.312647</modified>
    <unit name="meter" meter="1.0"/>
    <up_axis>Z_UP</up_axis>
  </asset>
  <library_effects>
    <effect id="effect_mat_0" name="effect_mat_0">
      <profile_COMMON>
        <technique sid="common">
          <phong>
            <emission>
              <color>0.0 0.0 0.0 1.0</color>
            </emission>
            <ambient>
              <color>0.20000000298023224 0.20000000298023224 0.20000000298023224 1.0</color>
            </ambient>
            <diffuse>
              <color>0.0235294122248888 0.20392157137393951 1.0 1.0</color>
            </diffuse>
            <specular>
              <color>0.0 0.0 0.0 1.0</color>
            </specular>
            <shininess>
              <float>0.20000000298023224</float>
            </shininess>
            <reflective>
              <color>0.0 0.0 0.0 1.0</color>
            </reflective>
            <reflectivity>
              <float>0.0</float>
            </reflectivity>
            <transparent>
              <color>0.0 0.0 0.0 1.0</color>
            </transparent>
            <transparency>
              <float>0.0</float>
            </transparency>
          </phong>
        </technique>
        <extra>
          <technique profile="GOOGLEEARTH">
            <double_sided>0</double_sided>
          </technique>
        </extra>
      </profile_COMMON>
    </effect>
  </library_effects>
  <library_geometries>
    <geometry id="geometry_airplane2_0" name="airplane2">
      <mesh>
        <source id="vertices_airplane2_0">
          <float_array count="11220" id="vertices_airplane2_0-array">-8.6591e-05 0.000580232 0.006250629 -0.000172481 0.000552595 0.006250629 -0.000251638 0.000507715 0.006250629 -0.000321019 0.000447317 0.006250629 -0.000377959 0.000373721 0.006250629 -0.000420269 0.000289757 0.006250629 -0.000446323 0.00019865 0.006250629 -0.000455121 0.000103902 0.006250629 -0.000446323 9.154e-06 0.006250629 -0.000420269 -8.1952e-05 0.006250629 -0.000377959 -0.000165917 0.006250629 -0.000321019 -0.000239512 0.006250629 -0.000251638 -0.000299911 0.006250629 -0.000172481 -0.000344791 0.006250629 -8.6591e-05 -0.000372427 0.006250629 -8.4875e-05 0.000580232 0.00620623 -0.000169115 0.000552595 0.006163537 -0.00024675 0.000507715 0.006124191 -0.000314798 0.000447317 0.006089704 -0.000370644 0.000373721 0.006061401 -0.000412141 0.000289757 0.00604037 -0.000437695 0.00019865 0.00602742 -0.000446323 0.000103902 0.006023046 -0.000437695 9.154e-06 0.00602742 -0.000412141 -8.1952e-05 0.00604037 -0.000370644 -0.000165917 0.006061401 -0.000314798 -0.000239512 0.006089704 -0.00024675 -0.000299911 0.006124191 -0.000169115 -0.000344791 0.006163537 -8.4875e-05 -0.000372427 0.00620623 -7.9792e-05 0.000580232 0.006163537 -0.000159144 0.000552595 0.006079792 -0.000232275 0.000507715 0.006002612 -0.000296375 0.000447317 0.005934963 -0.00034898 0.000373721 0.005879445 -0.00038807 0.000289757 0.005838192 -0.000412141 0.00019865 0.005812788 -0.000420269 0.000103902 0.00580421 -0.000412141 9.154e-06 0.005812788 -0.00038807 -8.1952e-05 0.005838192 -0.00034898 -0.000165917 0.005879445 -0.000296375 -0.000239512 0.005934963 -0.000232275 -0.000299911 0.006002612 -0.000159144 -0.000344791 0.006079792 -7.9792e-05 -0.000372427 0.006163537 -7.1538e-05 0.000580232 0.006124191 -0.000142953 0.000552595 0.006002612 -0.000208769 0.000507715 0.005890564 -0.000266457 0.000447317 0.005792353 -0.000313801 0.000373721 0.005711753 -0.00034898 0.000289757 0.005651863 -0.000370644 0.00019865 0.005614982 -0.000377959 0.000103902 0.005602529 -0.000370644 9.154e-06 0.005614982 -0.00034898 -8.1952e-05 0.005651863 -0.000313801 -0.000165917 0.005711753 -0.000266457 -0.000239512 0.005792353 -0.000208769 -0.000299911 0.005890564 -0.000142953 -0.000344791 0.006002612 -7.1538e-05 -0.000372427 0.006124191 -6.0429e-05 0.000580232 0.006089704 -0.000121163 0.000552595 0.005934963 -0.000177135 0.000507715 0.005792353 -0.000226195 0.000447317 0.005667355 -0.000266457 0.000373721 0.005564771 -0.000296375 0.000289757 0.005488544 -0.000314798 0.00019865 0.005441604 -0.000321019 0.000103902 0.005425755 -0.000314798 9.154e-06 0.005441604 -0.000296375 -8.1952e-05 0.005488544 -0.000266457 -0.000165917 0.005564771 -0.000226195 -0.000239512 0.005667355 -0.000177135 -0.000299911 0.005792353 -0.000121163 -0.000344791 0.005934963 -6.0429e-05 -0.000372427 0.006089704 -4.6894e-05 0.000580232 0.006061401 -9.4612e-05 0.000552595 0.005879445 -0.000138589 0.000507715 0.005711753 -0.000177135 0.000447317 0.005564771 -0.000208769 0.000373721 0.005444145 -0.000232275 0.000289757 0.005354512 -0.00024675 0.00019865 0.005299316 -0.000251638 0.000103902 0.005280679 -0.00024675 9.154e-06 0.005299316 -0.000232275 -8.1952e-05 0.005354512 -0.000208769 -0.000165917 0.005444145 -0.000177135 -0.000239512 0.005564771 -0.000138589 -0.000299911 0.005711753 -9.4612e-05 -0.000344791 0.005879445 -4.6894e-05 -0.000372427 0.006061401 -3.1451e-05 0.000580232 0.00604037 -6.432e-05 0.000552595 0.005838192 -9.4612e-05 0.000507715 0.005651863 -0.000121163 0.000447317 0.005488544 -0.000142953 0.000373721 0.005354512 -0.000159144 0.000289757 0.005254917 -0.000169114 0.00019865 0.005193587 -0.000172481 0.000103902 0.005172878 -0.000169114 9.154e-06 0.005193587 -0.000159144 -8.1952e-05 0.005254917 -0.000142953 -0.000165917 0.005354512 -0.000121163 -0.000239512 0.005488544 -9.4612e-05 -0.000299911 0.005651863 -6.432e-05 -0.000344791 0.005838192 -3.1451e-05 -0.000372427 0.00604037 -1.4695e-05 0.000580232 0.006027419 -3.1451e-05 0.000552595 0.005812788 -4.6894e-05 0.000507715 0.005614982 -6.0429e-05 0.000447317 0.005441604 -7.1538e-05 0.000373721 0.005299316 -7.9792e-05 0.000289757 0.005193587 -8.4875e-05 0.00019865 0.005128479 -8.6591e-05 0.000103902 0.005106495 -8.4875e-05 9.154e-06 0.005128479 -7.9792e-05 -8.1952e-05 0.005193587 -7.1538e-05 -0.000165917 0.005299316 -6.0429e-05 -0.000239512 0.005441604 -4.6894e-05 -0.000299911 0.005614982 -3.1451e-05 -0.000344791 0.005812788 -1.4695e-05 -0.000372427 0.00602742 2.0157e-05 0.000580232 0.006027419 3.6913e-05 0.000552595 0.005812788 5.2356e-05 0.000507715 0.005614982 6.5892e-05 0.000447317 0.005441604 7.7e-05 0.000373721 0.005299316 8.5254e-05 0.000289757 0.005193587 9.0337e-05 0.00019865 0.005128479 9.2054e-05 0.000103902 0.005106495 9.0337e-05 9.154e-06 0.005128479 8.5254e-05 -8.1952e-05 0.005193587 7.7e-05 -0.000165917 0.005299316 6.5892e-05 -0.000239512 0.005441604 5.2356e-05 -0.000299911 0.005614982 3.6913e-05 -0.000344791 0.005812788 2.0157e-05 -0.000372427 0.00602742 3.6913e-05 0.000580232 0.00604037 6.9782e-05 0.000552595 0.005838192 0.000100074 0.000507715 0.005651863 0.000126625 0.000447317 0.005488544 0.000148415 0.000373721 0.005354512 0.000164606 0.000289757 0.005254917 0.000174577 0.00019865 0.005193587 0.000177943 0.000103902 0.005172878 0.000174577 9.154e-06 0.005193587 0.000164606 -8.1952e-05 0.005254917 0.000148415 -0.000165917 0.005354512 0.000126625 -0.000239512 0.005488544 0.000100074 -0.000299911 0.005651863 6.9782e-05 -0.000344791 0.005838192 3.6913e-05 -0.000372427 0.00604037 5.2356e-05 0.000580232 0.006061401 0.000100074 0.000552595 0.005879445 0.000144051 0.000507715 0.005711754 0.000182597 0.000447317 0.005564771 0.000214231 0.000373721 0.005444145 0.000237737 0.000289757 0.005354512 0.000252212 0.00019865 0.005299316 0.0002571 0.000103902 0.005280679 0.000252212 9.154e-06 0.005299316 0.000237737 -8.1952e-05 0.005354512 0.000214231 -0.000165917 0.005444145 0.000182597 -0.000239512 0.005564771 0.000144051 -0.000299911 0.005711754 0.000100074 -0.000344791 0.005879445 5.2356e-05 -0.000372427 0.006061401 6.5892e-05 0.000580232 0.006089704 0.000126625 0.000552595 0.005934963 0.000182597 0.000507715 0.005792353 0.000231657 0.000447317 0.005667355 0.00027192 0.000373721 0.005564771 0.000301837 0.000289757 0.005488544 0.000320261 0.00019865 0.005441605 0.000326481 0.000103902 0.005425755 0.000320261 9.154e-06 0.005441604 0.000301837 -8.1952e-05 0.005488544 0.00027192 -0.000165917 0.005564771 0.000231657 -0.000239512 0.005667355 0.000182597 -0.000299911 0.005792353 0.000126625 -0.000344791 0.005934963 6.5892e-05 -0.000372427 0.006089704 7.7e-05 0.000580232 0.006124191 0.000148415 0.000552595 0.006002612 0.000214231 0.000507715 0.005890564 0.00027192 0.000447317 0.005792353 0.000319263 0.000373721 0.005711754 0.000354443 0.000289757 0.005651863 0.000376106 0.00019865 0.005614983 0.000383421 0.000103902 0.00560253 0.000376106 9.154e-06 0.005614983 0.000354443 -8.1952e-05 0.005651863 0.000319263 -0.000165917 0.005711754 0.00027192 -0.000239512 0.005792353 0.000214231 -0.000299911 0.005890564 0.000148415 -0.000344791 0.006002612 7.7e-05 -0.000372427 0.006124191 8.5254e-05 0.000580232 0.006163537 0.000164606 0.000552595 0.006079792 0.000237737 0.000507715 0.006002612 0.000301837 0.000447317 0.005934963 0.000354443 0.000373721 0.005879446 0.000393532 0.000289757 0.005838192 0.000417603 0.00019865 0.005812788 0.000425731 0.000103902 0.00580421 0.000417603 9.154e-06 0.005812788 0.000393532 -8.1952e-05 0.005838192 0.000354443 -0.000165917 0.005879446 0.000301837 -0.000239512 0.005934963 0.000237737 -0.000299911 0.006002612 0.000164606 -0.000344791 0.006079792 8.5254e-05 -0.000372427 0.006163537 9.0337e-05 0.000580232 0.00620623 0.000174577 0.000552595 0.006163537 0.000252212 0.000507715 0.006124191 0.000320261 0.000447317 0.006089704 0.000376106 0.000373721 0.006061401 0.000417603 0.000289757 0.00604037 0.000443157 0.00019865 0.00602742 0.000451785 0.000103902 0.006023047 0.000443157 9.154e-06 0.00602742 0.000417603 -8.1952e-05 0.00604037 0.000376106 -0.000165917 0.006061401 0.000320261 -0.000239512 0.006089704 0.000252212 -0.000299911 0.006124191 0.000174577 -0.000344791 0.006163537 9.0337e-05 -0.000372427 0.00620623 9.2054e-05 0.000580232 0.006250629 0.000177944 0.000552595 0.006250629 0.0002571 0.000507715 0.006250629 0.000326481 0.000447317 0.006250629 0.000383421 0.000373721 0.006250629 0.000425731 0.000289757 0.006250629 0.000451785 0.00019865 0.006250629 0.000460583 0.000103902 0.006250629 0.000451785 9.154e-06 0.006250629 0.000425731 -8.1952e-05 0.006250629 0.000383421 -0.000165917 0.006250629 0.000326481 -0.000239512 0.006250629 0.0002571 -0.000299911 0.006250629 0.000177943 -0.000344791 0.006250629 9.2054e-05 -0.000372427 0.006250629 9.0337e-05 0.000580232 0.006295028 0.000174577 0.000552595 0.006337721 0.000252212 0.000507715 0.006377067 0.00032026 0.000447317 0.006411554 0.000376106 0.000373721 0.006439857 0.000417603 0.000289757 0.006460887 0.000443157 0.00019865 0.006473838 0.000451785 0.000103902 0.006478211 0.000443157 9.154e-06 0.006473838 0.000417603 -8.1952e-05 0.006460888 0.000376106 -0.000165917 0.006439857 0.00032026 -0.000239512 0.006411554 0.000252212 -0.000299911 0.006377067 0.000174577 -0.000344791 0.006337721 9.0337e-05 -0.000372427 0.006295028 8.5254e-05 0.000580232 0.006337721 0.000164606 0.000552595 0.006421466 0.000237737 0.000507715 0.006498646 0.000301837 0.000447317 0.006566295 0.000354443 0.000373721 0.006621813 0.000393532 0.000289757 0.006663066 0.000417603 0.00019865 0.00668847 0.000425731 0.000103902 0.006697048 0.000417603 9.154e-06 0.00668847 0.000393532 -8.1952e-05 0.006663066 0.000354443 -0.000165917 0.006621813 0.000301837 -0.000239512 0.006566295 0.000237737 -0.000299911 0.006498646 0.000164606 -0.000344791 0.006421466 8.5254e-05 -0.000372427 0.006337721 7.7e-05 0.000580232 0.006377067 0.000148415 0.000552595 0.006498646 0.000214231 0.000507715 0.006610694 0.000271919 0.000447317 0.006708905 0.000319263 0.000373721 0.006789504 0.000354443 0.000289757 0.006849395 0.000376106 0.00019865 0.006886276 0.000383421 0.000103902 0.006898728 0.000376106 9.154e-06 0.006886276 0.000354443 -8.1952e-05 0.006849395 0.000319263 -0.000165917 0.006789504 0.000271919 -0.000239512 0.006708905 0.000214231 -0.000299911 0.006610694 0.000148415 -0.000344791 0.006498646 7.7e-05 -0.000372427 0.006377067 6.5892e-05 0.000580232 0.006411554 0.000126625 0.000552595 0.006566295 0.000182597 0.000507715 0.006708905 0.000231657 0.000447317 0.006833903 0.000271919 0.000373721 0.006936487 0.000301837 0.000289757 0.007012713 0.00032026 0.00019865 0.007059653 0.000326481 0.000103902 0.007075503 0.00032026 9.154e-06 0.007059654 0.000301837 -8.1952e-05 0.007012713 0.000271919 -0.000165917 0.006936487 0.000231657 -0.000239512 0.006833903 0.000182597 -0.000299911 0.006708905 0.000126625 -0.000344791 0.006566295 6.5892e-05 -0.000372427 0.006411554 5.2356e-05 0.000580232 0.006439857 0.000100074 0.000552595 0.006621813 0.000144051 0.000507715 0.006789504 0.000182597 0.000447317 0.006936487 0.000214231 0.000373721 0.007057113 0.000237737 0.000289757 0.007146746 0.000252212 0.00019865 0.007201941 0.0002571 0.000103902 0.007220578 0.000252212 9.154e-06 0.007201941 0.000237737 -8.1952e-05 0.007146746 0.000214231 -0.000165917 0.007057113 0.000182597 -0.000239512 0.006936487 0.000144051 -0.000299911 0.006789504 0.000100074 -0.000344791 0.006621813 5.2356e-05 -0.000372427 0.006439857 3.6913e-05 0.000580232 0.006460888 6.9782e-05 0.000552595 0.006663066 0.000100074 0.000507715 0.006849395 0.000126625 0.000447317 0.007012713 0.000148415 0.000373721 0.007146746 0.000164606 0.000289757 0.00724634 0.000174577 0.00019865 0.007307671 0.000177943 0.000103902 0.007328379 0.000174577 9.154e-06 0.007307671 0.000164606 -8.1952e-05 0.00724634 0.000148415 -0.000165917 0.007146746 0.000126625 -0.000239512 0.007012713 0.000100074 -0.000299911 0.006849395 6.9782e-05 -0.000344791 0.006663066 3.6913e-05 -0.000372427 0.006460887 2.0157e-05 0.000580232 0.006473839 3.6913e-05 0.000552595 0.00668847 5.2356e-05 0.000507715 0.006886276 6.5892e-05 0.000447317 0.007059653 7.7e-05 0.000373721 0.007201941 8.5254e-05 0.000289757 0.007307671 9.0337e-05 0.00019865 0.007372778 9.2054e-05 0.000103902 0.007394762 9.0337e-05 9.154e-06 0.007372778 8.5254e-05 -8.1952e-05 0.007307671 7.7e-05 -0.000165917 0.007201941 6.5892e-05 -0.000239512 0.007059653 5.2356e-05 -0.000299911 0.006886275 3.6913e-05 -0.000344791 0.00668847 2.0157e-05 -0.000372427 0.006473838 -1.4695e-05 0.000580232 0.006473839 -3.1451e-05 0.000552595 0.00668847 -4.6894e-05 0.000507715 0.006886275 -6.0429e-05 0.000447317 0.007059653 -7.1538e-05 0.000373721 0.007201941 -7.9792e-05 0.000289757 0.00730767 -8.4875e-05 0.00019865 0.007372778 -8.6591e-05 0.000103902 0.007394762 -8.4875e-05 9.154e-06 0.007372778 -7.9792e-05 -8.1952e-05 0.007307671 -7.1538e-05 -0.000165917 0.007201941 -6.0429e-05 -0.000239512 0.007059653 -4.6894e-05 -0.000299911 0.006886275 -3.1451e-05 -0.000344791 0.00668847 -1.4695e-05 -0.000372427 0.006473838 -3.1451e-05 0.000580232 0.006460888 -6.432e-05 0.000552595 0.006663066 -9.4612e-05 0.000507715 0.006849395 -0.000121163 0.000447317 0.007012713 -0.000142953 0.000373721 0.007146745 -0.000159144 0.000289757 0.00724634 -0.000169114 0.00019865 0.00730767 -0.000172481 0.000103902 0.007328379 -0.000169114 9.154e-06 0.00730767 -0.000159144 -8.1952e-05 0.00724634 -0.000142953 -0.000165917 0.007146745 -0.000121163 -0.000239512 0.007012713 -9.4612e-05 -0.000299911 0.006849395 -6.432e-05 -0.000344791 0.006663066 -3.1451e-05 -0.000372427 0.006460887 -4.6894e-05 0.000580232 0.006439857 -9.4612e-05 0.000552595 0.006621813 -0.000138589 0.000507715 0.006789504 -0.000177135 0.000447317 0.006936487 -0.000208769 0.000373721 0.007057112 -0.000232275 0.000289757 0.007146745 -0.00024675 0.00019865 0.007201941 -0.000251638 0.000103902 0.007220578 -0.00024675 9.154e-06 0.007201941 -0.000232275 -8.1952e-05 0.007146745 -0.000208769 -0.000165917 0.007057112 -0.000177135 -0.000239512 0.006936487 -0.000138589 -0.000299911 0.006789504 -9.4612e-05 -0.000344791 0.006621812 -4.6894e-05 -0.000372427 0.006439857 -6.0429e-05 0.000580232 0.006411554 -0.000121163 0.000552595 0.006566295 -0.000177135 0.000507715 0.006708904 -0.000226195 0.000447317 0.006833903 -0.000266457 0.000373721 0.006936487 -0.000296375 0.000289757 0.007012713 -0.000314798 0.00019865 0.007059653 -0.000321019 0.000103902 0.007075503 -0.000314798 9.154e-06 0.007059653 -0.000296375 -8.1952e-05 0.007012713 -0.000266457 -0.000165917 0.006936487 -0.000226195 -0.000239512 0.006833903 -0.000177135 -0.000299911 0.006708904 -0.000121163 -0.000344791 0.006566295 -6.0429e-05 -0.000372427 0.006411554 -7.1538e-05 0.000580232 0.006377067 -0.000142953 0.000552595 0.006498646 -0.000208769 0.000507715 0.006610693 -0.000266457 0.000447317 0.006708904 -0.000313801 0.000373721 0.006789504 -0.00034898 0.000289757 0.006849394 -0.000370644 0.00019865 0.006886275 -0.000377958 0.000103902 0.006898728 -0.000370644 9.154e-06 0.006886275 -0.00034898 -8.1952e-05 0.006849395 -0.000313801 -0.000165917 0.006789504 -0.000266457 -0.000239512 0.006708904 -0.000208769 -0.000299911 0.006610693 -0.000142952 -0.000344791 0.006498646 -7.1538e-05 -0.000372427 0.006377067 -7.9792e-05 0.000580232 0.006337721 -0.000159144 0.000552595 0.006421466 -0.000232275 0.000507715 0.006498646 -0.000296375 0.000447317 0.006566294 -0.00034898 0.000373721 0.006621812 -0.00038807 0.000289757 0.006663066 -0.000412141 0.00019865 0.006688469 -0.000420268 0.000103902 0.006697047 -0.000412141 9.154e-06 0.006688469 -0.00038807 -8.1952e-05 0.006663066 -0.00034898 -0.000165917 0.006621812 -0.000296375 -0.000239512 0.006566294 -0.000232275 -0.000299911 0.006498646 -0.000159144 -0.000344791 0.006421466 -7.9792e-05 -0.000372427 0.006337721 -8.4875e-05 0.000580232 0.006295028 -0.000169114 0.000552595 0.006337721 -0.00024675 0.000507715 0.006377067 -0.000314798 0.000447317 0.006411553 -0.000370644 0.000373721 0.006439857 -0.000412141 0.000289757 0.006460887 -0.000437694 0.00019865 0.006473838 -0.000446323 0.000103902 0.006478211 -0.000437694 9.154e-06 0.006473838 -0.000412141 -8.1952e-05 0.006460887 -0.000370644 -0.000165917 0.006439857 -0.000314798 -0.000239512 0.006411553 -0.00024675 -0.000299911 0.006377067 -0.000169114 -0.000344791 0.006337721 -8.4875e-05 -0.000372427 0.006295028 -0.000129894 0.00087285 0.000243533 -0.000254796 0.000829004 0.000243533 -0.000369907 0.000757802 0.000243533 -0.000369907 -0.0005235 0.000243533 -0.000254796 -0.000594702 0.000243533 -0.000129894 -0.000638548 0.000243533 -0.000127398 0.00087285 -6.0205e-05 -0.0002499 0.000829004 -0.00035227 -0.0002499 -0.000594702 -0.00035227 -0.000127398 -0.000638548 -6.0205e-05 -0.000120006 0.00087285 -0.000352271 -0.000235401 0.000829004 -0.000925178 -0.000235401 -0.000594702 -0.000925177 -0.000120006 -0.000638548 -0.00035227 -0.000108003 0.00087285 -0.00062144 -0.000211855 0.000829004 -0.001453172 -0.000307566 -0.0005235 -0.002219699 -0.000211855 -0.000594702 -0.001453171 -0.000108003 -0.000638548 -0.000621439 -9.1849e-05 0.00087285 -0.000857369 -0.000180168 0.000829004 -0.001915963 -0.000261564 0.000757802 -0.002891568 -0.000261563 -0.0005235 -0.002891568 -0.000180168 -0.000594702 -0.001915962 -9.1849e-05 -0.000638548 -0.000857368 -7.2165e-05 0.00087285 -0.001050991 -0.000141557 0.000829004 -0.002295765 -0.000205509 0.000757802 -0.003442955 -0.000205509 -0.0005235 -0.003442955 -0.000141557 -0.000594702 -0.002295763 -7.2165e-05 -0.000638548 -0.00105099 -4.9708e-05 0.00087285 -0.001194865 -9.7506e-05 0.000829004 -0.002577983 -0.000141557 0.000757802 -0.003852673 -0.000180168 0.00066198 -0.004969948 -0.000180168 -0.000427678 -0.004969948 -0.000141557 -0.0005235 -0.003852673 -9.7506e-05 -0.000594702 -0.002577982 -4.9708e-05 -0.000638548 -0.001194863 -2.5341e-05 0.00087285 -0.001283462 -4.9708e-05 0.000829004 -0.002751773 -7.2165e-05 0.000757802 -0.004085443 -9.1849e-05 0.00066198 -0.005271536 -0.000108003 0.00054522 -0.006264471 -0.000120006 0.00041201 -0.006987772 -0.000127398 -3.3167e-05 -0.007433179 -0.000120006 -0.000177708 -0.006987772 -0.000108003 -0.000310918 -0.006264471 -9.1849e-05 -0.000427678 -0.00529107 -7.2165e-05 -0.0005235 -0.004104976 -4.9708e-05 -0.000594702 -0.002751771 -2.5341e-05 -0.000638548 -0.00128346 0 0.00087285 -0.001313377 0 0.000829004 -0.002810455 0 0.000757802 -0.003927926 0 0.002390618 -0.006016826 0 0.002273858 -0.007271542 0 0.00041201 -0.007129442 0 0.000267469 -0.007583575 0 0.000117151 -0.007736917 0 -3.3167e-05 -0.007583575 0 -0.000177708 -0.007129442 0 -0.000310918 -0.006391969 0 -0.000427678 -0.005399498 0 -0.0005235 -0.004190169 0 -0.000594702 -0.002810453 0 -0.000638548 -0.001313376 2.5341e-05 0.00087285 -0.001283462 4.9709e-05 0.000829004 -0.002751772 7.2166e-05 0.000757802 -0.004104976 9.1849e-05 0.002390618 -0.006170641 0.000108003 0.002273858 -0.007144042 0.000120007 0.00041201 -0.006987772 0.000127398 0.000267469 -0.007433178 0.000129894 0.000117151 -0.007583575 0.000127398 -3.3167e-05 -0.007433179 0.000120007 -0.000177708 -0.006987772 0.000108003 -0.000310918 -0.006264469 9.1849e-05 -0.000427678 -0.005291069 7.2166e-05 -0.0005235 -0.004104976 4.9709e-05 -0.000594702 -0.002751771 2.5341e-05 -0.000638548 -0.00128346 4.9709e-05 0.00087285 -0.001194865 9.7507e-05 0.000829004 -0.002577983 0.000141558 0.000757802 -0.003852673 0.000180168 0.00066198 -0.004969947 0.000211856 0.00054522 -0.005886872 0.000235401 0.00041201 -0.006568207 0.000249901 0.000267469 -0.006987772 0.000254797 0.000117151 -0.00712944 0.000249901 -3.3167e-05 -0.006987772 0.000235401 -0.000177708 -0.006568207 0.000211856 -0.000310918 -0.005886872 0.000180168 -0.000427678 -0.004969947 0.000141558 -0.0005235 -0.003852673 9.7507e-05 -0.000594702 -0.002577982 4.9709e-05 -0.000638548 -0.001194863 7.2166e-05 0.00087285 -0.001050991 0.000141558 0.000829004 -0.002295763 0.00020551 0.000757802 -0.003442955 0.000261564 0.00066198 -0.004448475 0.000307567 0.00054522 -0.005273684 0.00034175 0.00041201 -0.005886871 0.002021565 0.00021863 -0.007478602 0.002028673 0.00016599 -0.007606102 0.000362799 -3.3167e-05 -0.006264469 0.00034175 -0.000177708 -0.005886871 0.000307567 -0.000310918 -0.005273684 0.000261564 -0.000427678 -0.004448475 0.00020551 -0.0005235 -0.003442955 0.000141557 -0.000594702 -0.002295763 7.2165e-05 -0.000638548 -0.00105099 9.1849e-05 0.00087285 -0.000857368 0.000180169 0.000829004 -0.001915962 0.000261564 0.000757802 -0.002891567 0.000332908 0.00066198 -0.003746691 0.000391458 0.00054522 -0.004448474 0.000434965 0.00041201 -0.004969946 0.002120522 0.00021863 -0.006253542 0.002129568 0.00016599 -0.00661363 0.000461756 -3.3167e-05 -0.005291068 0.000434965 -0.000177708 -0.004969946 0.000391458 -0.000310918 -0.004448474 0.000332908 -0.000427678 -0.003746691 0.000261564 -0.0005235 -0.002891566 0.000180168 -0.000594702 -0.001915961 9.1849e-05 -0.000638548 -0.000857368 0.000108003 0.00087285 -0.00062144 0.000211856 0.000829004 -0.001453171 0.000307567 0.000757802 -0.002219699 0.000391458 0.00066198 -0.002891566 0.000460306 0.00054522 -0.003442954 0.000511464 0.00041201 -0.003852671 0.000542968 0.000267469 -0.003853316 0.000553605 0.000117151 -0.004190166 0.000542968 -3.3167e-05 -0.004104974 0.000511464 -0.000177708 -0.003852672 0.000460306 -0.000310918 -0.003442954 0.000391458 -0.000427678 -0.002891566 0.000307567 -0.0005235 -0.002219698 0.000211856 -0.000594702 -0.00145317 0.000108003 -0.000638548 -0.000621439 0.000120007 0.00087285 -0.000352271 0.000235401 0.000829004 -0.000925177 0.00034175 0.000757802 -0.00145317 0.000434965 0.00066198 -0.00191596 0.000511464 0.00054522 -0.002295763 0.000568309 0.00041201 -0.002577981 0.000603313 0.000267469 -0.00275177 0.000615133 0.000117151 -0.002810452 0.000603313 -3.3167e-05 -0.00275177 0.000568309 -0.000177708 -0.002577981 0.000511464 -0.000310918 -0.002295763 0.000434965 -0.000427678 -0.00191596 0.00034175 -0.0005235 -0.00145317 0.000235401 -0.000594702 -0.000925177 0.000120007 -0.000638548 -0.00035227 0.000127399 0.00087285 -6.0205e-05 0.000249901 0.000829004 -0.00035227 0.0003628 0.000757802 -0.000621439 0.000461756 0.00066198 -0.000857367 0.000542967 0.00054522 -0.001050988 0.000603313 0.00041201 -0.001194862 0.000640474 0.000267469 -0.001283458 0.000653021 0.000117151 -0.001313374 0.000640474 -3.3167e-05 -0.001283459 0.000603313 -0.000177708 -0.001194862 0.000542967 -0.000310918 -0.001050988 0.000461756 -0.000427678 -0.000857367 0.000362799 -0.0005235 -0.000621438 0.000249901 -0.000594702 -0.00035227 0.000127398 -0.000638548 -6.0205e-05 0.000129894 0.00087285 0.000243533 0.000254797 0.000829004 0.000243534 0.000369907 0.000757802 0.000243534 0.000470802 0.00066198 0.000243534 0.000553605 0.00054522 0.000243534 0.000615133 0.00041201 0.000243534 0.005867257 0.000206558 -0.003952583 0.005880051 0.000178062 -0.003952583 0.000653021 -3.3167e-05 0.000243534 0.000615133 -0.000177708 0.000243534 0.000553605 -0.000310918 0.000243534 0.000470802 -0.000427678 0.000243534 0.000369907 -0.0005235 0.000243534 0.000254797 -0.000594702 0.000243534 0.000129894 -0.000638548 0.000243533 0.000127399 0.00087285 0.000547272 0.000249901 0.000829004 0.000839337 0.000362799 0.000757802 0.001108506 0.000461756 0.00066198 0.001344435 0.000542967 0.00054522 0.001538056 0.000603313 0.00041201 0.00168193 0.00585471 0.000206558 -0.002207392 0.005867257 0.000178062 -0.002395675 0.000640474 -3.3167e-05 0.001770527 0.000603313 -0.000177708 0.00168193 0.000542967 -0.000310918 0.001538056 0.000461756 -0.000427678 0.001344435 0.000362799 -0.0005235 0.001108506 0.000249901 -0.000594702 0.000839336 0.000127398 -0.000638548 0.000547271 0.000120007 0.00087285 0.000839337 0.000235401 0.000829004 0.001412244 0.00034175 0.000757802 0.001940238 0.000434965 0.00066198 0.002403028 0.000511464 0.00054522 0.00278283 0.000568308 0.00041201 0.003065048 0.000603313 0.000267469 0.003457036 0.000615133 0.000117151 0.003297519 0.000603313 -3.3167e-05 0.003238838 0.000568309 -0.000177708 0.003065048 0.000511464 -0.000310918 0.00278283 0.000434965 -0.000427678 0.002403028 0.00034175 -0.0005235 0.001940238 0.000235401 -0.000594702 0.001412243 0.000120007 -0.000638548 0.000839336 0.000108003 0.00087285 0.001108506 0.000211856 0.000829004 0.001940238 0.000307567 0.000757802 0.002706766 0.000391458 0.00066198 0.003378633 0.000460306 0.00054522 0.003930021 0.000511464 0.00041201 0.004339737 0.000542967 0.000267469 0.004592041 0.000553605 0.000117151 0.004677233 0.000542967 -3.3167e-05 0.004592041 0.000511464 -0.000177708 0.004339738 0.000460306 -0.000310918 0.003930021 0.000391458 -0.000427678 0.003378633 0.000307566 -0.0005235 0.002706766 0.000211856 -0.000594702 0.001940237 0.000108003 -0.000638548 0.001108506 9.1849e-05 0.00087285 0.001344435 0.000180168 0.000829004 0.002403028 0.000261564 0.000757802 0.003378633 0.000332907 0.00066198 0.004233758 0.000391458 0.00054522 0.004935541 0.000434964 0.00041201 0.005457012 0.000461756 0.000267469 0.005778133 0.000470802 0.000117151 0.005886562 0.000461756 -3.3167e-05 0.005778133 0.000434965 -0.000177708 0.005457013 0.000391458 -0.000310918 0.004935541 0.000332907 -0.000427678 0.004233758 0.000261564 -0.0005235 0.003378633 0.000180168 -0.000594702 0.002403027 9.1849e-05 -0.000638548 0.001344434 7.2166e-05 0.00087285 0.001538057 0.000141557 0.000829004 0.00278283 0.000205509 0.000757802 0.003930021 0.000261564 0.00066198 0.004935541 0.000307566 0.00054522 0.00576075 0.000341749 0.00041201 0.006373936 0.000341749 -0.000177708 0.006373936 0.000307566 -0.000310918 0.00576075 0.000261564 -0.000427678 0.004935541 0.000205509 -0.0005235 0.00393002 0.000141557 -0.000594702 0.002782829 7.2165e-05 -0.000638548 0.001538055 0 -0.000653354 0.000243533 4.9709e-05 0.00087285 0.001681931 9.7506e-05 0.000829004 0.003065049 0.000141557 0.000757802 0.004339738 0.000180168 0.00066198 0.005457013 0.000211855 0.00054522 0.006373936 0.000211855 -0.000310918 0.006373936 0.000180168 -0.000427678 0.005457013 0.000141557 -0.0005235 0.004339737 9.7506e-05 -0.000594702 0.003065048 4.9708e-05 -0.000638548 0.001681929 2.5341e-05 0.00087285 0.001770528 4.9708e-05 0.000829004 0.003238838 7.2165e-05 0.000757802 0.004592041 9.1849e-05 0.00066198 0.005778133 9.1849e-05 -0.000427678 0.005778133 7.2165e-05 -0.0005235 0.00459204 4.9708e-05 -0.000594702 0.003238837 2.5341e-05 -0.000638548 0.001770526 0 0.00087285 0.001800443 0 0.000829004 0.003297519 0 0.000757802 0.004677233 0 0.00066198 0.005886562 0 -0.000427678 0.005886562 0 -0.0005235 0.004677232 0 -0.000594702 0.003297518 0 -0.000638548 0.001800441 -2.5341e-05 0.00087285 0.001770527 -4.9708e-05 0.000829004 0.003238838 -7.2165e-05 0.000757802 0.00459204 -9.1849e-05 0.00066198 0.005778132 -9.1849e-05 -0.000427678 0.005778132 -7.2165e-05 -0.0005235 0.00459204 -4.9708e-05 -0.000594702 0.003238836 -2.5341e-05 -0.000638548 0.001770526 -4.9708e-05 0.00087285 0.00168193 -9.7506e-05 0.000829004 0.003065048 -0.000141557 0.000757802 0.004339736 -0.000180168 0.00066198 0.005457011 -0.000180168 -0.000427678 0.005457011 -0.000141557 -0.0005235 0.004339736 -9.7506e-05 -0.000594702 0.003065047 -4.9708e-05 -0.000638548 0.001681929 -7.2165e-05 0.00087285 0.001538056 -0.000141557 0.000829004 0.002782829 -0.000205509 0.000757802 0.003930018 -0.000205509 -0.0005235 0.003930018 -0.000141557 -0.000594702 0.002782828 -7.2165e-05 -0.000638548 0.001538055 -9.1849e-05 0.00087285 0.001344434 -0.000180168 0.000829004 0.002403026 -0.000261563 0.000757802 0.003378631 -0.000261563 -0.0005235 0.00337863 -0.000180168 -0.000594702 0.002403026 -9.1849e-05 -0.000638548 0.001344433 -0.000108003 0.00087285 0.001108506 -0.000211855 0.000829004 0.001940236 -0.000211855 -0.000594702 0.001940235 -0.000108003 -0.000638548 0.001108505 0 0.000887655 0.000243534 -0.000120006 0.00087285 0.000839336 -0.000235401 0.000829004 0.001412242 -0.000235401 -0.000594702 0.001412242 -0.000120006 -0.000638548 0.000839336 -0.000127398 0.00087285 0.000547271 -0.0002499 0.000829004 0.000839335 -0.000362799 0.000757802 0.001108503 -0.000362799 -0.0005235 0.001108504 -0.0002499 -0.000594702 0.000839335 -0.000127398 -0.000638548 0.00054727 0.000353136 0.000333824 0.006578188 0.00031023 0.00041201 0.00657587 0.000218775 0.000506074 0.006574157 0.000400209 0.000117151 0.006580963 0.000380357 0.000267469 0.006578822 0.000105059 0.000566501 0.006574121 0 0.000580794 0.006576653 -0.000105307 0.000564706 0.006589079 0.000155716 0.00054522 0.006578055 0.000378704 -3.3167e-05 0.006595081 0.000105063 -0.000332165 0.006574405 0 -0.000347989 0.006563925 0.000353963 -9.3843e-05 0.006593024 0.00015652 -0.000310918 0.00657513 0.000219108 -0.000269888 0.006583794 0.00030835 -0.000177708 0.006587916 -0.000104651 -0.000335143 0.00654958 9.2053e-05 0.000580232 0.006250629 0.000177943 0.000552595 0.006250629 0.0002571 0.000507715 0.006250629 0.000326481 0.000447317 0.006250629 0.000383421 0.000373721 0.006250629 0.000425731 0.000289757 0.006250629 0.000451785 0.00019865 0.006250629 0.000460583 0.000103902 0.006250629 0.000451785 9.154e-06 0.006250629 0.000425731 -8.1952e-05 0.006250629 0.000383421 -0.000165917 0.006250629 0.000326481 -0.000239512 0.006250629 0.0002571 -0.000299911 0.006250629 0.000177943 -0.000344791 0.006250629 9.2053e-05 -0.000372427 0.006250629 9.0337e-05 0.000580232 0.00620623 0.000174577 0.000552595 0.006163537 0.000252212 0.000507715 0.006124191 0.00032026 0.000447317 0.006089704 0.000376106 0.000373721 0.006061401 0.000417603 0.000289757 0.00604037 0.000443157 0.00019865 0.00602742 0.000451785 0.000103902 0.006023046 0.000443157 9.154e-06 0.00602742 0.000417603 -8.1952e-05 0.00604037 0.000376106 -0.000165917 0.006061401 0.00032026 -0.000239512 0.006089704 0.000252212 -0.000299911 0.006124191 0.000174577 -0.000344791 0.006163537 9.0337e-05 -0.000372427 0.00620623 8.5254e-05 0.000580232 0.006163537 0.000164606 0.000552595 0.006079792 0.000237737 0.000507715 0.006002612 0.000301837 0.000447317 0.005934963 0.000354443 0.000373721 0.005879445 0.000393532 0.000289757 0.005838192 0.000417603 0.00019865 0.005812788 0.000425731 0.000103902 0.00580421 0.000417603 9.154e-06 0.005812788 0.000393532 -8.1952e-05 0.005838192 0.000354443 -0.000165917 0.005879445 0.000301837 -0.000239512 0.005934963 0.000237737 -0.000299911 0.006002612 0.000164606 -0.000344791 0.006079792 8.5254e-05 -0.000372427 0.006163537 7.7e-05 0.000580232 0.006124191 0.000148415 0.000552595 0.006002612 0.000214231 0.000507715 0.005890564 0.000271919 0.000447317 0.005792353 0.000319263 0.000373721 0.005711753 0.000354443 0.000289757 0.005651863 0.000376106 0.00019865 0.005614982 0.000383421 0.000103902 0.005602529 0.000376106 9.154e-06 0.005614982 0.000354443 -8.1952e-05 0.005651863 0.000319263 -0.000165917 0.005711753 0.000271919 -0.000239512 0.005792353 0.000214231 -0.000299911 0.005890564 0.000148415 -0.000344791 0.006002612 7.7e-05 -0.000372427 0.006124191 6.5892e-05 0.000580232 0.006089704 0.000126625 0.000552595 0.005934963 0.000182597 0.000507715 0.005792353 0.000231657 0.000447317 0.005667355 0.000271919 0.000373721 0.005564771 0.000301837 0.000289757 0.005488544 0.00032026 0.00019865 0.005441604 0.000326481 0.000103902 0.005425755 0.00032026 9.154e-06 0.005441604 0.000301837 -8.1952e-05 0.005488544 0.000271919 -0.000165917 0.005564771 0.000231657 -0.000239512 0.005667355 0.000182597 -0.000299911 0.005792353 0.000126625 -0.000344791 0.005934963 6.5891e-05 -0.000372427 0.006089704 5.2356e-05 0.000580232 0.006061401 0.000100074 0.000552595 0.005879445 0.000144051 0.000507715 0.005711753 0.000182597 0.000447317 0.005564771 0.000214231 0.000373721 0.005444145 0.000237737 0.000289757 0.005354512 0.000252212 0.00019865 0.005299316 0.0002571 0.000103902 0.005280679 0.000252212 9.154e-06 0.005299316 0.000237737 -8.1952e-05 0.005354512 0.000214231 -0.000165917 0.005444145 0.000182597 -0.000239512 0.005564771 0.000144051 -0.000299911 0.005711753 0.000100074 -0.000344791 0.005879445 5.2356e-05 -0.000372427 0.006061401 3.6913e-05 0.000580232 0.00604037 6.9782e-05 0.000552595 0.005838192 0.000100074 0.000507715 0.005651863 0.000126625 0.000447317 0.005488544 0.000148415 0.000373721 0.005354512 0.000164606 0.000289757 0.005254917 0.000174576 0.00019865 0.005193587 0.000177943 0.000103902 0.005172878 0.000174577 9.154e-06 0.005193587 0.000164606 -8.1952e-05 0.005254917 0.000148415 -0.000165917 0.005354512 0.000126625 -0.000239512 0.005488544 0.000100074 -0.000299911 0.005651863 6.9782e-05 -0.000344791 0.005838192 3.6913e-05 -0.000372427 0.00604037 2.0157e-05 0.000580232 0.006027419 3.6913e-05 0.000552595 0.005812788 5.2356e-05 0.000507715 0.005614982 6.5891e-05 0.000447317 0.005441604 7.7e-05 0.000373721 0.005299316 8.5254e-05 0.000289757 0.005193587 9.0337e-05 0.00019865 0.005128479 9.2053e-05 0.000103902 0.005106495 9.0337e-05 9.154e-06 0.005128479 8.5254e-05 -8.1952e-05 0.005193587 7.7e-05 -0.000165917 0.005299316 6.5891e-05 -0.000239512 0.005441604 5.2356e-05 -0.000299911 0.005614982 3.6913e-05 -0.000344791 0.005812788 2.0157e-05 -0.000372427 0.00602742 2.731e-06 0.000580232 0.006023046 2.731e-06 0.000552595 0.00580421 2.731e-06 0.000507715 0.005602529 2.731e-06 0.000447317 0.005425755 2.731e-06 0.000373721 0.005280679 2.731e-06 0.000289757 0.005172878 2.731e-06 0.00019865 0.005106495 2.731e-06 0.000103902 0.00508408 2.731e-06 9.154e-06 0.005106495 2.731e-06 -8.1952e-05 0.005172878 2.731e-06 -0.000165917 0.005280679 2.731e-06 -0.000239512 0.005425755 2.731e-06 -0.000299911 0.005602529 2.731e-06 -0.000344791 0.00580421 2.731e-06 -0.000372427 0.006023046 -1.4695e-05 0.000580232 0.006027419 -3.1451e-05 0.000552595 0.005812788 -4.6894e-05 0.000507715 0.005614982 -6.043e-05 0.000447317 0.005441604 -7.1538e-05 0.000373721 0.005299316 -7.9792e-05 0.000289757 0.005193587 -8.4875e-05 0.00019865 0.005128479 -8.6592e-05 0.000103902 0.005106495 -8.4875e-05 9.154e-06 0.005128479 -7.9792e-05 -8.1952e-05 0.005193587 -7.1538e-05 -0.000165917 0.005299316 -6.043e-05 -0.000239512 0.005441604 -4.6894e-05 -0.000299911 0.005614982 -3.1451e-05 -0.000344791 0.005812788 -1.4695e-05 -0.000372427 0.00602742 -3.1451e-05 0.000580232 0.00604037 -6.432e-05 0.000552595 0.005838192 -9.4612e-05 0.000507715 0.005651863 -0.000121163 0.000447317 0.005488544 -0.000142953 0.000373721 0.005354512 -0.000159144 0.000289757 0.005254917 -0.000169115 0.00019865 0.005193587 -0.000172481 0.000103902 0.005172878 -0.000169115 9.154e-06 0.005193587 -0.000159144 -8.1952e-05 0.005254917 -0.000142953 -0.000165917 0.005354512 -0.000121163 -0.000239512 0.005488544 -9.4612e-05 -0.000299911 0.005651863 -6.432e-05 -0.000344791 0.005838192 -3.1451e-05 -0.000372427 0.00604037 -4.6894e-05 0.000580232 0.006061401 -9.4612e-05 0.000552595 0.005879445 -0.000138589 0.000507715 0.005711754 -0.000177135 0.000447317 0.005564771 -0.000208769 0.000373721 0.005444145 -0.000232275 0.000289757 0.005354512 -0.00024675 0.00019865 0.005299316 -0.000251638 0.000103902 0.005280679 -0.00024675 9.154e-06 0.005299316 -0.000232275 -8.1952e-05 0.005354512 -0.000208769 -0.000165917 0.005444145 -0.000177135 -0.000239512 0.005564771 -0.000138589 -0.000299911 0.005711754 -9.4612e-05 -0.000344791 0.005879445 -4.6894e-05 -0.000372427 0.006061401 -6.043e-05 0.000580232 0.006089704 -0.000121163 0.000552595 0.005934963 -0.000177135 0.000507715 0.005792353 -0.000226195 0.000447317 0.005667355 -0.000266457 0.000373721 0.005564771 -0.000296375 0.000289757 0.005488544 -0.000314798 0.00019865 0.005441605 -0.000321019 0.000103902 0.005425755 -0.000314798 9.154e-06 0.005441604 -0.000296375 -8.1952e-05 0.005488544 -0.000266457 -0.000165917 0.005564771 -0.000226195 -0.000239512 0.005667355 -0.000177135 -0.000299911 0.005792353 -0.000121163 -0.000344791 0.005934963 -6.043e-05 -0.000372427 0.006089704 -7.1538e-05 0.000580232 0.006124191 -0.000142953 0.000552595 0.006002612 -0.000208769 0.000507715 0.005890564 -0.000266457 0.000447317 0.005792353 -0.000313801 0.000373721 0.005711754 -0.000348981 0.000289757 0.005651863 -0.000370644 0.00019865 0.005614983 -0.000377959 0.000103902 0.00560253 -0.000370644 9.154e-06 0.005614983 -0.000348981 -8.1952e-05 0.005651863 -0.000313801 -0.000165917 0.005711754 -0.000266457 -0.000239512 0.005792353 -0.000208769 -0.000299911 0.005890564 -0.000142953 -0.000344791 0.006002612 -7.1538e-05 -0.000372427 0.006124191 -7.9792e-05 0.000580232 0.006163537 -0.000159144 0.000552595 0.006079792 -0.000232275 0.000507715 0.006002612 -0.000296375 0.000447317 0.005934963 -0.000348981 0.000373721 0.005879446 -0.00038807 0.000289757 0.005838192 -0.000412141 0.00019865 0.005812788 -0.000420269 0.000103902 0.00580421 -0.000412141 9.154e-06 0.005812788 -0.00038807 -8.1952e-05 0.005838192 -0.000348981 -0.000165917 0.005879446 -0.000296375 -0.000239512 0.005934963 -0.000232275 -0.000299911 0.006002612 -0.000159144 -0.000344791 0.006079792 -7.9792e-05 -0.000372427 0.006163537 -8.4875e-05 0.000580232 0.00620623 -0.000169115 0.000552595 0.006163537 -0.00024675 0.000507715 0.006124191 -0.000314798 0.000447317 0.006089704 -0.000370644 0.000373721 0.006061401 -0.000412141 0.000289757 0.00604037 -0.000437695 0.00019865 0.00602742 -0.000446323 0.000103902 0.006023047 -0.000437695 9.154e-06 0.00602742 -0.000412141 -8.1952e-05 0.00604037 -0.000370644 -0.000165917 0.006061401 -0.000314798 -0.000239512 0.006089704 -0.00024675 -0.000299911 0.006124191 -0.000169115 -0.000344791 0.006163537 -8.4875e-05 -0.000372427 0.00620623 -8.6592e-05 0.000580232 0.006250629 -0.000172481 0.000552595 0.006250629 -0.000251638 0.000507715 0.006250629 -0.000321019 0.000447317 0.006250629 -0.000377959 0.000373721 0.006250629 -0.000420269 0.000289757 0.006250629 -0.000446323 0.00019865 0.006250629 -0.000455121 0.000103902 0.006250629 -0.000446323 9.154e-06 0.006250629 -0.000420269 -8.1952e-05 0.006250629 -0.000377959 -0.000165917 0.006250629 -0.000321019 -0.000239512 0.006250629 -0.000251638 -0.000299911 0.006250629 -0.000172481 -0.000344791 0.006250629 -8.6592e-05 -0.000372427 0.006250629 -8.4875e-05 0.000580232 0.006295028 -0.000169115 0.000552595 0.006337721 -0.00024675 0.000507715 0.006377067 -0.000314798 0.000447317 0.006411554 -0.000370644 0.000373721 0.006439857 -0.000412141 0.000289757 0.006460887 -0.000437695 0.00019865 0.006473838 -0.000446323 0.000103902 0.006478211 -0.000437695 9.154e-06 0.006473838 -0.000412141 -8.1952e-05 0.006460888 -0.000370644 -0.000165917 0.006439857 -0.000314798 -0.000239512 0.006411554 -0.00024675 -0.000299911 0.006377067 -0.000169115 -0.000344791 0.006337721 -8.4875e-05 -0.000372427 0.006295028 -7.9792e-05 0.000580232 0.006337721 -0.000159144 0.000552595 0.006421466 -0.000232275 0.000507715 0.006498646 -0.000296375 0.000447317 0.006566295 -0.000348981 0.000373721 0.006621813 -0.00038807 0.000289757 0.006663066 -0.000412141 0.00019865 0.00668847 -0.000420269 0.000103902 0.006697048 -0.000412141 9.154e-06 0.00668847 -0.00038807 -8.1952e-05 0.006663066 -0.000348981 -0.000165917 0.006621813 -0.000296375 -0.000239512 0.006566295 -0.000232275 -0.000299911 0.006498646 -0.000159144 -0.000344791 0.006421466 -7.9792e-05 -0.000372427 0.006337721 -7.1538e-05 0.000580232 0.006377067 -0.000142953 0.000552595 0.006498646 -0.000208769 0.000507715 0.006610694 -0.000266457 0.000447317 0.006708905 -0.000313801 0.000373721 0.006789504 -0.00034898 0.000289757 0.006849395 -0.000370644 0.00019865 0.006886276 -0.000377959 0.000103902 0.006898728 -0.000370644 9.154e-06 0.006886276 -0.000348981 -8.1952e-05 0.006849395 -0.000313801 -0.000165917 0.006789504 -0.000266457 -0.000239512 0.006708905 -0.000208769 -0.000299911 0.006610694 -0.000142953 -0.000344791 0.006498646 -7.1538e-05 -0.000372427 0.006377067 -6.043e-05 0.000580232 0.006411554 -0.000121163 0.000552595 0.006566295 -0.000177135 0.000507715 0.006708905 -0.000226195 0.000447317 0.006833903 -0.000266457 0.000373721 0.006936487 -0.000296375 0.000289757 0.007012713 -0.000314798 0.00019865 0.007059653 -0.000321019 0.000103902 0.007075503 -0.000314798 9.154e-06 0.007059654 -0.000296375 -8.1952e-05 0.007012713 -0.000266457 -0.000165917 0.006936487 -0.000226195 -0.000239512 0.006833903 -0.000177135 -0.000299911 0.006708905 -0.000121163 -0.000344791 0.006566295 -6.043e-05 -0.000372427 0.006411554 -4.6894e-05 0.000580232 0.006439857 -9.4612e-05 0.000552595 0.006621813 -0.000138589 0.000507715 0.006789504 -0.000177135 0.000447317 0.006936487 -0.000208769 0.000373721 0.007057113 -0.000232275 0.000289757 0.007146746 -0.00024675 0.00019865 0.007201941 -0.000251638 0.000103902 0.007220578 -0.00024675 9.154e-06 0.007201941 -0.000232275 -8.1952e-05 0.007146746 -0.000208769 -0.000165917 0.007057113 -0.000177135 -0.000239512 0.006936487 -0.000138589 -0.000299911 0.006789504 -9.4612e-05 -0.000344791 0.006621813 -4.6894e-05 -0.000372427 0.006439857 2.731e-06 -0.000381759 0.006250629 -3.1451e-05 0.000580232 0.006460888 -6.432e-05 0.000552595 0.006663066 -9.4612e-05 0.000507715 0.006849395 -0.000121163 0.000447317 0.007012713 -0.000142953 0.000373721 0.007146746 -0.000159144 0.000289757 0.00724634 -0.000169115 0.00019865 0.007307671 -0.000172481 0.000103902 0.007328379 -0.000169115 9.154e-06 0.007307671 -0.000159144 -8.1952e-05 0.00724634 -0.000142953 -0.000165917 0.007146746 -0.000121163 -0.000239512 0.007012713 -9.4612e-05 -0.000299911 0.006849395 -6.432e-05 -0.000344791 0.006663066 -3.1451e-05 -0.000372427 0.006460887 -1.4695e-05 0.000580232 0.006473839 -3.1451e-05 0.000552595 0.00668847 -4.6894e-05 0.000507715 0.006886276 -6.043e-05 0.000447317 0.007059653 -7.1538e-05 0.000373721 0.007201941 -7.9792e-05 0.000289757 0.007307671 -8.4875e-05 0.00019865 0.007372778 -8.6591e-05 0.000103902 0.007394762 -8.4875e-05 9.154e-06 0.007372778 -7.9792e-05 -8.1952e-05 0.007307671 -7.1538e-05 -0.000165917 0.007201941 -6.043e-05 -0.000239512 0.007059653 -4.6894e-05 -0.000299911 0.006886275 -3.1451e-05 -0.000344791 0.00668847 -1.4695e-05 -0.000372427 0.006473838 2.731e-06 0.000580232 0.006478211 2.731e-06 0.000552595 0.006697048 2.731e-06 0.000507715 0.006898728 2.731e-06 0.000447317 0.007075503 2.731e-06 0.000373721 0.007220578 2.731e-06 0.000289757 0.007328379 2.731e-06 0.00019865 0.007394762 2.731e-06 0.000103902 0.007417177 2.731e-06 9.154e-06 0.007394762 2.731e-06 -8.1952e-05 0.007328379 2.731e-06 -0.000165917 0.007220578 2.731e-06 -0.000239512 0.007075503 2.731e-06 -0.000299911 0.006898728 2.731e-06 -0.000344791 0.006697048 2.731e-06 -0.000372427 0.006478211 2.0157e-05 0.000580232 0.006473839 3.6913e-05 0.000552595 0.00668847 5.2356e-05 0.000507715 0.006886275 6.5891e-05 0.000447317 0.007059653 7.7e-05 0.000373721 0.007201941 8.5254e-05 0.000289757 0.00730767 9.0337e-05 0.00019865 0.007372778 9.2053e-05 0.000103902 0.007394762 9.0337e-05 9.154e-06 0.007372778 8.5254e-05 -8.1952e-05 0.007307671 7.7e-05 -0.000165917 0.007201941 6.5891e-05 -0.000239512 0.007059653 5.2356e-05 -0.000299911 0.006886275 3.6913e-05 -0.000344791 0.00668847 2.0157e-05 -0.000372427 0.006473838 3.6913e-05 0.000580232 0.006460888 6.9782e-05 0.000552595 0.006663066 0.000100074 0.000507715 0.006849395 0.000126625 0.000447317 0.007012713 0.000148415 0.000373721 0.007146745 0.000164606 0.000289757 0.00724634 0.000174577 0.00019865 0.00730767 0.000177943 0.000103902 0.007328379 0.000174577 9.154e-06 0.00730767 0.000164606 -8.1952e-05 0.00724634 0.000148415 -0.000165917 0.007146745 0.000126625 -0.000239512 0.007012713 0.000100074 -0.000299911 0.006849395 6.9782e-05 -0.000344791 0.006663066 3.6913e-05 -0.000372427 0.006460887 5.2356e-05 0.000580232 0.006439857 0.000100074 0.000552595 0.006621813 0.000144051 0.000507715 0.006789504 0.000182597 0.000447317 0.006936487 0.000214231 0.000373721 0.007057112 0.000237737 0.000289757 0.007146745 0.000252212 0.00019865 0.007201941 0.0002571 0.000103902 0.007220578 0.000252212 9.154e-06 0.007201941 0.000237737 -8.1952e-05 0.007146745 0.000214231 -0.000165917 0.007057112 0.000182597 -0.000239512 0.006936487 0.000144051 -0.000299911 0.006789504 0.000100074 -0.000344791 0.006621812 5.2356e-05 -0.000372427 0.006439857 6.5891e-05 0.000580232 0.006411554 0.000126625 0.000552595 0.006566295 0.000182597 0.000507715 0.006708904 0.000231657 0.000447317 0.006833903 0.000271919 0.000373721 0.006936487 0.000301837 0.000289757 0.007012713 0.00032026 0.00019865 0.007059653 0.000326481 0.000103902 0.007075503 0.00032026 9.154e-06 0.007059653 0.000301837 -8.1952e-05 0.007012713 0.000271919 -0.000165917 0.006936487 0.000231657 -0.000239512 0.006833903 0.000182597 -0.000299911 0.006708904 0.000126625 -0.000344791 0.006566295 6.5891e-05 -0.000372427 0.006411554 7.7e-05 0.000580232 0.006377067 0.000148415 0.000552595 0.006498646 0.000214231 0.000507715 0.006610693 0.000271919 0.000447317 0.006708904 0.000319263 0.000373721 0.006789504 0.000354442 0.000289757 0.006849394 0.000376106 0.00019865 0.006886275 0.000383421 0.000103902 0.006898728 0.000376106 9.154e-06 0.006886275 0.000354442 -8.1952e-05 0.006849395 0.000319263 -0.000165917 0.006789504 0.000271919 -0.000239512 0.006708904 0.000214231 -0.000299911 0.006610693 0.000148414 -0.000344791 0.006498646 7.7e-05 -0.000372427 0.006377067 2.731e-06 0.000589564 0.006250629 8.5254e-05 0.000580232 0.006337721 0.000164606 0.000552595 0.006421466 0.000237737 0.000507715 0.006498646 0.000301837 0.000447317 0.006566294 0.000354442 0.000373721 0.006621812 0.000393532 0.000289757 0.006663066 0.000417603 0.00019865 0.006688469 0.00042573 0.000103902 0.006697047 0.000417603 9.154e-06 0.006688469 0.000393532 -8.1952e-05 0.006663066 0.000354442 -0.000165917 0.006621812 0.000301837 -0.000239512 0.006566294 0.000237737 -0.000299911 0.006498646 0.000164606 -0.000344791 0.006421466 8.5254e-05 -0.000372427 0.006337721 9.0337e-05 0.000580232 0.006295028 0.000174576 0.000552595 0.006337721 0.000252212 0.000507715 0.006377067 0.00032026 0.000447317 0.006411553 0.000376106 0.000373721 0.006439857 0.000417603 0.000289757 0.006460887 0.000443156 0.00019865 0.006473838 0.000451785 0.000103902 0.006478211 0.000443156 9.154e-06 0.006473838 0.000417603 -8.1952e-05 0.006460887 0.000376106 -0.000165917 0.006439857 0.00032026 -0.000239512 0.006411553 0.000252212 -0.000299911 0.006377067 0.000174576 -0.000344791 0.006337721 9.0337e-05 -0.000372427 0.006295028 0.000135356 0.00087285 0.000243533 0.000260258 0.000829004 0.000243533 0.000375369 0.000757802 0.000243533 0.000375369 -0.0005235 0.000243533 0.000260258 -0.000594702 0.000243533 0.000135356 -0.000638548 0.000243533 0.00013286 0.00087285 -6.0205e-05 0.000255363 0.000829004 -0.00035227 0.000255362 -0.000594702 -0.00035227 0.00013286 -0.000638548 -6.0205e-05 0.000125468 0.00087285 -0.000352271 0.000240863 0.000829004 -0.000925178 0.000240863 -0.000594702 -0.000925177 0.000125468 -0.000638548 -0.00035227 0.000113465 0.00087285 -0.00062144 0.000217317 0.000829004 -0.001453172 0.000313028 -0.0005235 -0.002219699 0.000217317 -0.000594702 -0.001453171 0.000113465 -0.000638548 -0.000621439 9.7311e-05 0.00087285 -0.000857369 0.00018563 0.000829004 -0.001915963 0.000267026 0.000757802 -0.002891568 0.000267026 -0.0005235 -0.002891568 0.00018563 -0.000594702 -0.001915962 9.7311e-05 -0.000638548 -0.000857368 7.7627e-05 0.00087285 -0.001050991 0.000147019 0.000829004 -0.002295765 0.000210971 0.000757802 -0.003442955 0.000210971 -0.0005235 -0.003442955 0.000147019 -0.000594702 -0.002295763 7.7627e-05 -0.000638548 -0.00105099 5.517e-05 0.00087285 -0.001194865 0.000102968 0.000829004 -0.002577983 0.000147019 0.000757802 -0.003852673 0.00018563 0.00066198 -0.004969948 0.00018563 -0.000427678 -0.004969948 0.000147019 -0.0005235 -0.003852673 0.000102968 -0.000594702 -0.002577982 5.517e-05 -0.000638548 -0.001194863 3.0803e-05 0.00087285 -0.001283462 5.517e-05 0.000829004 -0.002751773 7.7627e-05 0.000757802 -0.004085443 9.7311e-05 0.00066198 -0.005271536 0.000113465 0.00054522 -0.006264471 0.000125468 0.00041201 -0.006987772 0.00013286 -3.3167e-05 -0.007433179 0.000125468 -0.000177708 -0.006987772 0.000113465 -0.000310918 -0.006264471 9.7311e-05 -0.000427678 -0.00529107 7.7627e-05 -0.0005235 -0.004104976 5.517e-05 -0.000594702 -0.002751771 3.0803e-05 -0.000638548 -0.00128346 5.462e-06 0.00087285 -0.001313377 5.462e-06 0.000829004 -0.002810455 5.462e-06 0.000757802 -0.003927926 5.462e-06 0.002390618 -0.006016826 5.462e-06 0.002273858 -0.007271542 5.462e-06 0.00041201 -0.007129442 5.462e-06 0.000267469 -0.007583575 5.462e-06 0.000117151 -0.007736917 5.462e-06 -3.3167e-05 -0.007583575 5.462e-06 -0.000177708 -0.007129442 5.462e-06 -0.000310918 -0.006391969 5.462e-06 -0.000427678 -0.005399498 5.462e-06 -0.0005235 -0.004190169 5.462e-06 -0.000594702 -0.002810453 5.462e-06 -0.000638548 -0.001313376 -1.9879e-05 0.00087285 -0.001283462 -4.4246e-05 0.000829004 -0.002751772 -6.6703e-05 0.000757802 -0.004104976 -8.6387e-05 0.002390618 -0.006170641 -0.000102541 0.002273858 -0.007144042 -0.000114545 0.00041201 -0.006987772 -0.000121936 0.000267469 -0.007433178 -0.000124432 0.000117151 -0.007583575 -0.000121936 -3.3167e-05 -0.007433179 -0.000114545 -0.000177708 -0.006987772 -0.000102541 -0.000310918 -0.006264469 -8.6387e-05 -0.000427678 -0.005291069 -6.6703e-05 -0.0005235 -0.004104976 -4.4246e-05 -0.000594702 -0.002751771 -1.9879e-05 -0.000638548 -0.00128346 -4.4246e-05 0.00087285 -0.001194865 -9.2045e-05 0.000829004 -0.002577983 -0.000136095 0.000757802 -0.003852673 -0.000174706 0.00066198 -0.004969947 -0.000206394 0.00054522 -0.005886872 -0.000229939 0.00041201 -0.006568207 -0.000244439 0.000267469 -0.006987772 -0.000249334 0.000117151 -0.00712944 -0.000244439 -3.3167e-05 -0.006987772 -0.000229939 -0.000177708 -0.006568207 -0.000206394 -0.000310918 -0.005886872 -0.000174706 -0.000427678 -0.004969947 -0.000136095 -0.0005235 -0.003852673 -9.2044e-05 -0.000594702 -0.002577982 -4.4246e-05 -0.000638548 -0.001194863 -6.6703e-05 0.00087285 -0.001050991 -0.000136095 0.000829004 -0.002295763 -0.000200047 0.000757802 -0.003442955 -0.000256102 0.00066198 -0.004448475 -0.000302105 0.00054522 -0.005273684 -0.000336288 0.00041201 -0.005886871 -0.002016103 0.00021863 -0.007478602 -0.002023211 0.00016599 -0.007606102 -0.000357337 -3.3167e-05 -0.006264469 -0.000336288 -0.000177708 -0.005886871 -0.000302105 -0.000310918 -0.005273684 -0.000256102 -0.000427678 -0.004448475 -0.000200047 -0.0005235 -0.003442955 -0.000136095 -0.000594702 -0.002295763 -6.6703e-05 -0.000638548 -0.00105099 -8.6387e-05 0.00087285 -0.000857368 -0.000174706 0.000829004 -0.001915962 -0.000256102 0.000757802 -0.002891567 -0.000327446 0.00066198 -0.003746691 -0.000385996 0.00054522 -0.004448474 -0.000429503 0.00041201 -0.004969946 -0.002115059 0.00021863 -0.006253542 -0.002124106 0.00016599 -0.00661363 -0.000456294 -3.3167e-05 -0.005291068 -0.000429503 -0.000177708 -0.004969946 -0.000385996 -0.000310918 -0.004448474 -0.000327446 -0.000427678 -0.003746691 -0.000256102 -0.0005235 -0.002891566 -0.000174706 -0.000594702 -0.001915961 -8.6387e-05 -0.000638548 -0.000857368 -0.000102541 0.00087285 -0.00062144 -0.000206394 0.000829004 -0.001453171 -0.000302105 0.000757802 -0.002219699 -0.000385996 0.00066198 -0.002891566 -0.000454844 0.00054522 -0.003442954 -0.000506002 0.00041201 -0.003852671 -0.000537506 0.000267469 -0.003853316 -0.000548143 0.000117151 -0.004190166 -0.000537506 -3.3167e-05 -0.004104974 -0.000506002 -0.000177708 -0.003852672 -0.000454844 -0.000310918 -0.003442954 -0.000385996 -0.000427678 -0.002891566 -0.000302105 -0.0005235 -0.002219698 -0.000206394 -0.000594702 -0.00145317 -0.000102541 -0.000638548 -0.000621439 -0.000114545 0.00087285 -0.000352271 -0.000229939 0.000829004 -0.000925177 -0.000336288 0.000757802 -0.00145317 -0.000429503 0.00066198 -0.00191596 -0.000506002 0.00054522 -0.002295763 -0.000562846 0.00041201 -0.002577981 -0.000597851 0.000267469 -0.00275177 -0.000609671 0.000117151 -0.002810452 -0.000597851 -3.3167e-05 -0.00275177 -0.000562847 -0.000177708 -0.002577981 -0.000506002 -0.000310918 -0.002295763 -0.000429503 -0.000427678 -0.00191596 -0.000336288 -0.0005235 -0.00145317 -0.000229939 -0.000594702 -0.000925177 -0.000114545 -0.000638548 -0.00035227 -0.000121936 0.00087285 -6.0205e-05 -0.000244439 0.000829004 -0.00035227 -0.000357337 0.000757802 -0.000621439 -0.000456294 0.00066198 -0.000857367 -0.000537505 0.00054522 -0.001050988 -0.000597851 0.00041201 -0.001194862 -0.000635012 0.000267469 -0.001283458 -0.000647559 0.000117151 -0.001313374 -0.000635012 -3.3167e-05 -0.001283459 -0.000597851 -0.000177708 -0.001194862 -0.000537505 -0.000310918 -0.001050988 -0.000456294 -0.000427678 -0.000857367 -0.000357337 -0.0005235 -0.000621438 -0.000244439 -0.000594702 -0.00035227 -0.000121936 -0.000638548 -6.0205e-05 -0.000124432 0.00087285 0.000243533 -0.000249334 0.000829004 0.000243534 -0.000364445 0.000757802 0.000243534 -0.00046534 0.00066198 0.000243534 -0.000548143 0.00054522 0.000243534 -0.000609671 0.00041201 0.000243534 -0.005861795 0.000206558 -0.003952583 -0.005874589 0.000178062 -0.003952583 -0.000647559 -3.3167e-05 0.000243534 -0.000609671 -0.000177708 0.000243534 -0.000548143 -0.000310918 0.000243534 -0.00046534 -0.000427678 0.000243534 -0.000364445 -0.0005235 0.000243534 -0.000249334 -0.000594702 0.000243534 -0.000124432 -0.000638548 0.000243533 -0.000121936 0.00087285 0.000547272 -0.000244439 0.000829004 0.000839337 -0.000357337 0.000757802 0.001108506 -0.000456294 0.00066198 0.001344435 -0.000537505 0.00054522 0.001538056 -0.000597851 0.00041201 0.00168193 -0.005849248 0.000206558 -0.002207392 -0.005861795 0.000178062 -0.002395675 -0.000635012 -3.3167e-05 0.001770527 -0.000597851 -0.000177708 0.00168193 -0.000537505 -0.000310918 0.001538056 -0.000456294 -0.000427678 0.001344435 -0.000357337 -0.0005235 0.001108506 -0.000244439 -0.000594702 0.000839336 -0.000121936 -0.000638548 0.000547271 -0.000114545 0.00087285 0.000839337 -0.000229939 0.000829004 0.001412244 -0.000336288 0.000757802 0.001940238 -0.000429503 0.00066198 0.002403028 -0.000506002 0.00054522 0.00278283 -0.000562846 0.00041201 0.003065048 -0.000597851 0.000267469 0.003457036 -0.000609671 0.000117151 0.003297519 -0.000597851 -3.3167e-05 0.003238838 -0.000562846 -0.000177708 0.003065048 -0.000506002 -0.000310918 0.00278283 -0.000429503 -0.000427678 0.002403028 -0.000336287 -0.0005235 0.001940238 -0.000229939 -0.000594702 0.001412243 -0.000114545 -0.000638548 0.000839336 -0.000102541 0.00087285 0.001108506 -0.000206394 0.000829004 0.001940238 -0.000302104 0.000757802 0.002706766 -0.000385996 0.00066198 0.003378633 -0.000454843 0.00054522 0.003930021 -0.000506002 0.00041201 0.004339737 -0.000537505 0.000267469 0.004592041 -0.000548143 0.000117151 0.004677233 -0.000537505 -3.3167e-05 0.004592041 -0.000506002 -0.000177708 0.004339738 -0.000454843 -0.000310918 0.003930021 -0.000385996 -0.000427678 0.003378633 -0.000302104 -0.0005235 0.002706766 -0.000206393 -0.000594702 0.001940237 -0.000102541 -0.000638548 0.001108506 -8.6387e-05 0.00087285 0.001344435 -0.000174706 0.000829004 0.002403028 -0.000256102 0.000757802 0.003378633 -0.000327445 0.00066198 0.004233758 -0.000385996 0.00054522 0.004935541 -0.000429502 0.00041201 0.005457012 -0.000456294 0.000267469 0.005778133 -0.00046534 0.000117151 0.005886562 -0.000456294 -3.3167e-05 0.005778133 -0.000429502 -0.000177708 0.005457013 -0.000385996 -0.000310918 0.004935541 -0.000327445 -0.000427678 0.004233758 -0.000256102 -0.0005235 0.003378633 -0.000174706 -0.000594702 0.002403027 -8.6387e-05 -0.000638548 0.001344434 -6.6703e-05 0.00087285 0.001538057 -0.000136095 0.000829004 0.00278283 -0.000200047 0.000757802 0.003930021 -0.000256102 0.00066198 0.004935541 -0.000302104 0.00054522 0.00576075 -0.000336287 0.00041201 0.006373936 -0.000336287 -0.000177708 0.006373936 -0.000302104 -0.000310918 0.00576075 -0.000256102 -0.000427678 0.004935541 -0.000200047 -0.0005235 0.00393002 -0.000136095 -0.000594702 0.002782829 -6.6703e-05 -0.000638548 0.001538055 5.462e-06 -0.000653354 0.000243533 -4.4246e-05 0.00087285 0.001681931 -9.2044e-05 0.000829004 0.003065049 -0.000136095 0.000757802 0.004339738 -0.000174706 0.00066198 0.005457013 -0.000206393 0.00054522 0.006373936 -0.000206393 -0.000310918 0.006373936 -0.000174706 -0.000427678 0.005457013 -0.000136095 -0.0005235 0.004339737 -9.2044e-05 -0.000594702 0.003065048 -4.4246e-05 -0.000638548 0.001681929 -1.9879e-05 0.00087285 0.001770528 -4.4246e-05 0.000829004 0.003238838 -6.6703e-05 0.000757802 0.004592041 -8.6387e-05 0.00066198 0.005778133 -8.6387e-05 -0.000427678 0.005778133 -6.6703e-05 -0.0005235 0.00459204 -4.4246e-05 -0.000594702 0.003238837 -1.9879e-05 -0.000638548 0.001770526 5.462e-06 0.00087285 0.001800443 5.462e-06 0.000829004 0.003297519 5.462e-06 0.000757802 0.004677233 5.462e-06 0.00066198 0.005886562 5.462e-06 -0.000427678 0.005886562 5.462e-06 -0.0005235 0.004677232 5.462e-06 -0.000594702 0.003297518 5.462e-06 -0.000638548 0.001800441 3.0803e-05 0.00087285 0.001770527 5.517e-05 0.000829004 0.003238838 7.7627e-05 0.000757802 0.00459204 9.7311e-05 0.00066198 0.005778132 9.7311e-05 -0.000427678 0.005778132 7.7627e-05 -0.0005235 0.00459204 5.517e-05 -0.000594702 0.003238836 3.0803e-05 -0.000638548 0.001770526 5.517e-05 0.00087285 0.00168193 0.000102968 0.000829004 0.003065048 0.000147019 0.000757802 0.004339736 0.00018563 0.00066198 0.005457011 0.00018563 -0.000427678 0.005457011 0.000147019 -0.0005235 0.004339736 0.000102968 -0.000594702 0.003065047 5.517e-05 -0.000638548 0.001681929 7.7627e-05 0.00087285 0.001538056 0.000147019 0.000829004 0.002782829 0.000210971 0.000757802 0.003930018 0.000210971 -0.0005235 0.003930018 0.000147019 -0.000594702 0.002782828 7.7627e-05 -0.000638548 0.001538055 9.7311e-05 0.00087285 0.001344434 0.00018563 0.000829004 0.002403026 0.000267026 0.000757802 0.003378631 0.000267026 -0.0005235 0.00337863 0.00018563 -0.000594702 0.002403026 9.7311e-05 -0.000638548 0.001344433 0.000113465 0.00087285 0.001108506 0.000217317 0.000829004 0.001940236 0.000217317 -0.000594702 0.001940235 0.000113465 -0.000638548 0.001108505 5.462e-06 0.000887655 0.000243534 0.000125468 0.00087285 0.000839336 0.000240863 0.000829004 0.001412242 0.000240863 -0.000594702 0.001412242 0.000125468 -0.000638548 0.000839336 0.00013286 0.00087285 0.000547271 0.000255362 0.000829004 0.000839335 0.000368261 0.000757802 0.001108503 0.000368261 -0.0005235 0.001108504 0.000255362 -0.000594702 0.000839335 0.00013286 -0.000638548 0.00054727 -0.000347674 0.000333824 0.006578188 -0.000304768 0.00041201 0.00657587 -0.000213313 0.000506074 0.006574157 -0.000394747 0.000117151 0.006580963 -0.000374895 0.000267469 0.006578822 -9.9597e-05 0.000566501 0.006574121 5.462e-06 0.000580794 0.006576653 0.000110769 0.000564706 0.006589079 -0.000150254 0.00054522 0.006578055 -0.000373242 -3.3167e-05 0.006595081 -9.9601e-05 -0.000332165 0.006574405 5.462e-06 -0.000347989 0.006563925 -0.000348501 -9.3843e-05 0.006593024 -0.000151058 -0.000310918 0.00657513 -0.000213646 -0.000269888 0.006583794 -0.000302888 -0.000177708 0.006587916 0.000110113 -0.000335143 0.00654958 -0.002746699 -0.000416252 0.001259268 -0.002767498 -0.000422561 0.001259268 -0.002786667 -0.000432807 0.001259268 -0.002803468 -0.000446595 0.001259268 -0.002817257 -0.000463397 0.001259268 -0.002827502 -0.000482565 0.001259268 -0.002833812 -0.000503364 0.001259268 -0.002835942 -0.000524995 0.001259268 -0.002833812 -0.000546625 0.001259268 -0.002827502 -0.000567424 0.001259268 -0.002817257 -0.000586592 0.001259268 -0.002803468 -0.000603394 0.001259268 -0.002786667 -0.000617182 0.001259268 -0.002767498 -0.000627428 0.001259268 -0.002746699 -0.000633737 0.001259268 -0.002746284 -0.000416252 0.001250992 -0.002766683 -0.000422561 0.001243034 -0.002785483 -0.000432807 0.001235699 -0.002801962 -0.000446595 0.001229271 -0.002815485 -0.000463397 0.001223995 -0.002825534 -0.000482565 0.001220075 -0.002831722 -0.000503364 0.001217661 -0.002833812 -0.000524995 0.001216846 -0.002831722 -0.000546625 0.001217661 -0.002825534 -0.000567424 0.001220075 -0.002815485 -0.000586592 0.001223995 -0.002801962 -0.000603394 0.001229271 -0.002785483 -0.000617182 0.0012357 -0.002766683 -0.000627428 0.001243034 -0.002746284 -0.000633737 0.001250992 -0.002745053 -0.000416252 0.001243034 -0.002764269 -0.000422561 0.001227423 -0.002781978 -0.000432807 0.001213037 -0.0027975 -0.000446595 0.001200427 -0.002810239 -0.000463397 0.001190078 -0.002819705 -0.000482565 0.001182388 -0.002825534 -0.000503364 0.001177653 -0.002827502 -0.000524995 0.001176054 -0.002825534 -0.000546625 0.001177653 -0.002819705 -0.000567424 0.001182388 -0.002810239 -0.000586592 0.001190078 -0.0027975 -0.000603394 0.001200427 -0.002781978 -0.000617182 0.001213037 -0.002764269 -0.000627428 0.001227423 -0.002745053 -0.000633737 0.001243034 -0.002743054 -0.000416252 0.001235699 -0.002760348 -0.000422561 0.001213037 -0.002776286 -0.000432807 0.001192151 -0.002790256 -0.000446595 0.001173844 -0.00280172 -0.000463397 0.00115882 -0.002810239 -0.000482565 0.001147656 -0.002815485 -0.000503364 0.001140781 -0.002817257 -0.000524995 0.00113846 -0.002815485 -0.000546625 0.001140781 -0.002810239 -0.000567424 0.001147656 -0.00280172 -0.000586592 0.00115882 -0.002790256 -0.000603394 0.001173844 -0.002776286 -0.000617182 0.001192151 -0.002760348 -0.000627428 0.001213037 -0.002743054 -0.000633737 0.0012357 -0.002740364 -0.000416252 0.001229271 -0.002755071 -0.000422561 0.001200427 -0.002768625 -0.000432807 0.001173844 -0.002780506 -0.000446595 0.001150544 -0.002790256 -0.000463397 0.001131422 -0.0027975 -0.000482565 0.001117213 -0.002801962 -0.000503364 0.001108463 -0.002803468 -0.000524995 0.001105509 -0.002801962 -0.000546625 0.001108463 -0.0027975 -0.000567424 0.001117213 -0.002790256 -0.000586592 0.001131422 -0.002780506 -0.000603394 0.001150544 -0.002768625 -0.000617182 0.001173844 -0.002755071 -0.000627428 0.001200427 -0.002740364 -0.000633737 0.001229271 -0.002737086 -0.000416252 0.001223995 -0.002748641 -0.000422561 0.001190078 -0.002759291 -0.000432807 0.00115882 -0.002768625 -0.000446595 0.001131422 -0.002776286 -0.000463397 0.001108937 -0.002781978 -0.000482565 0.001092229 -0.002785483 -0.000503364 0.00108194 -0.002786667 -0.000524995 0.001078466 -0.002785483 -0.000546625 0.00108194 -0.002781978 -0.000567424 0.001092229 -0.002776286 -0.000586592 0.001108937 -0.002768625 -0.000603394 0.001131422 -0.002759291 -0.000617182 0.00115882 -0.002748641 -0.000627428 0.001190078 -0.002737086 -0.000633737 0.001223995 -0.002733346 -0.000416252 0.001220075 -0.002741306 -0.000422561 0.001182388 -0.002748641 -0.000432807 0.001147656 -0.002755071 -0.000446595 0.001117213 -0.002760348 -0.000463397 0.001092229 -0.002764269 -0.000482565 0.001073664 -0.002766683 -0.000503364 0.001062232 -0.002767498 -0.000524995 0.001058372 -0.002766683 -0.000546625 0.001062232 -0.002764269 -0.000567424 0.001073664 -0.002760348 -0.000586592 0.001092229 -0.002755071 -0.000603394 0.001117213 -0.002748641 -0.000617182 0.001147656 -0.002741306 -0.000627428 0.001182388 -0.002733346 -0.000633737 0.001220075 -0.002729289 -0.000416252 0.001217661 -0.002733346 -0.000422561 0.001177653 -0.002737086 -0.000432807 0.001140781 -0.002740364 -0.000446595 0.001108463 -0.002743054 -0.000463397 0.00108194 -0.002745053 -0.000482565 0.001062232 -0.002746284 -0.000503364 0.001050096 -0.002746699 -0.000524995 0.001045998 -0.002746284 -0.000546625 0.001050096 -0.002745053 -0.000567424 0.001062232 -0.002743054 -0.000586592 0.00108194 -0.002740364 -0.000603394 0.001108463 -0.002737086 -0.000617182 0.001140781 -0.002733346 -0.000627428 0.001177653 -0.002729289 -0.000633737 0.001217661 -0.002725069 -0.000416252 0.001216846 -0.002725069 -0.000422561 0.001176054 -0.002725069 -0.000432807 0.00113846 -0.002725069 -0.000446595 0.001105509 -0.002725069 -0.000463397 0.001078466 -0.002725069 -0.000482565 0.001058372 -0.002725069 -0.000503364 0.001045998 -0.002725069 -0.000524995 0.00104182 -0.002725069 -0.000546625 0.001045998 -0.002725069 -0.000567424 0.001058372 -0.002725069 -0.000586592 0.001078466 -0.002725069 -0.000603394 0.001105509 -0.002725069 -0.000617182 0.00113846 -0.002725069 -0.000627428 0.001176054 -0.002725069 -0.000633737 0.001216846 -0.002720849 -0.000416252 0.001217661 -0.002716791 -0.000422561 0.001177653 -0.002713052 -0.000432807 0.001140781 -0.002709774 -0.000446595 0.001108463 -0.002707084 -0.000463397 0.00108194 -0.002705085 -0.000482565 0.001062232 -0.002703854 -0.000503364 0.001050096 -0.002703439 -0.000524995 0.001045998 -0.002703854 -0.000546625 0.001050096 -0.002705085 -0.000567424 0.001062232 -0.002707084 -0.000586592 0.00108194 -0.002709774 -0.000603394 0.001108463 -0.002713052 -0.000617182 0.001140781 -0.002716791 -0.000627428 0.001177653 -0.002720849 -0.000633737 0.001217661 -0.002716791 -0.000416252 0.001220075 -0.002708832 -0.000422561 0.001182388 -0.002701497 -0.000432807 0.001147656 -0.002695067 -0.000446595 0.001117213 -0.00268979 -0.000463397 0.001092229 -0.002685869 -0.000482565 0.001073664 -0.002683455 -0.000503364 0.001062232 -0.00268264 -0.000524995 0.001058372 -0.002683455 -0.000546625 0.001062232 -0.002685869 -0.000567424 0.001073664 -0.00268979 -0.000586592 0.001092229 -0.002695067 -0.000603394 0.001117213 -0.002701497 -0.000617182 0.001147656 -0.002708832 -0.000627428 0.001182388 -0.002716791 -0.000633737 0.001220075 -0.002713052 -0.000416252 0.001223995 -0.002701497 -0.000422561 0.001190078 -0.002690847 -0.000432807 0.00115882 -0.002681513 -0.000446595 0.001131422 -0.002673852 -0.000463397 0.001108937 -0.00266816 -0.000482565 0.001092229 -0.002664655 -0.000503364 0.00108194 -0.002663471 -0.000524995 0.001078466 -0.002664655 -0.000546625 0.00108194 -0.00266816 -0.000567424 0.001092229 -0.002673852 -0.000586592 0.001108937 -0.002681513 -0.000603394 0.001131422 -0.002690847 -0.000617182 0.00115882 -0.002701497 -0.000627428 0.001190078 -0.002713052 -0.000633737 0.001223995 -0.002709774 -0.000416252 0.001229271 -0.002695067 -0.000422561 0.001200427 -0.002681513 -0.000432807 0.001173844 -0.002669632 -0.000446595 0.001150544 -0.002659883 -0.000463397 0.001131422 -0.002652637 -0.000482565 0.001117213 -0.002648176 -0.000503364 0.001108463 -0.00264667 -0.000524995 0.001105509 -0.002648176 -0.000546625 0.001108463 -0.002652637 -0.000567424 0.001117213 -0.002659883 -0.000586592 0.001131422 -0.002669632 -0.000603394 0.001150544 -0.002681513 -0.000617182 0.001173844 -0.002695067 -0.000627428 0.001200427 -0.002709774 -0.000633737 0.001229271 -0.002707084 -0.000416252 0.001235699 -0.00268979 -0.000422561 0.001213037 -0.002673852 -0.000432807 0.001192151 -0.002659883 -0.000446595 0.001173844 -0.002648418 -0.000463397 0.00115882 -0.002639899 -0.000482565 0.001147656 -0.002634653 -0.000503364 0.001140781 -0.002632881 -0.000524995 0.00113846 -0.002634653 -0.000546625 0.001140781 -0.002639899 -0.000567424 0.001147656 -0.002648418 -0.000586592 0.00115882 -0.002659883 -0.000603394 0.001173844 -0.002673852 -0.000617182 0.001192151 -0.00268979 -0.000627428 0.001213037 -0.002707084 -0.000633737 0.0012357 -0.002705085 -0.000416252 0.001243034 -0.002685869 -0.000422561 0.001227423 -0.00266816 -0.000432807 0.001213037 -0.002652637 -0.000446595 0.001200427 -0.002639899 -0.000463397 0.001190078 -0.002630433 -0.000482565 0.001182388 -0.002624604 -0.000503364 0.001177653 -0.002622636 -0.000524995 0.001176054 -0.002624604 -0.000546625 0.001177653 -0.002630433 -0.000567424 0.001182388 -0.002639899 -0.000586592 0.001190078 -0.002652637 -0.000603394 0.001200427 -0.00266816 -0.000617182 0.001213037 -0.002685869 -0.000627428 0.001227423 -0.002705085 -0.000633737 0.001243034 -0.002703854 -0.000416252 0.001250992 -0.002683455 -0.000422561 0.001243034 -0.002664655 -0.000432807 0.0012357 -0.002648176 -0.000446595 0.001229271 -0.002634653 -0.000463397 0.001223995 -0.002624604 -0.000482565 0.001220075 -0.002618416 -0.000503364 0.001217661 -0.002616326 -0.000524995 0.001216846 -0.002618416 -0.000546625 0.001217661 -0.002624604 -0.000567424 0.001220075 -0.002634653 -0.000586592 0.001223995 -0.002648176 -0.000603394 0.001229271 -0.002664655 -0.000617182 0.0012357 -0.002683455 -0.000627428 0.001243034 -0.002703854 -0.000633737 0.001250992 -0.002703439 -0.000416252 0.001259268 -0.00268264 -0.000422561 0.001259268 -0.002663471 -0.000432807 0.001259268 -0.00264667 -0.000446595 0.001259268 -0.002632881 -0.000463397 0.001259268 -0.002622636 -0.000482565 0.001259268 -0.002616326 -0.000503364 0.001259268 -0.002614196 -0.000524995 0.001259268 -0.002616326 -0.000546625 0.001259268 -0.002622636 -0.000567424 0.001259268 -0.002632881 -0.000586592 0.001259268 -0.00264667 -0.000603394 0.001259268 -0.002663471 -0.000617182 0.001259268 -0.00268264 -0.000627428 0.001259268 -0.002703439 -0.000633737 0.001259268 -0.002703854 -0.000416252 0.001267544 -0.002683455 -0.000422561 0.001275502 -0.002664655 -0.000432807 0.001282836 -0.002648176 -0.000446595 0.001289265 -0.002634653 -0.000463397 0.001294541 -0.002624604 -0.000482565 0.001298461 -0.002618416 -0.000503364 0.001300875 -0.002616326 -0.000524995 0.00130169 -0.002618416 -0.000546625 0.001300875 -0.002624604 -0.000567424 0.001298461 -0.002634653 -0.000586592 0.001294541 -0.002648176 -0.000603394 0.001289265 -0.002664655 -0.000617182 0.001282836 -0.002683455 -0.000627428 0.001275502 -0.002703854 -0.000633737 0.001267544 -0.002705085 -0.000416252 0.001275502 -0.002685869 -0.000422561 0.001291113 -0.00266816 -0.000432807 0.001305499 -0.002652637 -0.000446595 0.001318109 -0.002639899 -0.000463397 0.001328458 -0.002630433 -0.000482565 0.001336148 -0.002624604 -0.000503364 0.001340883 -0.002622636 -0.000524995 0.001342482 -0.002624604 -0.000546625 0.001340883 -0.002630433 -0.000567424 0.001336148 -0.002639899 -0.000586592 0.001328458 -0.002652637 -0.000603394 0.001318109 -0.00266816 -0.000617182 0.001305499 -0.002685869 -0.000627428 0.001291113 -0.002705085 -0.000633737 0.001275502 -0.002707084 -0.000416252 0.001282836 -0.00268979 -0.000422561 0.001305499 -0.002673852 -0.000432807 0.001326385 -0.002659883 -0.000446595 0.001344692 -0.002648418 -0.000463397 0.001359716 -0.002639899 -0.000482565 0.00137088 -0.002634653 -0.000503364 0.001377754 -0.002632881 -0.000524995 0.001380076 -0.002634653 -0.000546625 0.001377754 -0.002639899 -0.000567424 0.00137088 -0.002648418 -0.000586592 0.001359716 -0.002659883 -0.000603394 0.001344692 -0.002673852 -0.000617182 0.001326385 -0.00268979 -0.000627428 0.001305499 -0.002707084 -0.000633737 0.001282836 -0.002709774 -0.000416252 0.001289265 -0.002695067 -0.000422561 0.001318109 -0.002681513 -0.000432807 0.001344692 -0.002669632 -0.000446595 0.001367992 -0.002659883 -0.000463397 0.001387114 -0.002652637 -0.000482565 0.001401323 -0.002648176 -0.000503364 0.001410073 -0.00264667 -0.000524995 0.001413027 -0.002648176 -0.000546625 0.001410073 -0.002652637 -0.000567424 0.001401323 -0.002659883 -0.000586592 0.001387114 -0.002669632 -0.000603394 0.001367992 -0.002681513 -0.000617182 0.001344692 -0.002695067 -0.000627428 0.001318109 -0.002709774 -0.000633737 0.001289265 -0.002713052 -0.000416252 0.001294541 -0.002701497 -0.000422561 0.001328458 -0.002690847 -0.000432807 0.001359716 -0.002681513 -0.000446595 0.001387114 -0.002673852 -0.000463397 0.001409599 -0.00266816 -0.000482565 0.001426307 -0.002664655 -0.000503364 0.001436596 -0.002663471 -0.000524995 0.00144007 -0.002664655 -0.000546625 0.001436596 -0.00266816 -0.000567424 0.001426307 -0.002673852 -0.000586592 0.001409599 -0.002681513 -0.000603394 0.001387114 -0.002690847 -0.000617182 0.001359716 -0.002701497 -0.000627428 0.001328458 -0.002713052 -0.000633737 0.001294541 -0.002725069 -0.000635868 0.001259268 -0.002716791 -0.000416252 0.001298461 -0.002708832 -0.000422561 0.001336148 -0.002701497 -0.000432807 0.00137088 -0.002695067 -0.000446595 0.001401323 -0.00268979 -0.000463397 0.001426307 -0.002685869 -0.000482565 0.001444872 -0.002683455 -0.000503364 0.001456304 -0.00268264 -0.000524995 0.001460164 -0.002683455 -0.000546625 0.001456304 -0.002685869 -0.000567424 0.001444872 -0.00268979 -0.000586592 0.001426307 -0.002695067 -0.000603394 0.001401323 -0.002701497 -0.000617182 0.00137088 -0.002708832 -0.000627428 0.001336148 -0.002716791 -0.000633737 0.001298461 -0.002720849 -0.000416252 0.001300875 -0.002716791 -0.000422561 0.001340883 -0.002713052 -0.000432807 0.001377754 -0.002709774 -0.000446595 0.001410073 -0.002707084 -0.000463397 0.001436596 -0.002705085 -0.000482565 0.001456304 -0.002703854 -0.000503364 0.00146844 -0.002703439 -0.000524995 0.001472538 -0.002703854 -0.000546625 0.00146844 -0.002705085 -0.000567424 0.001456304 -0.002707084 -0.000586592 0.001436596 -0.002709774 -0.000603394 0.001410073 -0.002713052 -0.000617182 0.001377754 -0.002716791 -0.000627428 0.001340883 -0.002720849 -0.000633737 0.001300875 -0.002725069 -0.000416252 0.00130169 -0.002725069 -0.000422561 0.001342482 -0.002725069 -0.000432807 0.001380076 -0.002725069 -0.000446595 0.001413027 -0.002725069 -0.000463397 0.00144007 -0.002725069 -0.000482565 0.001460164 -0.002725069 -0.000503364 0.001472538 -0.002725069 -0.000524995 0.001476716 -0.002725069 -0.000546625 0.001472538 -0.002725069 -0.000567424 0.001460164 -0.002725069 -0.000586592 0.00144007 -0.002725069 -0.000603394 0.001413027 -0.002725069 -0.000617182 0.001380076 -0.002725069 -0.000627428 0.001342482 -0.002725069 -0.000633737 0.00130169 -0.002729289 -0.000416252 0.001300875 -0.002733346 -0.000422561 0.001340883 -0.002737086 -0.000432807 0.001377754 -0.002740364 -0.000446595 0.001410073 -0.002743054 -0.000463397 0.001436596 -0.002745053 -0.000482565 0.001456304 -0.002746284 -0.000503364 0.00146844 -0.002746699 -0.000524995 0.001472538 -0.002746284 -0.000546625 0.00146844 -0.002745053 -0.000567424 0.001456304 -0.002743054 -0.000586592 0.001436596 -0.002740364 -0.000603394 0.001410073 -0.002737086 -0.000617182 0.001377754 -0.002733346 -0.000627428 0.001340883 -0.002729289 -0.000633737 0.001300875 -0.002733346 -0.000416252 0.001298461 -0.002741306 -0.000422561 0.001336148 -0.002748641 -0.000432807 0.00137088 -0.002755071 -0.000446595 0.001401323 -0.002760348 -0.000463397 0.001426307 -0.002764269 -0.000482565 0.001444872 -0.002766683 -0.000503364 0.001456304 -0.002767498 -0.000524995 0.001460164 -0.002766683 -0.000546625 0.001456304 -0.002764269 -0.000567424 0.001444872 -0.002760348 -0.000586592 0.001426307 -0.002755071 -0.000603394 0.001401323 -0.002748641 -0.000617182 0.00137088 -0.002741306 -0.000627428 0.001336148 -0.002733346 -0.000633737 0.001298461 -0.002737086 -0.000416252 0.001294541 -0.002748641 -0.000422561 0.001328458 -0.002759291 -0.000432807 0.001359716 -0.002768625 -0.000446595 0.001387114 -0.002776286 -0.000463397 0.001409599 -0.002781978 -0.000482565 0.001426307 -0.002785483 -0.000503364 0.001436595 -0.002786667 -0.000524995 0.001440069 -0.002785483 -0.000546625 0.001436595 -0.002781978 -0.000567424 0.001426307 -0.002776286 -0.000586592 0.001409599 -0.002768625 -0.000603394 0.001387114 -0.002759291 -0.000617182 0.001359716 -0.002748641 -0.000627428 0.001328458 -0.002737086 -0.000633737 0.001294541 -0.002740364 -0.000416252 0.001289265 -0.002755071 -0.000422561 0.001318109 -0.002768625 -0.000432807 0.001344692 -0.002780506 -0.000446595 0.001367992 -0.002790256 -0.000463397 0.001387114 -0.0027975 -0.000482565 0.001401323 -0.002801962 -0.000503364 0.001410073 -0.002803468 -0.000524995 0.001413027 -0.002801962 -0.000546625 0.001410073 -0.0027975 -0.000567424 0.001401323 -0.002790256 -0.000586592 0.001387114 -0.002780506 -0.000603394 0.001367992 -0.002768625 -0.000617182 0.001344692 -0.002755071 -0.000627428 0.001318109 -0.002740364 -0.000633737 0.001289265 -0.002743054 -0.000416252 0.001282836 -0.002760348 -0.000422561 0.001305499 -0.002776286 -0.000432807 0.001326385 -0.002790256 -0.000446595 0.001344692 -0.00280172 -0.000463397 0.001359716 -0.002810239 -0.000482565 0.00137088 -0.002815485 -0.000503364 0.001377754 -0.002817257 -0.000524995 0.001380076 -0.002815485 -0.000546625 0.001377754 -0.002810239 -0.000567424 0.00137088 -0.00280172 -0.000586592 0.001359716 -0.002790256 -0.000603394 0.001344692 -0.002776286 -0.000617182 0.001326385 -0.002760348 -0.000627428 0.001305499 -0.002743054 -0.000633737 0.001282836 -0.002725069 -0.000414121 0.001259268 -0.002745053 -0.000416252 0.001275502 -0.002764269 -0.000422561 0.001291112 -0.002781978 -0.000432807 0.001305499 -0.0027975 -0.000446595 0.001318109 -0.002810239 -0.000463397 0.001328458 -0.002819705 -0.000482565 0.001336147 -0.002825534 -0.000503364 0.001340883 -0.002827502 -0.000524995 0.001342482 -0.002825534 -0.000546625 0.001340883 -0.002819705 -0.000567424 0.001336147 -0.002810239 -0.000586592 0.001328458 -0.0027975 -0.000603394 0.001318109 -0.002781978 -0.000617182 0.001305499 -0.002764269 -0.000627428 0.001291112 -0.002745053 -0.000633737 0.001275502 -0.002746284 -0.000416252 0.001267544 -0.002766683 -0.000422561 0.001275502 -0.002785483 -0.000432807 0.001282836 -0.002801962 -0.000446595 0.001289265 -0.002815485 -0.000463397 0.001294541 -0.002825534 -0.000482565 0.001298461 -0.002831722 -0.000503364 0.001300875 -0.002833812 -0.000524995 0.00130169 -0.002831722 -0.000546625 0.001300875 -0.002825534 -0.000567424 0.001298461 -0.002815485 -0.000586592 0.001294541 -0.002801962 -0.000603394 0.001289265 -0.002785483 -0.000617182 0.001282836 -0.002766683 -0.000627428 0.001275502 -0.002746284 -0.000633737 0.001267544 -0.00275819 -0.000575541 0.001328375 -0.002902036 -0.000860983 0.00131795 -0.002744064 -0.000581537 0.001336036 -0.002849469 -0.000883296 0.001346461 -0.002710196 -0.000501749 0.001328375 -0.00256635 -0.000216308 0.00131795 -0.002724322 -0.000495753 0.001336036 -0.002618917 -0.000193994 0.001346461 -0.002765195 -0.000519701 0.001328375 -0.003050637 -0.000375854 0.00131795 -0.002771191 -0.000533827 0.001336036 -0.00307295 -0.000428421 0.001346461 -0.002691404 -0.000567694 0.001328374 -0.002405962 -0.000711541 0.00131795 -0.002685407 -0.000553568 0.001336036 -0.002383648 -0.000658974 0.001346461 -0.002746181 -0.000486561 0.001310641 -0.002846304 -0.000183008 0.001300216 -0.00276041 -0.00049231 0.001318302 -0.002899253 -0.000204401 0.001328727 -0.00272794 -0.000572676 0.001310641 -0.002627817 -0.000876229 0.001300216 -0.002713711 -0.000566928 0.001318302 -0.002574868 -0.000854836 0.001328727 -0.002701743 -0.000521093 0.001310641 -0.00239819 -0.00042097 0.001300216 -0.002707492 -0.000506864 0.001318302 -0.002419583 -0.000368021 0.001328727 -0.002787858 -0.000539334 0.001310641 -0.003091411 -0.000639457 0.001300216 -0.002782109 -0.000553563 0.001318302 -0.003070018 -0.000692406 0.001328727 -0.002773467 -0.000561201 0.001328375 -0.003013767 -0.000771972 0.00131795 -0.002762615 -0.000572052 0.001336036 -0.002973386 -0.000812353 0.001346461 -0.002701325 -0.000510761 0.001328374 -0.002461024 -0.00029999 0.00131795 -0.002712176 -0.00049991 0.001336036 -0.002501405 -0.000259609 0.00134646 -0.002759043 -0.000506802 0.001328374 -0.002969815 -0.000266502 0.00131795 -0.002769895 -0.000517654 0.001336036 -0.003010195 -0.000306883 0.001346461 -0.002708604 -0.000578944 0.001328374 -0.002497833 -0.000819245 0.00131795 -0.002697753 -0.000568093 0.001336036 -0.002457452 -0.000778864 0.001346461 -0.002729 -0.000483199 0.001310641 -0.002708119 -0.000164243 0.001300216 -0.002744346 -0.000483199 0.001318302 -0.002765226 -0.000164243 0.001328727 -0.002744346 -0.000569877 0.001310641 -0.002765226 -0.000888832 0.001300216 -0.002729 -0.000569877 0.001318302 -0.002708119 -0.000888832 0.001328727 -0.002700733 -0.000531863 0.001310641 -0.002381777 -0.000552743 0.001300216 -0.002700733 -0.000516517 0.001318302 -0.002381777 -0.000495636 0.001328727 -0.002787411 -0.000516517 0.001310641 -0.003106367 -0.000495636 0.001300216 -0.002787411 -0.000531863 0.001318302 -0.003106367 -0.000552743 0.001328727 0.002749369 -0.000416252 0.001259268 0.00272857 -0.000422561 0.001259268 0.002709401 -0.000432807 0.001259268 0.0026926 -0.000446595 0.001259268 0.002678812 -0.000463397 0.001259268 0.002668566 -0.000482565 0.001259268 0.002662256 -0.000503364 0.001259268 0.002660126 -0.000524995 0.001259268 0.002662256 -0.000546625 0.001259268 0.002668566 -0.000567424 0.001259268 0.002678812 -0.000586592 0.001259268 0.0026926 -0.000603394 0.001259268 0.002709401 -0.000617182 0.001259268 0.00272857 -0.000627428 0.001259268 0.002749369 -0.000633737 0.001259268 0.002749784 -0.000416252 0.001250992 0.002729385 -0.000422561 0.001243034 0.002710585 -0.000432807 0.001235699 0.002694106 -0.000446595 0.001229271 0.002680583 -0.000463397 0.001223995 0.002670534 -0.000482565 0.001220075 0.002664346 -0.000503364 0.001217661 0.002662256 -0.000524995 0.001216846 0.002664346 -0.000546625 0.001217661 0.002670534 -0.000567424 0.001220075 0.002680583 -0.000586592 0.001223995 0.002694106 -0.000603394 0.001229271 0.002710585 -0.000617182 0.0012357 0.002729385 -0.000627428 0.001243034 0.002749784 -0.000633737 0.001250992 0.002751015 -0.000416252 0.001243034 0.0027318 -0.000422561 0.001227423 0.00271409 -0.000432807 0.001213037 0.002698568 -0.000446595 0.001200427 0.002685829 -0.000463397 0.001190078 0.002676363 -0.000482565 0.001182388 0.002670534 -0.000503364 0.001177653 0.002668566 -0.000524995 0.001176054 0.002670534 -0.000546625 0.001177653 0.002676363 -0.000567424 0.001182388 0.002685829 -0.000586592 0.001190078 0.002698568 -0.000603394 0.001200427 0.00271409 -0.000617182 0.001213037 0.0027318 -0.000627428 0.001227423 0.002751015 -0.000633737 0.001243034 0.002753014 -0.000416252 0.001235699 0.00273572 -0.000422561 0.001213037 0.002719782 -0.000432807 0.001192151 0.002705813 -0.000446595 0.001173844 0.002694348 -0.000463397 0.00115882 0.002685829 -0.000482565 0.001147656 0.002680583 -0.000503364 0.001140781 0.002678812 -0.000524995 0.00113846 0.002680583 -0.000546625 0.001140781 0.002685829 -0.000567424 0.001147656 0.002694348 -0.000586592 0.00115882 0.002705813 -0.000603394 0.001173844 0.002719782 -0.000617182 0.001192151 0.00273572 -0.000627428 0.001213037 0.002753014 -0.000633737 0.0012357 0.002755704 -0.000416252 0.001229271 0.002740997 -0.000422561 0.001200427 0.002727443 -0.000432807 0.001173844 0.002715563 -0.000446595 0.001150544 0.002705813 -0.000463397 0.001131422 0.002698568 -0.000482565 0.001117213 0.002694106 -0.000503364 0.001108463 0.0026926 -0.000524995 0.001105509 0.002694106 -0.000546625 0.001108463 0.002698568 -0.000567424 0.001117213 0.002705813 -0.000586592 0.001131422 0.002715563 -0.000603394 0.001150544 0.002727443 -0.000617182 0.001173844 0.002740997 -0.000627428 0.001200427 0.002755704 -0.000633737 0.001229271 0.002758982 -0.000416252 0.001223995 0.002747427 -0.000422561 0.001190078 0.002736777 -0.000432807 0.00115882 0.002727443 -0.000446595 0.001131422 0.002719782 -0.000463397 0.001108937 0.00271409 -0.000482565 0.001092229 0.002710585 -0.000503364 0.00108194 0.002709401 -0.000524995 0.001078466 0.002710585 -0.000546625 0.00108194 0.00271409 -0.000567424 0.001092229 0.002719782 -0.000586592 0.001108937 0.002727443 -0.000603394 0.001131422 0.002736777 -0.000617182 0.00115882 0.002747427 -0.000627428 0.001190078 0.002758982 -0.000633737 0.001223995 0.002762722 -0.000416252 0.001220075 0.002754762 -0.000422561 0.001182388 0.002747427 -0.000432807 0.001147656 0.002740997 -0.000446595 0.001117213 0.00273572 -0.000463397 0.001092229 0.0027318 -0.000482565 0.001073664 0.002729385 -0.000503364 0.001062232 0.00272857 -0.000524995 0.001058372 0.002729385 -0.000546625 0.001062232 0.0027318 -0.000567424 0.001073664 0.00273572 -0.000586592 0.001092229 0.002740997 -0.000603394 0.001117213 0.002747427 -0.000617182 0.001147656 0.002754762 -0.000627428 0.001182388 0.002762722 -0.000633737 0.001220075 0.002766779 -0.000416252 0.001217661 0.002762722 -0.000422561 0.001177653 0.002758982 -0.000432807 0.001140781 0.002755704 -0.000446595 0.001108463 0.002753014 -0.000463397 0.00108194 0.002751015 -0.000482565 0.001062232 0.002749784 -0.000503364 0.001050096 0.002749369 -0.000524995 0.001045998 0.002749784 -0.000546625 0.001050096 0.002751015 -0.000567424 0.001062232 0.002753014 -0.000586592 0.00108194 0.002755704 -0.000603394 0.001108463 0.002758982 -0.000617182 0.001140781 0.002762722 -0.000627428 0.001177653 0.002766779 -0.000633737 0.001217661 0.002770999 -0.000416252 0.001216846 0.002770999 -0.000422561 0.001176054 0.002770999 -0.000432807 0.00113846 0.002770999 -0.000446595 0.001105509 0.002770999 -0.000463397 0.001078466 0.002770999 -0.000482565 0.001058372 0.002770999 -0.000503364 0.001045998 0.002770999 -0.000524995 0.00104182 0.002770999 -0.000546625 0.001045998 0.002770999 -0.000567424 0.001058372 0.002770999 -0.000586592 0.001078466 0.002770999 -0.000603394 0.001105509 0.002770999 -0.000617182 0.00113846 0.002770999 -0.000627428 0.001176054 0.002770999 -0.000633737 0.001216846 0.002775219 -0.000416252 0.001217661 0.002779277 -0.000422561 0.001177653 0.002783016 -0.000432807 0.001140781 0.002786294 -0.000446595 0.001108463 0.002788984 -0.000463397 0.00108194 0.002790983 -0.000482565 0.001062232 0.002792214 -0.000503364 0.001050096 0.002792629 -0.000524995 0.001045998 0.002792214 -0.000546625 0.001050096 0.002790983 -0.000567424 0.001062232 0.002788984 -0.000586592 0.00108194 0.002786294 -0.000603394 0.001108463 0.002783016 -0.000617182 0.001140781 0.002779277 -0.000627428 0.001177653 0.002775219 -0.000633737 0.001217661 0.002779277 -0.000416252 0.001220075 0.002787236 -0.000422561 0.001182388 0.002794572 -0.000432807 0.001147656 0.002801001 -0.000446595 0.001117213 0.002806278 -0.000463397 0.001092229 0.002810199 -0.000482565 0.001073664 0.002812613 -0.000503364 0.001062232 0.002813429 -0.000524995 0.001058372 0.002812613 -0.000546625 0.001062232 0.002810199 -0.000567424 0.001073664 0.002806278 -0.000586592 0.001092229 0.002801001 -0.000603394 0.001117213 0.002794572 -0.000617182 0.001147656 0.002787236 -0.000627428 0.001182388 0.002779277 -0.000633737 0.001220075 0.002783016 -0.000416252 0.001223995 0.002794572 -0.000422561 0.001190078 0.002805221 -0.000432807 0.00115882 0.002814555 -0.000446595 0.001131422 0.002822216 -0.000463397 0.001108937 0.002827908 -0.000482565 0.001092229 0.002831414 -0.000503364 0.00108194 0.002832597 -0.000524995 0.001078466 0.002831414 -0.000546625 0.00108194 0.002827908 -0.000567424 0.001092229 0.002822216 -0.000586592 0.001108937 0.002814555 -0.000603394 0.001131422 0.002805221 -0.000617182 0.00115882 0.002794572 -0.000627428 0.001190078 0.002783016 -0.000633737 0.001223995 0.002786294 -0.000416252 0.001229271 0.002801001 -0.000422561 0.001200427 0.002814556 -0.000432807 0.001173844 0.002826436 -0.000446595 0.001150544 0.002836186 -0.000463397 0.001131422 0.002843431 -0.000482565 0.001117213 0.002847892 -0.000503364 0.001108463 0.002849398 -0.000524995 0.001105509 0.002847892 -0.000546625 0.001108463 0.002843431 -0.000567424 0.001117213 0.002836186 -0.000586592 0.001131422 0.002826436 -0.000603394 0.001150544 0.002814555 -0.000617182 0.001173844 0.002801001 -0.000627428 0.001200427 0.002786294 -0.000633737 0.001229271 0.002788984 -0.000416252 0.001235699 0.002806278 -0.000422561 0.001213037 0.002822216 -0.000432807 0.001192151 0.002836186 -0.000446595 0.001173844 0.002847651 -0.000463397 0.00115882 0.00285617 -0.000482565 0.001147656 0.002861416 -0.000503364 0.001140781 0.002863187 -0.000524995 0.00113846 0.002861416 -0.000546625 0.001140781 0.00285617 -0.000567424 0.001147656 0.002847651 -0.000586592 0.00115882 0.002836186 -0.000603394 0.001173844 0.002822216 -0.000617182 0.001192151 0.002806278 -0.000627428 0.001213037 0.002788984 -0.000633737 0.0012357 0.002790983 -0.000416252 0.001243034 0.002810199 -0.000422561 0.001227423 0.002827908 -0.000432807 0.001213037 0.002843431 -0.000446595 0.001200427 0.00285617 -0.000463397 0.001190078 0.002865635 -0.000482565 0.001182388 0.002871464 -0.000503364 0.001177653 0.002873433 -0.000524995 0.001176054 0.002871464 -0.000546625 0.001177653 0.002865635 -0.000567424 0.001182388 0.00285617 -0.000586592 0.001190078 0.002843431 -0.000603394 0.001200427 0.002827908 -0.000617182 0.001213037 0.002810199 -0.000627428 0.001227423 0.002790983 -0.000633737 0.001243034 0.002792214 -0.000416252 0.001250992 0.002812613 -0.000422561 0.001243034 0.002831414 -0.000432807 0.0012357 0.002847892 -0.000446595 0.001229271 0.002861416 -0.000463397 0.001223995 0.002871464 -0.000482565 0.001220075 0.002877653 -0.000503364 0.001217661 0.002879742 -0.000524995 0.001216846 0.002877653 -0.000546625 0.001217661 0.002871464 -0.000567424 0.001220075 0.002861416 -0.000586592 0.001223995 0.002847892 -0.000603394 0.001229271 0.002831414 -0.000617182 0.0012357 0.002812613 -0.000627428 0.001243034 0.002792214 -0.000633737 0.001250992 0.002792629 -0.000416252 0.001259268 0.002813429 -0.000422561 0.001259268 0.002832597 -0.000432807 0.001259268 0.002849398 -0.000446595 0.001259268 0.002863187 -0.000463397 0.001259268 0.002873433 -0.000482565 0.001259268 0.002879742 -0.000503364 0.001259268 0.002881872 -0.000524995 0.001259268 0.002879742 -0.000546625 0.001259268 0.002873433 -0.000567424 0.001259268 0.002863187 -0.000586592 0.001259268 0.002849398 -0.000603394 0.001259268 0.002832597 -0.000617182 0.001259268 0.002813429 -0.000627428 0.001259268 0.002792629 -0.000633737 0.001259268 0.002792214 -0.000416252 0.001267544 0.002812613 -0.000422561 0.001275502 0.002831414 -0.000432807 0.001282836 0.002847892 -0.000446595 0.001289265 0.002861416 -0.000463397 0.001294541 0.002871464 -0.000482565 0.001298461 0.002877653 -0.000503364 0.001300875 0.002879742 -0.000524995 0.00130169 0.002877653 -0.000546625 0.001300875 0.002871464 -0.000567424 0.001298461 0.002861416 -0.000586592 0.001294541 0.002847892 -0.000603394 0.001289265 0.002831414 -0.000617182 0.001282836 0.002812613 -0.000627428 0.001275502 0.002792214 -0.000633737 0.001267544 0.002790983 -0.000416252 0.001275502 0.002810199 -0.000422561 0.001291113 0.002827908 -0.000432807 0.001305499 0.002843431 -0.000446595 0.001318109 0.00285617 -0.000463397 0.001328458 0.002865635 -0.000482565 0.001336148 0.002871464 -0.000503364 0.001340883 0.002873433 -0.000524995 0.001342482 0.002871464 -0.000546625 0.001340883 0.002865635 -0.000567424 0.001336148 0.00285617 -0.000586592 0.001328458 0.002843431 -0.000603394 0.001318109 0.002827908 -0.000617182 0.001305499 0.002810199 -0.000627428 0.001291113 0.002790983 -0.000633737 0.001275502 0.002788984 -0.000416252 0.001282836 0.002806278 -0.000422561 0.001305499 0.002822216 -0.000432807 0.001326385 0.002836186 -0.000446595 0.001344692 0.002847651 -0.000463397 0.001359716 0.002856169 -0.000482565 0.00137088 0.002861416 -0.000503364 0.001377754 0.002863187 -0.000524995 0.001380076 0.002861416 -0.000546625 0.001377754 0.00285617 -0.000567424 0.00137088 0.002847651 -0.000586592 0.001359716 0.002836186 -0.000603394 0.001344692 0.002822216 -0.000617182 0.001326385 0.002806278 -0.000627428 0.001305499 0.002788984 -0.000633737 0.001282836 0.002786294 -0.000416252 0.001289265 0.002801001 -0.000422561 0.001318109 0.002814555 -0.000432807 0.001344692 0.002826436 -0.000446595 0.001367992 0.002836186 -0.000463397 0.001387114 0.002843431 -0.000482565 0.001401323 0.002847892 -0.000503364 0.001410073 0.002849398 -0.000524995 0.001413027 0.002847892 -0.000546625 0.001410073 0.002843431 -0.000567424 0.001401323 0.002836186 -0.000586592 0.001387114 0.002826436 -0.000603394 0.001367992 0.002814555 -0.000617182 0.001344692 0.002801001 -0.000627428 0.001318109 0.002786294 -0.000633737 0.001289265 0.002783016 -0.000416252 0.001294541 0.002794572 -0.000422561 0.001328458 0.002805221 -0.000432807 0.001359716 0.002814555 -0.000446595 0.001387114 0.002822216 -0.000463397 0.001409599 0.002827908 -0.000482565 0.001426307 0.002831414 -0.000503364 0.001436596 0.002832597 -0.000524995 0.00144007 0.002831414 -0.000546625 0.001436596 0.002827908 -0.000567424 0.001426307 0.002822216 -0.000586592 0.001409599 0.002814555 -0.000603394 0.001387114 0.002805221 -0.000617182 0.001359716 0.002794572 -0.000627428 0.001328458 0.002783016 -0.000633737 0.001294541 0.002770999 -0.000635868 0.001259268 0.002779277 -0.000416252 0.001298461 0.002787236 -0.000422561 0.001336148 0.002794572 -0.000432807 0.00137088 0.002801001 -0.000446595 0.001401323 0.002806278 -0.000463397 0.001426307 0.002810199 -0.000482565 0.001444872 0.002812613 -0.000503364 0.001456304 0.002813429 -0.000524995 0.001460164 0.002812613 -0.000546625 0.001456304 0.002810199 -0.000567424 0.001444872 0.002806278 -0.000586592 0.001426307 0.002801001 -0.000603394 0.001401323 0.002794572 -0.000617182 0.00137088 0.002787236 -0.000627428 0.001336148 0.002779277 -0.000633737 0.001298461 0.002775219 -0.000416252 0.001300875 0.002779277 -0.000422561 0.001340883 0.002783016 -0.000432807 0.001377754 0.002786294 -0.000446595 0.001410073 0.002788984 -0.000463397 0.001436596 0.002790983 -0.000482565 0.001456304 0.002792214 -0.000503364 0.00146844 0.002792629 -0.000524995 0.001472538 0.002792214 -0.000546625 0.00146844 0.002790983 -0.000567424 0.001456304 0.002788984 -0.000586592 0.001436596 0.002786294 -0.000603394 0.001410073 0.002783016 -0.000617182 0.001377754 0.002779277 -0.000627428 0.001340883 0.002775219 -0.000633737 0.001300875 0.002770999 -0.000416252 0.00130169 0.002770999 -0.000422561 0.001342482 0.002770999 -0.000432807 0.001380076 0.002770999 -0.000446595 0.001413027 0.002770999 -0.000463397 0.00144007 0.002770999 -0.000482565 0.001460164 0.002770999 -0.000503364 0.001472538 0.002770999 -0.000524995 0.001476716 0.002770999 -0.000546625 0.001472538 0.002770999 -0.000567424 0.001460164 0.002770999 -0.000586592 0.00144007 0.002770999 -0.000603394 0.001413027 0.002770999 -0.000617182 0.001380076 0.002770999 -0.000627428 0.001342482 0.002770999 -0.000633737 0.00130169 0.002766779 -0.000416252 0.001300875 0.002762722 -0.000422561 0.001340883 0.002758982 -0.000432807 0.001377754 0.002755704 -0.000446595 0.001410073 0.002753014 -0.000463397 0.001436596 0.002751015 -0.000482565 0.001456304 0.002749784 -0.000503364 0.00146844 0.002749369 -0.000524995 0.001472538 0.002749784 -0.000546625 0.00146844 0.002751015 -0.000567424 0.001456304 0.002753014 -0.000586592 0.001436596 0.002755704 -0.000603394 0.001410073 0.002758982 -0.000617182 0.001377754 0.002762722 -0.000627428 0.001340883 0.002766779 -0.000633737 0.001300875 0.002762722 -0.000416252 0.001298461 0.002754762 -0.000422561 0.001336148 0.002747427 -0.000432807 0.00137088 0.002740997 -0.000446595 0.001401323 0.00273572 -0.000463397 0.001426307 0.0027318 -0.000482565 0.001444872 0.002729385 -0.000503364 0.001456304 0.00272857 -0.000524995 0.001460164 0.002729385 -0.000546625 0.001456304 0.0027318 -0.000567424 0.001444872 0.00273572 -0.000586592 0.001426307 0.002740997 -0.000603394 0.001401323 0.002747427 -0.000617182 0.00137088 0.002754762 -0.000627428 0.001336148 0.002762722 -0.000633737 0.001298461 0.002758982 -0.000416252 0.001294541 0.002747427 -0.000422561 0.001328458 0.002736777 -0.000432807 0.001359716 0.002727443 -0.000446595 0.001387114 0.002719782 -0.000463397 0.001409599 0.00271409 -0.000482565 0.001426307 0.002710585 -0.000503364 0.001436595 0.002709401 -0.000524995 0.001440069 0.002710585 -0.000546625 0.001436595 0.00271409 -0.000567424 0.001426307 0.002719782 -0.000586592 0.001409599 0.002727443 -0.000603394 0.001387114 0.002736777 -0.000617182 0.001359716 0.002747427 -0.000627428 0.001328458 0.002758982 -0.000633737 0.001294541 0.002755704 -0.000416252 0.001289265 0.002740997 -0.000422561 0.001318109 0.002727443 -0.000432807 0.001344692 0.002715563 -0.000446595 0.001367992 0.002705813 -0.000463397 0.001387114 0.002698568 -0.000482565 0.001401323 0.002694106 -0.000503364 0.001410073 0.0026926 -0.000524995 0.001413027 0.002694106 -0.000546625 0.001410073 0.002698568 -0.000567424 0.001401323 0.002705813 -0.000586592 0.001387114 0.002715563 -0.000603394 0.001367992 0.002727443 -0.000617182 0.001344692 0.002740997 -0.000627428 0.001318109 0.002755704 -0.000633737 0.001289265 0.002753014 -0.000416252 0.001282836 0.00273572 -0.000422561 0.001305499 0.002719782 -0.000432807 0.001326385 0.002705813 -0.000446595 0.001344692 0.002694348 -0.000463397 0.001359716 0.002685829 -0.000482565 0.00137088 0.002680583 -0.000503364 0.001377754 0.002678812 -0.000524995 0.001380076 0.002680583 -0.000546625 0.001377754 0.002685829 -0.000567424 0.00137088 0.002694348 -0.000586592 0.001359716 0.002705813 -0.000603394 0.001344692 0.002719783 -0.000617182 0.001326385 0.002735721 -0.000627428 0.001305499 0.002753014 -0.000633737 0.001282836 0.002770999 -0.000414121 0.001259268 0.002751015 -0.000416252 0.001275502 0.0027318 -0.000422561 0.001291112 0.00271409 -0.000432807 0.001305499 0.002698568 -0.000446595 0.001318109 0.002685829 -0.000463397 0.001328458 0.002676363 -0.000482565 0.001336147 0.002670534 -0.000503364 0.001340883 0.002668566 -0.000524995 0.001342482 0.002670534 -0.000546625 0.001340883 0.002676363 -0.000567424 0.001336147 0.002685829 -0.000586592 0.001328458 0.002698568 -0.000603394 0.001318109 0.00271409 -0.000617182 0.001305499 0.0027318 -0.000627428 0.001291112 0.002751015 -0.000633737 0.001275502 0.002749784 -0.000416252 0.001267544 0.002729385 -0.000422561 0.001275502 0.002710585 -0.000432807 0.001282836 0.002694106 -0.000446595 0.001289265 0.002680583 -0.000463397 0.001294541 0.002670534 -0.000482565 0.001298461 0.002664346 -0.000503364 0.001300875 0.002662256 -0.000524995 0.00130169 0.002664346 -0.000546625 0.001300875 0.002670534 -0.000567424 0.001298461 0.002680583 -0.000586592 0.001294541 0.002694106 -0.000603394 0.001289265 0.002710585 -0.000617182 0.001282836 0.002729385 -0.000627428 0.001275502 0.002749784 -0.000633737 0.001267544 0.002737878 -0.000575541 0.001328375 0.002594032 -0.000860983 0.00131795 0.002752004 -0.000581537 0.001336036 0.002646599 -0.000883296 0.001346461 0.002785872 -0.000501749 0.001328375 0.002929718 -0.000216308 0.00131795 0.002771746 -0.000495753 0.001336036 0.002877151 -0.000193994 0.001346461 0.002730873 -0.000519701 0.001328375 0.002445431 -0.000375854 0.00131795 0.002724877 -0.000533827 0.001336036 0.002423118 -0.000428421 0.001346461 0.002804665 -0.000567694 0.001328374 0.003090106 -0.000711541 0.00131795 0.002810661 -0.000553568 0.001336036 0.00311242 -0.000658974 0.001346461 0.002749887 -0.000486561 0.001310641 0.002649764 -0.000183008 0.001300216 0.002735659 -0.00049231 0.001318302 0.002596816 -0.000204401 0.001328727 0.002768129 -0.000572676 0.001310641 0.002868252 -0.000876229 0.001300216 0.002782357 -0.000566928 0.001318302 0.0029212 -0.000854836 0.001328727 0.002794325 -0.000521093 0.001310641 0.003097878 -0.00042097 0.001300216 0.002788577 -0.000506864 0.001318302 0.003076485 -0.000368021 0.001328727 0.00270821 -0.000539334 0.001310641 0.002404658 -0.000639457 0.001300216 0.002713959 -0.000553563 0.001318302 0.00242605 -0.000692406 0.001328727 0.002722602 -0.000561201 0.001328375 0.002482301 -0.000771972 0.00131795 0.002733453 -0.000572052 0.001336036 0.002522682 -0.000812353 0.001346461 0.002794744 -0.000510761 0.001328374 0.003035044 -0.00029999 0.00131795 0.002783892 -0.00049991 0.001336036 0.002994663 -0.000259609 0.00134646 0.002737025 -0.000506802 0.001328374 0.002526254 -0.000266502 0.00131795 0.002726174 -0.000517654 0.001336036 0.002485873 -0.000306883 0.001346461 0.002787464 -0.000578944 0.001328374 0.002998235 -0.000819245 0.00131795 0.002798316 -0.000568093 0.001336036 0.003038616 -0.000778864 0.001346461 0.002767068 -0.000483199 0.001310641 0.002787949 -0.000164243 0.001300216 0.002751723 -0.000483199 0.001318302 0.002730842 -0.000164243 0.001328727 0.002751723 -0.000569877 0.001310641 0.002730842 -0.000888832 0.001300216 0.002767068 -0.000569877 0.001318302 0.002787949 -0.000888832 0.001328727 0.002795335 -0.000531863 0.001310641 0.003114291 -0.000552743 0.001300216 0.002795335 -0.000516517 0.001318302 0.003114291 -0.000495636 0.001328727 0.002708657 -0.000516517 0.001310641 0.002389701 -0.000495636 0.001300216 0.002708657 -0.000531863 0.001318302 0.002389701 -0.000552743 0.001328727 -0.002694226 -0.000130277 0.000358546 -0.002694226 -0.000130273 0.00145015 -0.002616576 -0.000137925 0.000358546 -0.002616576 -0.000137921 0.00145015 -0.002541909 -0.000160575 0.000358546 -0.002541909 -0.000160571 0.00145015 -0.002473096 -0.000197356 0.000358546 -0.002473096 -0.000197352 0.00145015 -0.002412781 -0.000246856 0.000358547 -0.002412781 -0.000246852 0.001450151 -0.002363282 -0.000307171 0.000358547 -0.002363282 -0.000307167 0.001450151 -0.0023265 -0.000375984 0.000358547 -0.0023265 -0.00037598 0.001450151 -0.002303851 -0.00045065 0.000358547 -0.002303851 -0.000450646 0.001450151 -0.002296203 -0.000528301 0.000358548 -0.002296203 -0.000528297 0.001450152 -0.002303851 -0.000605951 0.000358548 -0.002303851 -0.000605947 0.001450152 -0.0023265 -0.000680618 0.000358548 -0.0023265 -0.000680614 0.001450152 -0.002363282 -0.000749431 0.000358548 -0.002363282 -0.000749427 0.001450152 -0.002412781 -0.000809746 0.000358549 -0.002412781 -0.000809742 0.001450153 -0.002473096 -0.000859245 0.000358549 -0.002473096 -0.000859242 0.001450153 -0.002541909 -0.000896027 0.000358549 -0.002541909 -0.000896023 0.001450153 -0.002616576 -0.000918676 0.000358549 -0.002616576 -0.000918673 0.001450153 -0.002694227 -0.000926324 0.000358549 -0.002694227 -0.000926321 0.001450153 -0.002771877 -0.000918676 0.000358549 -0.002771877 -0.000918673 0.001450153 -0.002846544 -0.000896027 0.000358549 -0.002846544 -0.000896023 0.001450153 -0.002915357 -0.000859245 0.000358549 -0.002915357 -0.000859241 0.001450153 -0.002975672 -0.000809746 0.000358549 -0.002975672 -0.000809742 0.001450153 -0.003025171 -0.000749431 0.000358548 -0.003025171 -0.000749427 0.001450152 -0.003061952 -0.000680617 0.000358548 -0.003061952 -0.000680614 0.001450152 -0.003084602 -0.000605951 0.000358548 -0.003084602 -0.000605947 0.001450152 -0.00309225 -0.0005283 0.000358548 -0.00309225 -0.000528297 0.001450152 -0.003084602 -0.00045065 0.000358547 -0.003084602 -0.000450646 0.001450151 -0.003061952 -0.000375983 0.000358547 -0.003061952 -0.00037598 0.001450151 -0.003025171 -0.00030717 0.000358547 -0.003025171 -0.000307167 0.001450151 -0.002975671 -0.000246855 0.000358547 -0.002975671 -0.000246851 0.001450151 -0.002915356 -0.000197356 0.000358546 -0.002915356 -0.000197352 0.00145015 -0.002846543 -0.000160575 0.000358546 -0.002846543 -0.000160571 0.00145015 -0.002771876 -0.000137925 0.000358546 -0.002771876 -0.000137921 0.00145015 -0.002694226 -9.0765e-05 0.00134798 -0.002608868 -9.9172e-05 0.00134798 -0.00252679 -0.00012407 0.00134798 -0.002451146 -0.000164502 0.00134798 -0.002384844 -0.000218915 0.001347981 -0.002330431 -0.000285217 0.001347981 -0.002289999 -0.000360861 0.001347981 -0.002265101 -0.000442939 0.001347981 -0.002256694 -0.000528297 0.001347982 -0.002265101 -0.000613656 0.001347982 -0.002289999 -0.000695734 0.001347982 -0.002330431 -0.000771377 0.001347983 -0.002384844 -0.00083768 0.001347983 -0.002451146 -0.000892092 0.001347983 -0.00252679 -0.000932525 0.001347983 -0.002608868 -0.000957423 0.001347983 -0.002694227 -0.00096583 0.001347983 -0.002779585 -0.000957423 0.001347983 -0.002861663 -0.000932525 0.001347983 -0.002937306 -0.000892092 0.001347983 -0.003003609 -0.000837679 0.001347983 -0.003058021 -0.000771377 0.001347983 -0.003098454 -0.000695733 0.001347982 -0.003123352 -0.000613655 0.001347982 -0.003131759 -0.000528297 0.001347982 -0.003123352 -0.000442939 0.001347981 -0.003098453 -0.00036086 0.001347981 -0.003058021 -0.000285217 0.001347981 -0.003003608 -0.000218915 0.001347981 -0.002937306 -0.000164502 0.00134798 -0.002861662 -0.00012407 0.00134798 -0.002779584 -9.9172e-05 0.00134798 -0.002603087 -7.011e-05 0.00121829 -0.00251545 -9.6694e-05 0.00121829 -0.002434684 -0.000139865 0.00121829 -0.002363891 -0.000197963 0.001218291 -0.002305793 -0.000268755 0.001218291 -0.002262623 -0.000349522 0.001218291 -0.002236038 -0.000437159 0.001218291 -0.002227062 -0.000528298 0.001218292 -0.002236038 -0.000619437 0.001218292 -0.002262623 -0.000707074 0.001218292 -0.002305793 -0.00078784 0.001218292 -0.002363891 -0.000858633 0.001218293 -0.002434684 -0.000916731 0.001218293 -0.00251545 -0.000959901 0.001218293 -0.002603087 -0.000986486 0.001218293 -0.002694227 -0.000995462 0.001218293 -0.002785366 -0.000986486 0.001218293 -0.002873003 -0.000959901 0.001218293 -0.002953769 -0.000916731 0.001218293 -0.003024561 -0.000858633 0.001218293 -0.003082659 -0.00078784 0.001218292 -0.00312583 -0.000707073 0.001218292 -0.003152414 -0.000619437 0.001218292 -0.003161391 -0.000528297 0.001218292 -0.003152414 -0.000437158 0.001218291 -0.00312583 -0.000349521 0.001218291 -0.003082659 -0.000268755 0.001218291 -0.003024561 -0.000197962 0.001218291 -0.002953768 -0.000139865 0.00121829 -0.002873002 -9.6694e-05 0.00121829 -0.002785365 -7.011e-05 0.00121829 -0.002694226 -6.1134e-05 0.00121829 -0.002599669 -5.2925e-05 0.001061306 -0.002508745 -8.0507e-05 0.001061306 -0.002424949 -0.000125297 0.001061306 -0.002351501 -0.000185574 0.001061306 -0.002291224 -0.000259021 0.001061306 -0.002246435 -0.000342817 0.001061307 -0.002218853 -0.000433741 0.001061307 -0.00220954 -0.000528298 0.001061307 -0.002218853 -0.000622856 0.001061308 -0.002246435 -0.00071378 0.001061308 -0.002291224 -0.000797575 0.001061308 -0.002351501 -0.000871023 0.001061309 -0.002424949 -0.0009313 0.001061309 -0.002508745 -0.00097609 0.001061309 -0.002599669 -0.001003671 0.001061309 -0.002694227 -0.001012984 0.001061309 -0.002788784 -0.001003671 0.001061309 -0.002879708 -0.00097609 0.001061309 -0.002963504 -0.0009313 0.001061309 -0.003036951 -0.000871023 0.001061309 -0.003097228 -0.000797575 0.001061308 -0.003142018 -0.000713779 0.001061308 -0.003169599 -0.000622855 0.001061308 -0.003178912 -0.000528298 0.001061307 -0.003169599 -0.00043374 0.001061307 -0.003142018 -0.000342817 0.001061307 -0.003097228 -0.000259021 0.001061306 -0.003036951 -0.000185573 0.001061306 -0.002963503 -0.000125296 0.001061306 -0.002879707 -8.0507e-05 0.001061306 -0.002788783 -5.2925e-05 0.001061306 -0.002694226 -4.3612e-05 0.001061306 -0.002694226 -0.000184042 0.000371013 -0.002694226 -0.000178447 0.001415122 -0.002627065 -0.000190657 0.000371013 -0.002625973 -0.00018517 0.001415122 -0.002562483 -0.000210246 0.000371013 -0.002560345 -0.000205079 0.001415122 -0.002502966 -0.00024206 0.000371013 -0.002499861 -0.000237409 0.001415122 -0.002450799 -0.000284873 0.000371013 -0.002446845 -0.000280915 0.001415122 -0.002407986 -0.00033704 0.000371014 -0.002403338 -0.000333932 0.001415122 -0.002376172 -0.000396558 0.000371014 -0.002371008 -0.000394416 0.001415122 -0.002356583 -0.000461139 0.000371014 -0.002351099 -0.000460044 0.001415123 -0.002349968 -0.000528301 0.000371014 -0.002344377 -0.000528297 0.001415123 -0.002356582 -0.000595462 0.000371015 -0.002351099 -0.00059655 0.001415123 -0.002376172 -0.000660044 0.000371015 -0.002371008 -0.000662179 0.001415123 -0.002407986 -0.000719561 0.000371015 -0.002403338 -0.000722663 0.001415123 -0.002450799 -0.000771728 0.000371015 -0.002446845 -0.000775679 0.001415123 -0.002502966 -0.000814541 0.000371015 -0.002499861 -0.000819186 0.001415124 -0.002562483 -0.000846355 0.000371015 -0.002560345 -0.000851515 0.001415124 -0.002627065 -0.000865944 0.000371015 -0.002625973 -0.000871424 0.001415124 -0.002694227 -0.000872559 0.000371015 -0.002694227 -0.000878147 0.001415124 -0.002761388 -0.000865944 0.000371015 -0.00276248 -0.000871424 0.001415124 -0.00282597 -0.000846355 0.000371015 -0.002828108 -0.000851515 0.001415124 -0.002885487 -0.000814541 0.000371015 -0.002888592 -0.000819185 0.001415124 -0.002937654 -0.000771728 0.000371015 -0.002941608 -0.000775679 0.001415123 -0.002980467 -0.000719561 0.000371015 -0.002985115 -0.000722662 0.001415123 -0.003012279 -0.000660044 0.000371015 -0.003017445 -0.000662178 0.001415123 -0.00303187 -0.000595462 0.000371015 -0.003037354 -0.00059655 0.001415123 -0.003038485 -0.0005283 0.000371014 -0.003044076 -0.000528297 0.001415123 -0.00303187 -0.000461139 0.000371014 -0.003037353 -0.000460044 0.001415123 -0.00301228 -0.000396557 0.000371014 -0.003017444 -0.000394415 0.001415122 -0.002980466 -0.00033704 0.000371014 -0.002985114 -0.000333931 0.001415122 -0.002937654 -0.000284873 0.000371013 -0.002941607 -0.000280915 0.001415122 -0.002885486 -0.00024206 0.000371013 -0.002888591 -0.000237408 0.001415122 -0.002825969 -0.000210248 0.000371013 -0.002828107 -0.000205079 0.001415122 -0.002761387 -0.000190657 0.000371013 -0.002762479 -0.00018517 0.001415122 -0.002694226 -0.000141127 0.001319318 -0.002618693 -0.000148567 0.001319318 -0.002546062 -0.0001706 0.001319318 -0.002479125 -0.000206378 0.001319319 -0.002420455 -0.000254526 0.001319319 -0.002372306 -0.000313197 0.001319319 -0.002336529 -0.000380134 0.001319319 -0.002314496 -0.000452764 0.001319319 -0.002307056 -0.000528297 0.00131932 -0.002314496 -0.000603831 0.00131932 -0.002336529 -0.000676461 0.00131932 -0.002372306 -0.000743398 0.00131932 -0.002420455 -0.000802068 0.001319321 -0.002479126 -0.000850217 0.001319321 -0.002546062 -0.000885995 0.001319321 -0.002618693 -0.000908028 0.001319321 -0.002694227 -0.000915468 0.001319321 -0.00276976 -0.000908028 0.001319321 -0.00284239 -0.000885995 0.001319321 -0.002909327 -0.000850217 0.001319321 -0.002967998 -0.000802068 0.001319321 -0.003016146 -0.000743398 0.00131932 -0.003051924 -0.000676461 0.00131932 -0.003073956 -0.00060383 0.00131932 -0.003081397 -0.000528297 0.00131932 -0.003073956 -0.000452764 0.001319319 -0.003051924 -0.000380133 0.001319319 -0.003016146 -0.000313196 0.001319319 -0.002967997 -0.000254526 0.001319319 -0.002909326 -0.000206377 0.001319319 -0.00284239 -0.0001706 0.001319318 -0.002769759 -0.000148567 0.001319318 -0.002613451 -0.000122223 0.001201485 -0.002535783 -0.000145784 0.001201486 -0.002464202 -0.000184043 0.001201486 -0.002401461 -0.000235533 0.001201486 -0.002349972 -0.000298274 0.001201486 -0.002311712 -0.000369854 0.001201486 -0.002288151 -0.000447523 0.001201487 -0.002280195 -0.000528298 0.001201487 -0.002288151 -0.000609073 0.001201487 -0.002311712 -0.000686741 0.001201487 -0.002349972 -0.000758322 0.001201488 -0.002401461 -0.000821063 0.001201488 -0.002464202 -0.000872553 0.001201488 -0.002535783 -0.000910812 0.001201488 -0.002613451 -0.000934373 0.001201488 -0.002694227 -0.000942329 0.001201488 -0.002775001 -0.000934373 0.001201488 -0.00285267 -0.000910812 0.001201488 -0.00292425 -0.000872552 0.001201488 -0.00298699 -0.000821063 0.001201488 -0.003038481 -0.000758321 0.001201488 -0.003076741 -0.000686741 0.001201487 -0.003100301 -0.000609072 0.001201487 -0.003108258 -0.000528297 0.001201487 -0.003100301 -0.000447524 0.001201487 -0.003076741 -0.000369854 0.001201486 -0.003038481 -0.000298274 0.001201486 -0.002986991 -0.000235534 0.001201486 -0.00292425 -0.000184043 0.001201486 -0.002852669 -0.000145783 0.001201486 -0.002775001 -0.000122223 0.001201485 -0.002694226 -0.000114267 0.001201485 -0.002610306 -0.000106405 0.001061883 -0.002529612 -0.000130882 0.001061883 -0.002455242 -0.000170633 0.001061883 -0.002390058 -0.00022413 0.001061884 -0.002336561 -0.000289314 0.001061884 -0.00229681 -0.000363684 0.001061884 -0.002272333 -0.000444378 0.001061884 -0.002264068 -0.000528298 0.001061885 -0.002272332 -0.000612219 0.001061885 -0.00229681 -0.000692913 0.001061885 -0.002336561 -0.000767283 0.001061885 -0.002390058 -0.000832466 0.001061886 -0.002455242 -0.000885964 0.001061886 -0.002529612 -0.000925714 0.001061886 -0.002610306 -0.000950192 0.001061886 -0.002694227 -0.000958457 0.001061886 -0.002778147 -0.000950192 0.001061886 -0.002858841 -0.000925714 0.001061886 -0.002933211 -0.000885963 0.001061886 -0.002998394 -0.000832466 0.001061886 -0.003051892 -0.000767283 0.001061885 -0.003091642 -0.000692914 0.001061885 -0.00311612 -0.000612218 0.001061885 -0.003124385 -0.000528298 0.001061885 -0.00311612 -0.000444378 0.001061884 -0.003091642 -0.000363683 0.001061884 -0.003051891 -0.000289313 0.001061884 -0.002998394 -0.00022413 0.001061884 -0.00293321 -0.000170633 0.001061883 -0.002858842 -0.000130882 0.001061883 -0.002778146 -0.000106405 0.001061883 -0.002694226 -9.814e-05 0.001061883 -0.002680697 -0.00046292 -0.000640384 -0.002680697 -0.000263085 0.000243579 -0.002668727 -0.000464099 -0.000640384 -0.002629741 -0.000268104 0.000243579 -0.002657216 -0.000467591 -0.000640384 -0.002580743 -0.000282967 0.000243579 -0.002646608 -0.000473261 -0.000640384 -0.002535586 -0.000307104 0.000243579 -0.00263731 -0.000480892 -0.000640384 -0.002496005 -0.000339587 0.000243579 -0.002629679 -0.00049019 -0.000640384 -0.002463522 -0.000379168 0.000243579 -0.002624009 -0.000500798 -0.000640384 -0.002439386 -0.000424325 0.000243579 -0.002620517 -0.000512309 -0.000640384 -0.002424522 -0.000473323 0.000243579 -0.002619339 -0.000524279 -0.000640384 -0.002419503 -0.000524279 0.000243579 -0.002620517 -0.00053625 -0.000640384 -0.002424522 -0.000575235 0.000243579 -0.002624009 -0.00054776 -0.000640384 -0.002439386 -0.000624234 0.000243579 -0.002629679 -0.000558368 -0.000640384 -0.002463522 -0.000669391 0.000243579 -0.00263731 -0.000567666 -0.000640384 -0.002496005 -0.000708971 0.000243579 -0.002646608 -0.000575297 -0.000640384 -0.002535586 -0.000741454 0.000243579 -0.002657216 -0.000580967 -0.000640384 -0.002580743 -0.000765591 0.000243579 -0.002668727 -0.000584459 -0.000640384 -0.002629741 -0.000780454 0.000243579 -0.002680697 -0.000585638 -0.000640384 -0.002680697 -0.000785473 0.000243579 -0.002692668 -0.000584459 -0.000640384 -0.002731654 -0.000780454 0.000243579 -0.002704178 -0.000580967 -0.000640384 -0.002780652 -0.000765591 0.000243579 -0.002714787 -0.000575297 -0.000640384 -0.002825809 -0.000741454 0.000243579 -0.002724085 -0.000567666 -0.000640384 -0.00286539 -0.000708971 0.000243579 -0.002731715 -0.000558368 -0.000640384 -0.002897872 -0.00066939 0.000243579 -0.002737386 -0.00054776 -0.000640384 -0.002922009 -0.000624233 0.000243579 -0.002740877 -0.00053625 -0.000640384 -0.002936872 -0.000575235 0.000243579 -0.002742056 -0.000524279 -0.000640384 -0.002941891 -0.000524279 0.000243579 -0.002740877 -0.000512309 -0.000640384 -0.002936872 -0.000473322 0.000243579 -0.002737386 -0.000500798 -0.000640384 -0.002922009 -0.000424324 0.000243579 -0.002731715 -0.00049019 -0.000640384 -0.002897872 -0.000379167 0.000243579 -0.002724085 -0.000480892 -0.000640384 -0.002865389 -0.000339587 0.000243579 -0.002714787 -0.000473261 -0.000640384 -0.002825809 -0.000307104 0.000243579 -0.002704178 -0.000467591 -0.000640384 -0.002780652 -0.000282967 0.000243579 -0.002692668 -0.000464099 -0.000640384 -0.002731653 -0.000268104 0.000243579 -0.002694226 -0.000222639 -3.6531e-05 -0.002694226 -0.000222639 0.000567706 -0.002635286 -0.000228444 -3.6531e-05 -0.002635286 -0.000228444 0.000567706 -0.00257861 -0.000245636 -3.6531e-05 -0.00257861 -0.000245636 0.000567706 -0.002526378 -0.000273555 -3.6531e-05 -0.002526378 -0.000273555 0.000567706 -0.002480596 -0.000311127 -3.6531e-05 -0.002480596 -0.000311127 0.000567706 -0.002443024 -0.000356909 -3.6531e-05 -0.002443024 -0.000356909 0.000567706 -0.002415105 -0.000409142 -3.6531e-05 -0.002415105 -0.000409142 0.000567706 -0.002397913 -0.000465817 -3.6531e-05 -0.002397913 -0.000465817 0.000567706 -0.002392108 -0.000524757 -3.6531e-05 -0.002392108 -0.000524757 0.000567706 -0.002397913 -0.000583698 -3.6531e-05 -0.002397913 -0.000583698 0.000567706 -0.002415105 -0.000640373 -3.6531e-05 -0.002415105 -0.000640373 0.000567706 -0.002443024 -0.000692605 -3.6531e-05 -0.002443024 -0.000692605 0.000567706 -0.002480596 -0.000738387 -3.653e-05 -0.002480596 -0.000738387 0.000567707 -0.002526378 -0.00077596 -3.653e-05 -0.002526378 -0.00077596 0.000567707 -0.002578611 -0.000803879 -3.653e-05 -0.002578611 -0.000803878 0.000567707 -0.002635286 -0.000821071 -3.653e-05 -0.002635286 -0.000821071 0.000567707 -0.002694226 -0.000826876 -3.653e-05 -0.002694226 -0.000826876 0.000567707 -0.002753167 -0.000821071 -3.653e-05 -0.002753167 -0.000821071 0.000567707 -0.002809842 -0.000803878 -3.653e-05 -0.002809842 -0.000803878 0.000567707 -0.002862074 -0.00077596 -3.653e-05 -0.002862074 -0.00077596 0.000567707 -0.002907856 -0.000738387 -3.653e-05 -0.002907856 -0.000738387 0.000567707 -0.002945429 -0.000692605 -3.6531e-05 -0.002945429 -0.000692605 0.000567706 -0.002973347 -0.000640373 -3.6531e-05 -0.002973347 -0.000640373 0.000567706 -0.00299054 -0.000583698 -3.6531e-05 -0.00299054 -0.000583697 0.000567706 -0.002996345 -0.000524757 -3.6531e-05 -0.002996345 -0.000524757 0.000567706 -0.00299054 -0.000465817 -3.6531e-05 -0.00299054 -0.000465817 0.000567706 -0.002973347 -0.000409141 -3.6531e-05 -0.002973347 -0.000409141 0.000567706 -0.002945428 -0.000356909 -3.6531e-05 -0.002945428 -0.000356909 0.000567706 -0.002907856 -0.000311127 -3.6531e-05 -0.002907856 -0.000311127 0.000567706 -0.002862074 -0.000273555 -3.6531e-05 -0.002862074 -0.000273555 0.000567706 -0.002809842 -0.000245636 -3.6531e-05 -0.002809842 -0.000245636 0.000567706 -0.002753166 -0.000228444 -3.6531e-05 -0.002753166 -0.000228444 0.000567706 -0.002686363 -7.5666e-05 0.000437593 -0.002686363 0.000163483 -0.000201159 -0.002654904 -7.5666e-05 0.000445302 -0.002654904 0.000163483 0.000445302 -0.002624654 -7.5666e-05 0.000468133 -0.002624654 0.000163483 -0.000170619 -0.002596776 -7.5666e-05 0.000505209 -0.002596776 0.000163483 -0.000133543 -0.00257234 -7.5666e-05 0.000555104 -0.00257234 0.000163483 -8.3647e-05 -0.002552286 -7.5666e-05 0.000615902 -0.002552286 0.000163483 -2.2849e-05 -0.002537385 -7.5666e-05 0.000685266 -0.002537385 0.000163483 4.6514e-05 -0.002528209 -7.5666e-05 0.00076053 -0.002528209 0.000163483 0.000121779 -0.00252511 -7.5666e-05 0.000838803 -0.00252511 0.000163483 0.000200051 -0.002528209 -7.5666e-05 0.000917075 -0.002528209 0.000163483 0.000278323 -0.002537385 -7.5666e-05 0.000992339 -0.002537385 0.000163483 0.000353587 -0.002552286 -7.5666e-05 0.001061703 -0.002552286 0.000163483 0.000422951 -0.00257234 -7.5666e-05 0.001122501 -0.00257234 0.000163483 0.000483749 -0.002596776 -7.5666e-05 0.001172396 -0.002596776 0.000163483 0.000533644 -0.002624654 -7.5666e-05 0.001209472 -0.002624654 0.000163483 0.00057072 -0.002654904 -7.5666e-05 0.001232303 -0.002654904 0.000163483 0.000593551 -0.002686363 -7.5666e-05 0.001240012 -0.002686363 0.000163483 0.00060126 -0.002717822 -7.5666e-05 0.001232303 -0.002717822 0.000163483 0.000593551 -0.002748072 -7.5666e-05 0.001209472 -0.002748072 0.000163483 0.00057072 -0.00277595 -7.5666e-05 0.001172396 -0.00277595 0.000163483 0.000533644 -0.002800386 -7.5666e-05 0.0011225 -0.002800386 0.000163483 0.000483749 -0.00282044 -7.5666e-05 0.001061702 -0.00282044 0.000163483 0.000422951 -0.002835341 -7.5666e-05 0.000992339 -0.002835341 0.000163483 0.000353587 -0.002844517 -7.5666e-05 0.000917074 -0.002844517 0.000163483 0.000278322 -0.002847615 -7.5666e-05 0.000838802 -0.002847615 0.000163483 0.00020005 -0.002844517 -7.5666e-05 0.00076053 -0.002844517 0.000163483 0.000121778 -0.002835341 -7.5666e-05 0.000685266 -0.002835341 0.000163483 4.6514e-05 -0.002820439 -7.5666e-05 0.000615902 -0.002820439 0.000163483 -2.285e-05 -0.002800385 -7.5666e-05 0.000555104 -0.002800385 0.000163483 -8.3648e-05 -0.00277595 -7.5666e-05 0.000505209 -0.00277595 0.000163483 -0.000133543 -0.002748071 -7.5666e-05 0.000468133 -0.002748071 0.000163483 -0.000170619 -0.002717822 -7.5666e-05 0.000445302 -0.002717822 0.000163483 -0.00019345 0.002765908 -7.5666e-05 0.00050689 0.002765908 0.000163483 -0.000131862 0.002797367 -7.5666e-05 0.000514599 0.002797367 0.000163483 0.000514599 0.002827617 -7.5666e-05 0.00053743 0.002827617 0.000163483 -0.000101321 0.002855495 -7.5666e-05 0.000574506 0.002855495 0.000163483 -6.4246e-05 0.002879931 -7.5666e-05 0.000624402 0.002879931 0.000163483 -1.435e-05 0.002899985 -7.5666e-05 0.0006852 0.002899985 0.000163483 4.6448e-05 0.002914886 -7.5666e-05 0.000754563 0.002914886 0.000163483 0.000115812 0.002924062 -7.5666e-05 0.000829828 0.002924062 0.000163483 0.000191076 0.002927161 -7.5666e-05 0.0009081 0.002927161 0.000163483 0.000269348 0.002924062 -7.5666e-05 0.000986372 0.002924062 0.000163483 0.00034762 0.002914886 -7.5666e-05 0.001061636 0.002914886 0.000163483 0.000422884 0.002899985 -7.5666e-05 0.001131 0.002899985 0.000163483 0.000492248 0.002879931 -7.5666e-05 0.001191798 0.002879931 0.000163483 0.000553046 0.002855495 -7.5666e-05 0.001241693 0.002855495 0.000163483 0.000602942 0.002827617 -7.5666e-05 0.001278769 0.002827617 0.000163483 0.000640017 0.002797367 -7.5666e-05 0.0013016 0.002797367 0.000163483 0.000662848 0.002765908 -7.5666e-05 0.001309309 0.002765908 0.000163483 0.000670558 0.002734449 -7.5666e-05 0.0013016 0.002734449 0.000163483 0.000662848 0.002704199 -7.5666e-05 0.001278769 0.002704199 0.000163483 0.000640017 0.002676321 -7.5666e-05 0.001241693 0.002676321 0.000163483 0.000602941 0.002651885 -7.5666e-05 0.001191798 0.002651885 0.000163483 0.000553046 0.002631831 -7.5666e-05 0.001131 0.002631831 0.000163483 0.000492248 0.00261693 -7.5666e-05 0.001061636 0.00261693 0.000163483 0.000422884 0.002607754 -7.5666e-05 0.000986372 0.002607754 0.000163483 0.00034762 0.002604656 -7.5666e-05 0.000908099 0.002604656 0.000163483 0.000269347 0.002607754 -7.5666e-05 0.000829827 0.002607754 0.000163483 0.000191075 0.00261693 -7.5666e-05 0.000754563 0.00261693 0.000163483 0.000115811 0.002631832 -7.5666e-05 0.000685199 0.002631832 0.000163483 4.6447e-05 0.002651886 -7.5666e-05 0.000624401 0.002651886 0.000163483 -1.4351e-05 0.002676321 -7.5666e-05 0.000574506 0.002676321 0.000163483 -6.4246e-05 0.0027042 -7.5666e-05 0.00053743 0.0027042 0.000163483 -0.000101322 0.002734449 -7.5666e-05 0.000514599 0.002734449 0.000163483 -0.000124153 0.002771574 -0.00046292 -0.000571087 0.002771574 -0.000263085 0.000312876 0.002783544 -0.000464099 -0.000571087 0.00282253 -0.000268104 0.000312876 0.002795055 -0.000467591 -0.000571087 0.002871528 -0.000282967 0.000312876 0.002805663 -0.000473261 -0.000571087 0.002916685 -0.000307104 0.000312876 0.002814961 -0.000480892 -0.000571087 0.002956266 -0.000339587 0.000312876 0.002822592 -0.00049019 -0.000571087 0.002988749 -0.000379168 0.000312876 0.002828262 -0.000500798 -0.000571087 0.003012885 -0.000424325 0.000312876 0.002831753 -0.000512309 -0.000571087 0.003027749 -0.000473323 0.000312876 0.002832932 -0.000524279 -0.000571087 0.003032768 -0.000524279 0.000312876 0.002831753 -0.00053625 -0.000571087 0.003027749 -0.000575235 0.000312876 0.002828262 -0.00054776 -0.000571087 0.003012885 -0.000624234 0.000312876 0.002822592 -0.000558368 -0.000571087 0.002988749 -0.000669391 0.000312876 0.002814961 -0.000567666 -0.000571087 0.002956266 -0.000708971 0.000312876 0.002805663 -0.000575297 -0.000571087 0.002916685 -0.000741454 0.000312876 0.002795055 -0.000580967 -0.000571087 0.002871528 -0.000765591 0.000312876 0.002783544 -0.000584459 -0.000571087 0.00282253 -0.000780454 0.000312876 0.002771574 -0.000585638 -0.000571087 0.002771574 -0.000785473 0.000312876 0.002759603 -0.000584459 -0.000571087 0.002720617 -0.000780454 0.000312876 0.002748093 -0.000580967 -0.000571087 0.002671619 -0.000765591 0.000312876 0.002737484 -0.000575297 -0.000571087 0.002626462 -0.000741454 0.000312876 0.002728186 -0.000567666 -0.000571087 0.002586881 -0.000708971 0.000312876 0.002720556 -0.000558368 -0.000571087 0.002554399 -0.00066939 0.000312876 0.002714885 -0.00054776 -0.000571087 0.002530262 -0.000624233 0.000312876 0.002711394 -0.00053625 -0.000571087 0.002515399 -0.000575235 0.000312876 0.002710215 -0.000524279 -0.000571087 0.00251038 -0.000524279 0.000312876 0.002711394 -0.000512309 -0.000571087 0.002515399 -0.000473322 0.000312876 0.002714885 -0.000500798 -0.000571087 0.002530262 -0.000424324 0.000312876 0.002720556 -0.00049019 -0.000571087 0.002554399 -0.000379167 0.000312876 0.002728186 -0.000480892 -0.000571087 0.002586882 -0.000339587 0.000312876 0.002737484 -0.000473261 -0.000571087 0.002626462 -0.000307104 0.000312876 0.002748093 -0.000467591 -0.000571087 0.002671619 -0.000282967 0.000312876 0.002759603 -0.000464099 -0.000571087 0.002720618 -0.000268104 0.000312876 0.002758045 -0.000222639 3.2767e-05 0.002758045 -0.000222639 0.000637004 0.002816985 -0.000228444 3.2767e-05 0.002816985 -0.000228444 0.000637004 0.002873661 -0.000245636 3.2767e-05 0.002873661 -0.000245636 0.000637004 0.002925893 -0.000273555 3.2767e-05 0.002925893 -0.000273555 0.000637004 0.002971675 -0.000311127 3.2767e-05 0.002971675 -0.000311127 0.000637004 0.003009247 -0.000356909 3.2767e-05 0.003009247 -0.000356909 0.000637004 0.003037166 -0.000409142 3.2767e-05 0.003037166 -0.000409142 0.000637004 0.003054358 -0.000465817 3.2767e-05 0.003054358 -0.000465817 0.000637004 0.003060163 -0.000524757 3.2767e-05 0.003060163 -0.000524757 0.000637004 0.003054358 -0.000583698 3.2767e-05 0.003054358 -0.000583698 0.000637004 0.003037166 -0.000640373 3.2767e-05 0.003037166 -0.000640373 0.000637004 0.003009247 -0.000692605 3.2767e-05 0.003009247 -0.000692605 0.000637004 0.002971675 -0.000738387 3.2767e-05 0.002971675 -0.000738387 0.000637004 0.002925893 -0.00077596 3.2767e-05 0.002925893 -0.00077596 0.000637004 0.00287366 -0.000803879 3.2767e-05 0.00287366 -0.000803878 0.000637004 0.002816985 -0.000821071 3.2767e-05 0.002816985 -0.000821071 0.000637004 0.002758045 -0.000826876 3.2767e-05 0.002758045 -0.000826876 0.000637004 0.002699104 -0.000821071 3.2767e-05 0.002699104 -0.000821071 0.000637004 0.002642429 -0.000803878 3.2767e-05 0.002642429 -0.000803878 0.000637004 0.002590197 -0.00077596 3.2767e-05 0.002590197 -0.00077596 0.000637004 0.002544415 -0.000738387 3.2767e-05 0.002544415 -0.000738387 0.000637004 0.002506842 -0.000692605 3.2767e-05 0.002506842 -0.000692605 0.000637004 0.002478924 -0.000640373 3.2767e-05 0.002478924 -0.000640373 0.000637004 0.002461731 -0.000583698 3.2767e-05 0.002461731 -0.000583697 0.000637004 0.002455926 -0.000524757 3.2767e-05 0.002455926 -0.000524757 0.000637004 0.002461731 -0.000465817 3.2767e-05 0.002461731 -0.000465817 0.000637004 0.002478924 -0.000409141 3.2767e-05 0.002478924 -0.000409141 0.000637004 0.002506843 -0.000356909 3.2767e-05 0.002506843 -0.000356909 0.000637004 0.002544415 -0.000311127 3.2767e-05 0.002544415 -0.000311127 0.000637004 0.002590197 -0.000273555 3.2767e-05 0.002590197 -0.000273555 0.000637004 0.002642429 -0.000245636 3.2767e-05 0.002642429 -0.000245636 0.000637004 0.002699105 -0.000228444 3.2767e-05 0.002699105 -0.000228444 0.000637004 0.002758045 -0.000130277 0.000427843 0.002758045 -0.000130273 0.001519447 0.002835695 -0.000137925 0.000427844 0.002835695 -0.000137921 0.001519448 0.002910362 -0.000160575 0.000427844 0.002910362 -0.000160571 0.001519448 0.002979175 -0.000197356 0.000427844 0.002979175 -0.000197352 0.001519448 0.00303949 -0.000246856 0.000427844 0.00303949 -0.000246852 0.001519448 0.003088989 -0.000307171 0.000427844 0.003088989 -0.000307167 0.001519448 0.003125771 -0.000375984 0.000427844 0.003125771 -0.00037598 0.001519448 0.00314842 -0.00045065 0.000427845 0.00314842 -0.000450646 0.001519449 0.003156068 -0.000528301 0.000427845 0.003156068 -0.000528297 0.001519449 0.00314842 -0.000605951 0.000427845 0.00314842 -0.000605947 0.001519449 0.003125771 -0.000680618 0.000427845 0.003125771 -0.000680614 0.001519449 0.003088989 -0.000749431 0.000427846 0.003088989 -0.000749427 0.00151945 0.00303949 -0.000809746 0.000427846 0.00303949 -0.000809742 0.00151945 0.002979175 -0.000859245 0.000427846 0.002979175 -0.000859242 0.00151945 0.002910362 -0.000896027 0.000427846 0.002910362 -0.000896023 0.00151945 0.002835695 -0.000918676 0.000427846 0.002835695 -0.000918673 0.00151945 0.002758044 -0.000926324 0.000427846 0.002758044 -0.000926321 0.00151945 0.002680394 -0.000918676 0.000427846 0.002680394 -0.000918673 0.00151945 0.002605727 -0.000896027 0.000427846 0.002605727 -0.000896023 0.00151945 0.002536914 -0.000859245 0.000427846 0.002536914 -0.000859241 0.00151945 0.002476599 -0.000809746 0.000427846 0.002476599 -0.000809742 0.00151945 0.0024271 -0.000749431 0.000427846 0.0024271 -0.000749427 0.00151945 0.002390319 -0.000680617 0.000427845 0.002390319 -0.000680614 0.001519449 0.002367669 -0.000605951 0.000427845 0.002367669 -0.000605947 0.001519449 0.002360021 -0.0005283 0.000427845 0.002360021 -0.000528297 0.001519449 0.002367669 -0.00045065 0.000427845 0.002367669 -0.000450646 0.001519449 0.002390319 -0.000375983 0.000427844 0.002390319 -0.00037598 0.001519448 0.0024271 -0.00030717 0.000427844 0.0024271 -0.000307167 0.001519448 0.0024766 -0.000246855 0.000427844 0.0024766 -0.000246851 0.001519448 0.002536915 -0.000197356 0.000427844 0.002536915 -0.000197352 0.001519448 0.002605728 -0.000160575 0.000427844 0.002605728 -0.000160571 0.001519448 0.002680395 -0.000137925 0.000427844 0.002680395 -0.000137921 0.001519448 0.002758045 -9.0765e-05 0.001417277 0.002843403 -9.9172e-05 0.001417278 0.002925481 -0.00012407 0.001417278 0.003001125 -0.000164502 0.001417278 0.003067427 -0.000218915 0.001417278 0.00312184 -0.000285217 0.001417278 0.003162272 -0.000360861 0.001417278 0.00318717 -0.000442939 0.001417279 0.003195577 -0.000528297 0.001417279 0.00318717 -0.000613656 0.001417279 0.003162272 -0.000695734 0.001417279 0.00312184 -0.000771377 0.00141728 0.003067427 -0.00083768 0.00141728 0.003001125 -0.000892092 0.00141728 0.002925481 -0.000932525 0.00141728 0.002843403 -0.000957423 0.00141728 0.002758044 -0.00096583 0.00141728 0.002672686 -0.000957423 0.00141728 0.002590608 -0.000932525 0.00141728 0.002514965 -0.000892092 0.00141728 0.002448662 -0.000837679 0.00141728 0.00239425 -0.000771377 0.00141728 0.002353817 -0.000695733 0.001417279 0.002328919 -0.000613655 0.001417279 0.002320512 -0.000528297 0.001417279 0.002328919 -0.000442939 0.001417279 0.002353818 -0.00036086 0.001417278 0.00239425 -0.000285217 0.001417278 0.002448663 -0.000218915 0.001417278 0.002514965 -0.000164502 0.001417278 0.002590609 -0.00012407 0.001417278 0.002672687 -9.9172e-05 0.001417278 0.002849184 -7.011e-05 0.001287587 0.002936821 -9.6694e-05 0.001287587 0.003017587 -0.000139865 0.001287588 0.00308838 -0.000197963 0.001287588 0.003146478 -0.000268755 0.001287588 0.003189648 -0.000349522 0.001287588 0.003216233 -0.000437159 0.001287589 0.003225209 -0.000528298 0.001287589 0.003216233 -0.000619437 0.001287589 0.003189648 -0.000707074 0.001287589 0.003146478 -0.00078784 0.00128759 0.00308838 -0.000858633 0.00128759 0.003017587 -0.000916731 0.00128759 0.002936821 -0.000959901 0.00128759 0.002849184 -0.000986486 0.00128759 0.002758044 -0.000995462 0.001287591 0.002666905 -0.000986486 0.00128759 0.002579268 -0.000959901 0.00128759 0.002498502 -0.000916731 0.00128759 0.00242771 -0.000858633 0.00128759 0.002369612 -0.00078784 0.00128759 0.002326441 -0.000707073 0.001287589 0.002299857 -0.000619437 0.001287589 0.00229088 -0.000528297 0.001287589 0.002299857 -0.000437158 0.001287589 0.002326441 -0.000349521 0.001287588 0.002369612 -0.000268755 0.001287588 0.00242771 -0.000197962 0.001287588 0.002498503 -0.000139865 0.001287588 0.002579269 -9.6694e-05 0.001287587 0.002666906 -7.011e-05 0.001287587 0.002758045 -6.1134e-05 0.001287587 0.002852602 -5.2925e-05 0.001130603 0.002943526 -8.0507e-05 0.001130603 0.003027322 -0.000125297 0.001130603 0.00310077 -0.000185574 0.001130603 0.003161047 -0.000259021 0.001130604 0.003205836 -0.000342817 0.001130604 0.003233418 -0.000433741 0.001130604 0.003242731 -0.000528298 0.001130605 0.003233418 -0.000622856 0.001130605 0.003205836 -0.00071378 0.001130605 0.003161047 -0.000797575 0.001130605 0.00310077 -0.000871023 0.001130606 0.003027322 -0.0009313 0.001130606 0.002943526 -0.00097609 0.001130606 0.002852602 -0.001003671 0.001130606 0.002758044 -0.001012984 0.001130606 0.002663487 -0.001003671 0.001130606 0.002572563 -0.00097609 0.001130606 0.002488767 -0.0009313 0.001130606 0.00241532 -0.000871023 0.001130606 0.002355043 -0.000797575 0.001130605 0.002310253 -0.000713779 0.001130605 0.002282672 -0.000622855 0.001130605 0.002273359 -0.000528298 0.001130605 0.002282672 -0.00043374 0.001130604 0.002310253 -0.000342817 0.001130604 0.002355043 -0.000259021 0.001130604 0.00241532 -0.000185573 0.001130603 0.002488768 -0.000125296 0.001130603 0.002572564 -8.0507e-05 0.001130603 0.002663488 -5.2925e-05 0.001130603 0.002758045 -4.3612e-05 0.001130603 0.002758045 -0.000184042 0.00044031 0.002758045 -0.000178447 0.001484419 0.002825206 -0.000190657 0.00044031 0.002826298 -0.00018517 0.001484419 0.002889788 -0.000210246 0.00044031 0.002891926 -0.000205079 0.001484419 0.002949305 -0.00024206 0.000440311 0.00295241 -0.000237409 0.001484419 0.003001472 -0.000284873 0.000440311 0.003005426 -0.000280915 0.001484419 0.003044285 -0.00033704 0.000440311 0.003048933 -0.000333932 0.001484419 0.003076099 -0.000396558 0.000440311 0.003081263 -0.000394416 0.001484419 0.003095688 -0.000461139 0.000440311 0.003101172 -0.000460044 0.00148442 0.003102303 -0.000528301 0.000440311 0.003107894 -0.000528297 0.00148442 0.003095689 -0.000595462 0.000440312 0.003101172 -0.00059655 0.00148442 0.003076099 -0.000660044 0.000440312 0.003081263 -0.000662179 0.00148442 0.003044285 -0.000719561 0.000440312 0.003048933 -0.000722663 0.001484421 0.003001472 -0.000771728 0.000440312 0.003005426 -0.000775679 0.001484421 0.002949305 -0.000814541 0.000440312 0.00295241 -0.000819186 0.001484421 0.002889788 -0.000846355 0.000440313 0.002891926 -0.000851515 0.001484421 0.002825206 -0.000865944 0.000440313 0.002826298 -0.000871424 0.001484421 0.002758044 -0.000872559 0.000440313 0.002758044 -0.000878147 0.001484421 0.002690883 -0.000865944 0.000440313 0.002689791 -0.000871424 0.001484421 0.002626301 -0.000846355 0.000440313 0.002624163 -0.000851515 0.001484421 0.002566784 -0.000814541 0.000440312 0.002563679 -0.000819185 0.001484421 0.002514617 -0.000771728 0.000440312 0.002510663 -0.000775679 0.001484421 0.002471804 -0.000719561 0.000440312 0.002467156 -0.000722662 0.001484421 0.002439992 -0.000660044 0.000440312 0.002434826 -0.000662178 0.00148442 0.002420401 -0.000595462 0.000440312 0.002414917 -0.00059655 0.00148442 0.002413786 -0.0005283 0.000440311 0.002408195 -0.000528297 0.00148442 0.002420401 -0.000461139 0.000440311 0.002414918 -0.000460044 0.00148442 0.002439991 -0.000396557 0.000440311 0.002434827 -0.000394415 0.001484419 0.002471805 -0.00033704 0.000440311 0.002467157 -0.000333931 0.001484419 0.002514617 -0.000284873 0.000440311 0.002510664 -0.000280915 0.001484419 0.002566785 -0.00024206 0.000440311 0.00256368 -0.000237408 0.001484419 0.002626302 -0.000210248 0.00044031 0.002624164 -0.000205079 0.001484419 0.002690884 -0.000190657 0.00044031 0.002689792 -0.00018517 0.001484419 0.002758045 -0.000141127 0.001388615 0.002833578 -0.000148567 0.001388615 0.002906209 -0.0001706 0.001388616 0.002973145 -0.000206378 0.001388616 0.003031816 -0.000254526 0.001388616 0.003079965 -0.000313197 0.001388616 0.003115742 -0.000380134 0.001388616 0.003137775 -0.000452764 0.001388617 0.003145215 -0.000528297 0.001388617 0.003137775 -0.000603831 0.001388617 0.003115742 -0.000676461 0.001388617 0.003079965 -0.000743398 0.001388618 0.003031816 -0.000802068 0.001388618 0.002973145 -0.000850217 0.001388618 0.002906209 -0.000885995 0.001388618 0.002833578 -0.000908028 0.001388618 0.002758044 -0.000915468 0.001388618 0.002682511 -0.000908028 0.001388618 0.002609881 -0.000885995 0.001388618 0.002542944 -0.000850217 0.001388618 0.002484273 -0.000802068 0.001388618 0.002436125 -0.000743398 0.001388618 0.002400347 -0.000676461 0.001388617 0.002378314 -0.00060383 0.001388617 0.002370874 -0.000528297 0.001388617 0.002378315 -0.000452764 0.001388617 0.002400347 -0.000380133 0.001388616 0.002436125 -0.000313196 0.001388616 0.002484274 -0.000254526 0.001388616 0.002542945 -0.000206377 0.001388616 0.002609881 -0.0001706 0.001388616 0.002682512 -0.000148567 0.001388615 0.00283882 -0.000122223 0.001270783 0.002916488 -0.000145784 0.001270783 0.002988069 -0.000184043 0.001270783 0.00305081 -0.000235533 0.001270783 0.003102299 -0.000298274 0.001270783 0.003140559 -0.000369854 0.001270784 0.00316412 -0.000447523 0.001270784 0.003172076 -0.000528298 0.001270784 0.00316412 -0.000609073 0.001270784 0.003140559 -0.000686741 0.001270785 0.003102299 -0.000758322 0.001270785 0.00305081 -0.000821063 0.001270785 0.002988069 -0.000872553 0.001270785 0.002916488 -0.000910812 0.001270785 0.00283882 -0.000934373 0.001270785 0.002758044 -0.000942329 0.001270785 0.00267727 -0.000934373 0.001270785 0.002599601 -0.000910812 0.001270785 0.002528021 -0.000872552 0.001270785 0.002465281 -0.000821063 0.001270785 0.00241379 -0.000758321 0.001270785 0.00237553 -0.000686741 0.001270785 0.00235197 -0.000609072 0.001270784 0.002344013 -0.000528297 0.001270784 0.00235197 -0.000447524 0.001270784 0.00237553 -0.000369854 0.001270784 0.00241379 -0.000298274 0.001270783 0.00246528 -0.000235534 0.001270783 0.002528021 -0.000184043 0.001270783 0.002599602 -0.000145783 0.001270783 0.00267727 -0.000122223 0.001270783 0.002758045 -0.000114267 0.001270783 0.002841965 -0.000106405 0.00113118 0.002922659 -0.000130882 0.001131181 0.002997029 -0.000170633 0.001131181 0.003062213 -0.00022413 0.001131181 0.00311571 -0.000289314 0.001131181 0.003155461 -0.000363684 0.001131181 0.003179938 -0.000444378 0.001131182 0.003188203 -0.000528298 0.001131182 0.003179939 -0.000612219 0.001131182 0.003155461 -0.000692913 0.001131182 0.00311571 -0.000767283 0.001131183 0.003062213 -0.000832466 0.001131183 0.002997029 -0.000885964 0.001131183 0.002922659 -0.000925714 0.001131183 0.002841965 -0.000950192 0.001131183 0.002758044 -0.000958457 0.001131183 0.002674124 -0.000950192 0.001131183 0.00259343 -0.000925714 0.001131183 0.00251906 -0.000885963 0.001131183 0.002453876 -0.000832466 0.001131183 0.002400379 -0.000767283 0.001131183 0.002360629 -0.000692914 0.001131182 0.002336151 -0.000612218 0.001131182 0.002327886 -0.000528298 0.001131182 0.002336151 -0.000444378 0.001131182 0.002360629 -0.000363683 0.001131181 0.00240038 -0.000289313 0.001131181 0.002453877 -0.00022413 0.001131181 0.002519061 -0.000170633 0.001131181 0.002593429 -0.000130882 0.001131181 0.002674125 -0.000106405 0.00113118 0.002758045 -9.814e-05 0.00113118</float_array>
          <technique_common>
            <accessor count="3740" source="#vertices_airplane2_0-array" stride="3">
              <param type="float" name="X"/>
              <param type="float" name="Y"/>
              <param type="float" name="Z"/>
            </accessor>
          </technique_common>
        </source>
        <source id="normals_airplane2_0">
          <float_array count="20292" id="normals_airplane2_0-array">-0.7905495 0.6116352 -0.03056087 -0.790549 0.6116359 -0.03056035 -0.9607945 -0.2747627 -0.03713895 -0.9607928 -0.2747687 -0.03714153 -0.3062739 -0.9518698 -0.01183711 -0.3062737 -0.95187 -0.0118374 -0.6563799 0.7540036 -0.02537511 -0.656379 0.7540045 -0.02537414 -0.4931259 0.8697491 -0.0190587 -0.4931302 0.8697466 -0.01906402 -0.9949796 -0.0923907 -0.03846437 -0.9949807 -0.09238117 -0.0384604 -0.4931256 -0.8697492 -0.01906384 -0.493132 -0.8697458 -0.01905894 -0.3062841 0.9518666 -0.01183777 -0.306284 0.9518666 -0.0118375 -0.9949797 0.0923907 -0.03846037 -0.9949805 0.09238133 -0.0384644 -0.9607952 0.2747599 -0.03714162 -0.9607937 0.2747656 -0.03713893 -0.6563863 -0.7539982 -0.02537443 -0.6563849 -0.7539992 -0.02537532 -0.8924957 0.4497344 -0.03450131 -0.8924958 0.4497343 -0.03450137 -0.7905455 -0.6116403 -0.0305602 -0.7905448 -0.6116412 -0.0305607 -0.8924978 -0.4497301 -0.03450144 -0.892498 -0.44973 -0.03450138 -0.8808608 0.4616114 -0.1048769 -0.8808588 0.4616159 -0.1048737 -0.7757802 -0.6242064 -0.09236583 -0.7757856 -0.6242002 -0.09236278 -0.8808637 -0.4616066 -0.1048743 -0.8808602 -0.4616126 -0.1048768 -0.7757853 0.6242005 -0.09236273 -0.7757881 0.6241965 -0.09236673 -0.9523257 -0.283231 -0.1133835 -0.9523266 -0.2832286 -0.1133826 -0.2953869 -0.9547301 -0.03516994 -0.2953888 -0.9547296 -0.03516867 -0.6400082 0.7645804 -0.07619854 -0.6400075 0.7645812 -0.07619742 -0.4778989 0.87657 -0.05690047 -0.4778979 0.8765708 -0.0568979 -0.9884539 -0.09544411 -0.1176826 -0.9884532 -0.09544945 -0.1176848 -0.4778996 -0.8765697 -0.05689811 -0.4778958 -0.8765717 -0.05690014 -0.2953975 0.9547269 -0.03516976 -0.2953975 0.9547268 -0.03517118 -0.9884537 0.09544418 -0.1176849 -0.9884534 0.09544926 -0.1176826 -0.9523268 0.283228 -0.1133826 -0.9523273 0.283226 -0.1133837 -0.6400148 -0.7645749 -0.07619829 -0.6400132 -0.7645763 -0.07619914 -0.605864 -0.7853493 -0.1271036 -0.6058683 -0.7853462 -0.127102 -0.9332561 0.3011646 -0.195788 -0.933255 0.3011705 -0.1957842 -0.8551865 0.4862821 -0.1794038 -0.8551893 0.4862747 -0.1794104 -0.744072 -0.6496087 -0.1560939 -0.7440654 -0.6496156 -0.1560967 -0.7440743 0.649605 -0.1560985 -0.7440724 0.6496084 -0.156094 -0.8551868 -0.4862794 -0.1794098 -0.8551944 -0.4862676 -0.1794055 -0.933256 -0.301167 -0.1957845 -0.9332529 -0.3011746 -0.1957874 -0.6058593 0.7853535 -0.1271001 -0.6058599 0.7853525 -0.1271027 -0.9735899 -0.102011 -0.2042461 -0.97359 -0.1020107 -0.204246 -0.2737593 -0.9600821 -0.05742994 -0.273761 -0.9600817 -0.05742923 -0.4469864 -0.8896123 -0.09377097 -0.4469881 -0.8896115 -0.09377035 -0.4469875 0.8896119 -0.0937702 -0.4469874 0.8896118 -0.09377117 -0.2737695 0.9600791 -0.057431 -0.273769 0.9600792 -0.05743198 -0.97359 0.102011 -0.204246 -0.9735899 0.1020107 -0.2042461 -0.399692 0.9075636 -0.1287425 -0.3996922 0.9075636 -0.128742 -0.9457383 0.1130539 -0.3046275 -0.9457382 0.1130527 -0.3046282 -0.3996923 -0.9075635 -0.1287421 -0.3996914 -0.9075639 -0.1287423 -0.5512523 -0.8152261 -0.1775589 -0.5512503 -0.8152274 -0.1775593 -0.2417367 0.9672123 -0.0778691 -0.2417403 0.9672118 -0.07786558 -0.8982798 0.3307242 -0.2893355 -0.8982806 0.3307171 -0.2893412 -0.6907377 -0.6880252 -0.2224922 -0.6907457 -0.6880178 -0.2224898 -0.8098812 0.5253947 -0.2608693 -0.8098797 0.5254009 -0.2608618 -0.6907455 0.6880181 -0.2224897 -0.6907462 0.6880158 -0.2224949 -0.8098875 -0.5253875 -0.2608644 -0.8098782 -0.5253999 -0.2608683 -0.5512453 0.8152312 -0.1775577 -0.5512454 0.8152314 -0.1775566 -0.8982766 -0.3307289 -0.2893398 -0.8982817 -0.3307184 -0.2893361 -0.9457381 -0.113054 -0.3046282 -0.9457385 -0.1130527 -0.3046276 -0.2417333 -0.9672137 -0.07786333 -0.2417258 -0.9672154 -0.07786558 -0.8362508 -0.3751549 -0.3999291 -0.8362473 -0.3751607 -0.399931 -0.200006 -0.9751146 -0.09565088 -0.2000133 -0.9751133 -0.0956495 -0.335505 0.9282734 -0.1604519 -0.3355057 0.9282733 -0.1604512 -0.8944526 -0.1302829 -0.4277627 -0.8944521 -0.1302843 -0.4277633 -0.8944523 0.130283 -0.4277634 -0.8944525 0.1302842 -0.4277626 -0.3355058 -0.9282733 -0.1604513 -0.3355041 -0.9282738 -0.1604515 -0.2000185 0.9751119 -0.09565189 -0.200014 0.9751126 -0.09565468 -0.8362504 0.3751523 -0.3999325 -0.8362505 0.3751558 -0.399929 -0.4726696 -0.8517538 -0.2260507 -0.4726741 -0.8517514 -0.2260501 -0.6083826 -0.7383884 -0.2909521 -0.6083789 -0.7383913 -0.2909527 -0.7345026 0.5806178 -0.3512675 -0.7345024 0.5806153 -0.351272 -0.7345026 -0.5806151 -0.3512721 -0.7345087 -0.5806084 -0.3512704 -0.6083852 0.7383849 -0.2909558 -0.6083856 0.7383854 -0.2909535 -0.4726664 0.8517567 -0.2260464 -0.4726653 0.8517567 -0.2260487 -0.4875465 0.7963278 -0.3579951 -0.4875456 0.7963277 -0.3579966 -0.7247714 -0.4375801 -0.5321936 -0.7247772 -0.4375729 -0.5321918 -0.1497556 -0.9825889 -0.109965 -0.1497549 -0.9825889 -0.1099651 -0.3670974 0.8902681 -0.2695591 -0.3671016 0.8902677 -0.2695549 -0.2547907 0.9487246 -0.187092 -0.2547904 0.9487246 -0.1870922 -0.7961624 -0.156065 -0.5846103 -0.7961591 -0.1560713 -0.584613 -0.2547901 -0.9487247 -0.187092 -0.2547907 -0.9487246 -0.187092 -0.1497603 0.9825878 -0.1099691 -0.1497609 0.9825877 -0.1099689 -0.7961598 0.1560655 -0.5846136 -0.7961617 0.1560707 -0.5846097 -0.7247764 0.4375747 -0.5321912 -0.724775 0.4375709 -0.5321963 -0.3671088 -0.8902631 -0.2695602 -0.3670992 -0.8902671 -0.2695605 -0.6118903 0.650937 -0.4493008 -0.6118903 0.650937 -0.4493009 -0.4875406 -0.7963324 -0.3579929 -0.4875433 -0.7963307 -0.3579927 -0.6118934 -0.6509326 -0.4493031 -0.6118934 -0.6509325 -0.4493031 -0.4203911 0.7262405 -0.5439174 -0.4203895 0.7262399 -0.5439194 -0.3209256 -0.8512312 -0.4152254 -0.3209171 -0.8512348 -0.4152246 -0.3209223 0.8512295 -0.4152313 -0.320927 0.8512298 -0.4152272 -0.4203913 -0.726237 -0.5439218 -0.4203945 -0.726235 -0.5439219 -0.5244864 -0.5142133 -0.6786005 -0.5244833 -0.5142161 -0.6786008 -0.2345102 0.9235488 -0.3034182 -0.2345065 0.9235489 -0.3034206 -0.6002565 -0.1910823 -0.7766465 -0.6002631 -0.1910737 -0.7766434 -0.09276772 -0.9884268 -0.1200278 -0.09276395 -0.9884271 -0.1200278 -0.159647 -0.9653221 -0.2065575 -0.1596452 -0.9653224 -0.2065574 -0.1596457 0.9653223 -0.2065579 -0.159647 0.9653222 -0.2065574 -0.09277374 0.9884257 -0.1200316 -0.09277119 0.9884259 -0.1200323 -0.6002622 0.1910816 -0.7766422 -0.6002574 0.1910746 -0.7766476 -0.2345088 -0.9235473 -0.3034237 -0.2345148 -0.9235457 -0.3034241 -0.5244857 0.5142097 -0.6786038 -0.5244872 0.5142112 -0.6786015 -0.08086725 -0.94319 -0.3222623 -0.08086987 -0.9431897 -0.3222629 -0.03142756 0.9916293 -0.1252338 -0.0314269 0.9916294 -0.1252339 -0.198773 0.5771385 -0.7920861 -0.1987691 0.5771362 -0.7920889 -0.1127997 -0.8861211 -0.4495172 -0.1128001 -0.886121 -0.4495173 -0.1523947 0.779714 -0.6073071 -0.1524017 0.7797162 -0.6073025 -0.1128012 0.8861185 -0.4495219 -0.1128009 0.8861185 -0.4495221 -0.1524037 -0.7797097 -0.6073104 -0.1523948 -0.7797135 -0.6073077 -0.08086841 0.9431917 -0.3222573 -0.08086613 0.9431916 -0.3222581 -0.1987678 -0.5771432 -0.7920841 -0.1987727 -0.5771399 -0.7920852 -0.2372308 -0.2236454 -0.9453593 -0.2372312 -0.2236452 -0.9453593 -0.0314256 -0.99163 -0.1252288 -0.03143329 -0.9916297 -0.1252294 -0.05442873 0.9746765 -0.2168943 -0.05442833 0.9746765 -0.2168944 -0.2372312 0.2236455 -0.9453592 -0.2372308 0.2236452 -0.9453594 -0.05442822 -0.9746765 -0.2168942 -0.05442876 -0.9746766 -0.2168943 0.05442863 0.9746765 -0.2168944 0.05442822 0.9746765 -0.2168944 0.2372283 -0.2236453 -0.9453599 0.237231 -0.2236479 -0.9453588 0.2372312 0.2236452 -0.9453593 0.2372281 0.2236479 -0.9453593 0.05442824 -0.9746765 -0.2168943 0.05442873 -0.9746766 -0.2168942 0.03142759 0.9916294 -0.1252339 0.03142689 0.9916294 -0.1252339 0.1987735 0.5771356 -0.7920882 0.1987686 0.5771389 -0.792087 0.08086605 -0.9431899 -0.322263 0.08086946 -0.9431901 -0.3222617 0.1127997 -0.886121 -0.4495173 0.1127984 -0.8861209 -0.4495179 0.1523938 0.7797172 -0.6073033 0.1524027 0.7797134 -0.6073059 0.1524029 -0.7797125 -0.6073069 0.1523958 -0.7797103 -0.6073115 0.1127995 0.8861186 -0.4495222 0.112801 0.8861182 -0.4495226 0.08086862 0.9431915 -0.3222581 0.08086463 0.9431921 -0.3222573 0.1987683 -0.5771404 -0.7920859 0.1987722 -0.5771428 -0.7920832 0.03142575 -0.99163 -0.1252294 0.031433 -0.9916299 -0.1252282 0.09276752 -0.9884268 -0.1200275 0.09276438 -0.988427 -0.1200283 0.2345105 0.9235485 -0.3034188 0.2345088 0.923549 -0.3034186 0.1596454 0.9653224 -0.2065575 0.1596472 0.9653221 -0.2065576 0.6002612 -0.1910801 -0.7766434 0.6002584 -0.1910761 -0.7766465 0.1596469 -0.9653222 -0.2065572 0.1596456 -0.9653223 -0.2065578 0.09277408 0.9884257 -0.120032 0.09277103 0.988426 -0.1200321 0.6002579 0.1910806 -0.7766458 0.6002617 0.1910757 -0.7766441 0.5244849 0.5142119 -0.6786028 0.524482 0.5142145 -0.678603 0.2345125 -0.9235466 -0.3034233 0.2345137 -0.9235464 -0.3034226 0.4203919 0.7262391 -0.5439186 0.4203887 0.7262411 -0.5439183 0.320925 -0.8512318 -0.4152247 0.3209235 -0.8512318 -0.415226 0.4203922 -0.7262357 -0.5439228 0.4203937 -0.7262364 -0.5439209 0.320926 0.8512293 -0.4152292 0.3209287 0.8512281 -0.4152295 0.5244812 -0.5142168 -0.678602 0.5244825 -0.5142181 -0.6785998 0.4875475 0.7963268 -0.3579958 0.4875447 0.7963285 -0.3579959 0.6118935 -0.6509325 -0.4493032 0.6118934 -0.6509324 -0.4493031 0.7247751 -0.437579 -0.5321894 0.724775 -0.4375785 -0.5321901 0.3670985 0.8902687 -0.2695557 0.3671026 0.8902671 -0.2695556 0.7961628 -0.1560625 -0.5846103 0.7961636 -0.1560648 -0.5846087 0.1497556 -0.9825889 -0.109965 0.1497551 -0.9825889 -0.1099652 0.2547933 -0.9487239 -0.1870914 0.2547915 -0.9487242 -0.1870925 0.2547908 0.9487245 -0.1870921 0.254794 0.9487237 -0.1870919 0.1497602 0.9825878 -0.109969 0.1497609 0.9825876 -0.1099689 0.7961639 0.1560622 -0.5846089 0.7961625 0.156065 -0.5846102 0.3671065 -0.8902646 -0.2695585 0.3671048 -0.8902647 -0.2695602 0.7247762 0.4375754 -0.5321911 0.724777 0.4375744 -0.5321907 0.6118903 0.650937 -0.4493008 0.6118903 0.650937 -0.4493008 0.4875414 -0.7963316 -0.3579935 0.4875423 -0.7963318 -0.3579919 0.6083764 -0.7383927 -0.2909542 0.6083769 -0.7383932 -0.2909519 0.7345014 0.5806161 -0.351273 0.7345034 0.5806139 -0.3512725 0.6083832 0.7383868 -0.2909549 0.6083794 0.7383897 -0.2909555 0.7345055 -0.5806107 -0.3512734 0.7345054 -0.5806098 -0.3512749 0.4726641 0.8517576 -0.2260479 0.4726637 0.8517578 -0.226048 0.8362461 -0.3751615 -0.3999328 0.8362462 -0.3751639 -0.3999304 0.8944524 -0.1302842 -0.4277628 0.8944508 -0.1302746 -0.427769 0.200007 -0.9751143 -0.09565134 0.200005 -0.9751146 -0.09565254 0.3355055 0.9282732 -0.1604521 0.3355042 0.9282737 -0.1604523 0.8944507 0.1302848 -0.4277662 0.8944531 0.1302781 -0.4277632 0.3355043 -0.9282736 -0.1604524 0.3355048 -0.9282736 -0.1604518 0.4726696 -0.8517537 -0.2260508 0.4726697 -0.8517538 -0.2260506 0.2000112 0.975113 -0.09565548 0.2000144 0.9751125 -0.0956549 0.8362488 0.375157 -0.3999316 0.8362489 0.3751566 -0.3999315 0.2417454 0.9672105 -0.07786487 0.2417416 0.9672114 -0.07786601 0.8982784 0.3307233 -0.2893406 0.8982835 0.3307127 -0.2893368 0.5512469 -0.8152292 -0.1775615 0.5512472 -0.8152297 -0.1775584 0.6907422 -0.6880221 -0.2224876 0.6907431 -0.6880191 -0.2224945 0.8098839 0.5253937 -0.2608631 0.8098769 0.525403 -0.260866 0.8098835 -0.5253919 -0.2608681 0.8098823 -0.5253964 -0.2608625 0.6907412 0.6880211 -0.2224939 0.690752 0.6880113 -0.2224907 0.551244 0.815232 -0.1775574 0.5512384 0.8152356 -0.1775588 0.8982793 -0.3307268 -0.2893339 0.8982804 -0.3307174 -0.2893413 0.241734 -0.9672135 -0.07786357 0.2417358 -0.9672132 -0.07786174 0.3996915 0.9075638 -0.1287424 0.3996924 0.9075634 -0.1287422 0.9457398 -0.1130428 -0.3046269 0.9457405 -0.1130533 -0.304621 0.9457409 0.1130453 -0.3046228 0.9457386 0.1130538 -0.3046265 0.399692 -0.9075637 -0.128742 0.3996918 -0.9075637 -0.1287425 0.9735897 -0.1020108 -0.2042471 0.9735898 -0.1020111 -0.2042469 0.4469872 -0.889612 -0.09377114 0.4469872 -0.8896121 -0.09377018 0.2737702 0.9600789 -0.05743116 0.2737685 0.9600794 -0.0574319 0.9735898 0.1020108 -0.2042469 0.9735897 0.1020111 -0.204247 0.9332589 0.3011588 -0.1957837 0.9332569 0.3011639 -0.1957856 0.6058651 -0.7853491 -0.1270995 0.6058656 -0.7853484 -0.1271014 0.8551847 0.4862836 -0.1794085 0.8551893 0.4862764 -0.1794059 0.7440711 -0.6496089 -0.156098 0.7440686 -0.6496131 -0.1560921 0.8551888 -0.4862775 -0.1794057 0.8551904 -0.486273 -0.1794097 0.7440788 0.6496009 -0.1560942 0.7440702 0.6496098 -0.1560979 0.9332573 -0.3011625 -0.1957857 0.9332565 -0.3011664 -0.1957832 0.2737597 -0.960082 -0.05743002 0.2737601 -0.9600819 -0.05742905 0.6058573 0.7853552 -0.1270997 0.6058604 0.7853529 -0.1270985 0.4469883 0.8896114 -0.0937704 0.4469867 0.8896122 -0.09377103 0.640007 0.7645815 -0.07619833 0.6400019 0.7645855 -0.07620094 0.9884535 -0.09544922 -0.1176821 0.9884539 -0.09544302 -0.1176849 0.2953876 -0.9547299 -0.03516996 0.2953877 -0.95473 -0.03516854 0.4778977 -0.8765708 -0.05689781 0.4778986 -0.8765702 -0.05690037 0.4778961 0.8765716 -0.05690008 0.4778999 0.8765696 -0.05689809 0.2953987 0.9547265 -0.0351699 0.2953969 0.9547271 -0.03517105 0.9884532 0.09544943 -0.1176848 0.9884542 0.09544291 -0.1176821 0.6400114 -0.7645775 -0.07620208 0.6400092 -0.7645796 -0.07619857 0.9523275 0.2832254 -0.1133825 0.9523266 0.2832281 -0.1133836 0.8808629 0.4616083 -0.1048728 0.8808615 0.4616109 -0.1048739 0.775781 -0.6242059 -0.09236208 0.775785 -0.6242001 -0.09236778 0.7757829 0.6242028 -0.09236754 0.7757905 0.624194 -0.09236319 0.8808649 -0.4616044 -0.1048743 0.8808639 -0.4616064 -0.1048729 0.9523265 -0.2832286 -0.1133836 0.9523259 -0.2832309 -0.1133824 0.7905551 0.6116281 -0.03055624 0.7905497 0.611635 -0.03056035 0.892498 -0.44973 -0.03450145 0.8924978 -0.4497301 -0.0345014 0.6563733 0.7540095 -0.02537485 0.6563799 0.7540038 -0.02537018 0.9607929 -0.2747684 -0.03713889 0.9607944 -0.2747627 -0.0371416 0.9949805 -0.09238097 -0.03846457 0.9949798 -0.09239072 -0.03846037 0.3062738 -0.9518699 -0.01183713 0.3062771 -0.9518688 -0.01184439 0.49313 0.8697467 -0.01906461 0.4931307 0.8697464 -0.01906404 0.9949807 0.09238078 -0.0384604 0.9949796 0.09239069 -0.03846453 0.49313 -0.8697467 -0.019064 0.4931258 -0.8697493 -0.01905876 0.656381 -0.7540029 -0.0253702 0.656386 -0.7539983 -0.02537536 0.3062807 0.9518676 -0.01184456 0.3062841 0.9518666 -0.01184106 0.9607936 0.2747659 -0.03714156 0.9607953 0.2747599 -0.03713899 0.7905502 -0.6116343 -0.03056036 0.7905457 -0.6116402 -0.03055589 0.8924958 0.4497343 -0.03450131 0.8924958 0.4497344 -0.03450137 0.7905456 -0.6116401 0.0305602 0.7905448 -0.6116412 0.03056084 0.8924957 0.4497344 0.03450131 0.8924959 0.449734 0.03450153 0.8924978 -0.4497301 0.03450144 0.892498 -0.44973 0.03450138 0.7905496 0.611635 0.03056104 0.790549 0.6116359 0.03056035 0.6563798 0.7540038 0.02537511 0.6563789 0.7540045 0.02537426 0.9607945 -0.2747627 0.03713895 0.9607928 -0.2747687 0.03714153 0.3062771 -0.9518688 0.01183729 0.3062706 -0.9518707 0.01184407 0.4931307 0.8697464 0.01906464 0.4931302 0.8697466 0.01906402 0.9949796 -0.09239069 0.03846453 0.9949807 -0.09238078 0.0384604 0.9949797 0.0923907 0.03846037 0.9949805 0.09238096 0.03846457 0.4931257 -0.8697491 0.01906386 0.4931319 -0.8697457 0.01905903 0.306284 0.9518664 0.01184456 0.3062824 0.951867 0.011841 0.9607952 0.2747599 0.03714179 0.9607937 0.274766 0.03713892 0.6563861 -0.7539983 0.02537455 0.6563849 -0.7539992 0.02537532 0.2953975 0.9547268 0.03517015 0.2953975 0.9547269 0.03517113 0.9884539 0.09544301 0.1176849 0.9884536 0.09544979 0.1176818 0.9523265 0.2832291 0.1133819 0.9523274 0.2832257 0.1133837 0.6400149 -0.7645749 0.07619806 0.640013 -0.7645764 0.07619904 0.8808622 0.4616097 0.1048722 0.8808631 0.4616076 0.1048736 0.7757813 -0.6242056 0.09236164 0.7757808 -0.6242062 0.09236193 0.8808637 -0.4616066 0.1048742 0.8808658 -0.4616028 0.1048726 0.7757853 0.6242005 0.09236247 0.775785 0.6242009 0.09236206 0.9523257 -0.283231 0.1133835 0.9523267 -0.2832283 0.1133824 0.2953872 -0.9547301 0.03516991 0.2953885 -0.9547296 0.03516903 0.6400082 0.7645804 0.07619847 0.6400074 0.7645813 0.07619718 0.4778989 0.8765699 0.05690041 0.4778979 0.8765706 0.05689786 0.9884542 -0.09544291 0.1176819 0.9884531 -0.09545004 0.1176848 0.4778996 -0.8765697 0.05689806 0.4778958 -0.8765717 0.05690006 0.2737593 -0.9600821 0.05742994 0.2737609 -0.9600817 0.05742922 0.4469864 -0.8896123 0.09377097 0.4469881 -0.8896115 0.09377035 0.4469875 0.8896119 0.0937702 0.4469874 0.8896118 0.09377117 0.2737694 0.9600791 0.05743099 0.273769 0.9600793 0.05743198 0.9735899 0.1020121 0.204246 0.9735898 0.1020088 0.2042475 0.6058637 -0.7853496 0.1271034 0.6058677 -0.7853466 0.1271019 0.9332575 0.3011634 0.1957833 0.9332578 0.3011611 0.1957848 0.8551885 0.4862762 0.1794103 0.8551863 0.4862819 0.1794052 0.7440651 -0.6496158 0.1560977 0.744067 -0.6496138 0.1560969 0.7440699 0.6496103 0.1560975 0.7440705 0.6496094 0.1560988 0.8551925 -0.4862704 0.1794065 0.8551867 -0.4862796 0.1794099 0.9332561 -0.3011667 0.1957845 0.9332573 -0.3011637 0.1957833 0.6058589 0.7853538 0.1271 0.6058595 0.7853529 0.1271025 0.9735894 -0.1020121 0.2042475 0.9735901 -0.1020087 0.204246 0.5512453 0.8152314 0.1775569 0.5512452 0.8152313 0.1775573 0.8982798 -0.3307198 0.2893401 0.8982773 -0.3307251 0.289342 0.945739 -0.1130508 0.3046266 0.9457388 -0.1130513 0.3046269 0.2417339 -0.9672136 0.07786298 0.241737 -0.9672129 0.07786209 0.3996928 0.9075633 0.1287419 0.3996929 0.9075633 0.1287417 0.9457381 0.1130511 0.3046291 0.9457384 0.1130558 0.3046265 0.3996928 -0.9075633 0.1287416 0.3996924 -0.9075635 0.1287417 0.551251 -0.815227 0.1775592 0.5512517 -0.8152266 0.177559 0.2417441 0.9672109 0.0778644 0.2417427 0.9672112 0.07786581 0.89828 0.3307173 0.2893428 0.8982799 0.3307176 0.2893425 0.6907411 -0.688022 0.2224912 0.6907442 -0.6880192 0.2224903 0.8098772 0.5254028 0.2608655 0.8098778 0.5254009 0.2608678 0.6907469 0.6880163 0.2224911 0.6907471 0.6880154 0.2224931 0.8098788 -0.525399 0.2608681 0.8098817 -0.5253952 0.2608669 0.7345077 -0.5806094 0.3512707 0.7345086 -0.5806084 0.3512704 0.6083853 0.7383852 0.2909545 0.6083855 0.7383855 0.2909535 0.4726634 0.8517577 0.2260489 0.4726643 0.8517576 0.2260472 0.8362469 -0.3751614 0.3999313 0.8362517 -0.3751536 0.3999287 0.2000062 -0.9751145 0.09565178 0.2000041 -0.9751149 0.09565216 0.3355036 0.9282738 0.1604526 0.3355033 0.9282739 0.1604528 0.8944522 -0.1302813 0.4277641 0.8944501 -0.130287 0.4277667 0.8944517 0.1302875 0.4277631 0.8944516 0.1302865 0.4277638 0.335503 -0.928274 0.1604527 0.3355036 -0.9282739 0.1604526 0.2000117 0.975113 0.09565569 0.2000129 0.9751128 0.09565498 0.8362526 0.375151 0.3999292 0.8362526 0.3751503 0.3999299 0.4726712 -0.8517529 0.2260505 0.4726677 -0.8517547 0.226051 0.6083817 -0.7383894 0.2909517 0.60838 -0.7383906 0.290952 0.7345052 0.5806137 0.3512688 0.7345052 0.5806134 0.3512695 0.6118903 0.650937 0.4493008 0.6118885 0.6509351 0.449306 0.4875405 -0.7963325 0.3579928 0.4875348 -0.7963359 0.3579931 0.6118889 -0.6509346 0.4493062 0.6118965 -0.6509281 0.4493053 0.487541 0.7963299 0.3579977 0.4875429 0.7963302 0.3579946 0.7247809 -0.4375703 0.5321888 0.7247683 -0.4375862 0.5321929 0.1497556 -0.9825889 0.109965 0.1497489 -0.9825898 0.1099657 0.3670992 0.8902683 0.2695561 0.367098 0.8902685 0.2695573 0.2547916 0.9487242 0.1870927 0.2547935 0.9487239 0.1870915 0.7961608 -0.1560681 0.5846116 0.7961673 -0.1560558 0.5846061 0.2547939 -0.9487237 0.1870918 0.2547907 -0.9487246 0.187092 0.1497603 0.9825877 0.1099691 0.1497609 0.9825877 0.1099689 0.7961658 0.1560671 0.584605 0.7961622 0.1560571 0.5846126 0.7247747 0.4375698 0.5321977 0.7247778 0.4375781 0.5321866 0.3671023 -0.8902658 0.2695604 0.3671048 -0.8902647 0.2695603 0.6002536 0.1910692 0.7766519 0.6002611 0.1910801 0.7766434 0.2345132 -0.9235461 0.3034243 0.2345085 -0.9235473 0.3034239 0.5244879 0.5142176 0.6785961 0.5244792 0.5142092 0.6786093 0.4203855 0.7262384 0.5439245 0.4203928 0.7262411 0.5439152 0.3209166 -0.851235 0.4152245 0.3209229 -0.8512324 0.4152251 0.3209245 0.8512308 0.4152273 0.3209211 0.8512306 0.4152303 0.4203991 -0.7262312 0.5439234 0.420384 -0.7262408 0.5439225 0.5244732 -0.5142254 0.6786016 0.524491 -0.514209 0.6786002 0.2345113 0.9235481 0.3034196 0.2345102 0.9235481 0.3034203 0.6002625 -0.1910681 0.7766452 0.6002522 -0.1910814 0.7766499 0.09276735 -0.9884269 0.1200273 0.09277028 -0.9884266 0.1200272 0.1596435 -0.9653226 0.2065582 0.159646 -0.9653221 0.2065583 0.1596457 0.9653223 0.2065579 0.159647 0.9653222 0.2065574 0.09277376 0.9884257 0.1200316 0.09277121 0.9884259 0.1200323 0.05443169 0.9746764 0.2168941 0.05442453 0.9746764 0.2168959 0.237231 0.2236478 0.9453588 0.2372328 0.2236496 0.9453579 0.05442846 -0.9746764 0.2168952 0.05443214 -0.974676 0.2168957 0.08087065 -0.94319 0.3222616 0.08086947 -0.9431902 0.3222613 0.03142079 0.9916295 0.1252344 0.03142843 0.9916294 0.1252331 0.1987652 0.5771338 0.7920915 0.1987691 0.5771362 0.7920889 0.1128026 -0.8861206 0.4495175 0.1128052 -0.8861198 0.4495182 0.1523977 0.7797164 0.6073033 0.1523953 0.7797157 0.6073048 0.1128063 0.8861178 0.4495219 0.112804 0.8861175 0.4495231 0.1523961 -0.779713 0.6073081 0.1523991 -0.7797118 0.607309 0.08086264 0.9431916 0.322259 0.08086932 0.9431919 0.3222565 0.1987688 -0.5771376 0.7920878 0.198764 -0.5771409 0.7920867 0.2372329 -0.2236478 0.9453582 0.2372309 -0.2236497 0.9453583 0.0314273 -0.99163 0.1252287 0.0314262 -0.9916301 0.1252286 -0.08086822 0.9431919 0.3222565 -0.08087074 0.9431915 0.3222571 -0.1987683 -0.5771404 0.792086 -0.1987644 -0.577138 0.7920887 -0.03142733 -0.99163 0.1252286 -0.03142636 -0.9916301 0.1252287 -0.05443214 0.974676 0.2168958 -0.05442856 0.9746764 0.2168954 -0.2372353 -0.2236494 0.9453572 -0.2372312 -0.2236455 0.9453592 -0.2372309 0.2236496 0.9453583 -0.2372355 0.2236453 0.9453582 -0.05442861 -0.9746762 0.2168958 -0.05443195 -0.9746763 0.2168949 -0.03142049 0.9916297 0.1252331 -0.03142858 0.9916294 0.1252337 -0.1987735 0.5771356 0.7920882 -0.1987685 0.5771388 0.7920869 -0.08087178 -0.94319 0.3222613 -0.08086956 -0.9431899 0.3222621 -0.1128028 -0.8861201 0.4495183 -0.1128065 -0.8861206 0.4495163 -0.152398 0.7797154 0.6073045 -0.1524027 0.7797134 0.6073059 -0.1523964 -0.779712 0.6073092 -0.1523987 -0.7797127 0.6073077 -0.1128083 0.8861171 0.4495229 -0.1128037 0.8861183 0.4495216 -0.4203955 -0.726237 0.5439186 -0.4203919 -0.7262356 0.5439231 -0.3209202 0.8512316 0.4152286 -0.3209257 0.8512293 0.4152292 -0.5244876 -0.5142101 0.678602 -0.5244898 -0.5142124 0.6785986 -0.09276751 -0.9884268 0.1200275 -0.09276993 -0.9884267 0.1200268 -0.234506 0.9235491 0.3034207 -0.2345066 0.9235489 0.3034207 -0.1596461 0.9653221 0.2065584 -0.1596436 0.9653225 0.2065583 -0.6002575 -0.1910746 0.7766476 -0.6002622 -0.1910816 0.7766422 -0.1596438 -0.9653224 0.2065585 -0.1596456 -0.9653223 0.2065578 -0.09277407 0.9884257 0.120032 -0.09277103 0.988426 0.1200321 -0.6002632 0.1910737 0.7766434 -0.6002565 0.1910823 0.7766464 -0.5244849 0.5142118 0.6786028 -0.5244879 0.5142091 0.6786026 -0.2345098 -0.9235466 0.3034249 -0.2345095 -0.9235467 0.3034251 -0.420389 0.7262401 0.5439196 -0.4203897 0.7262396 0.5439196 -0.3209214 -0.8512336 0.4152236 -0.3209185 -0.8512335 0.4152263 -0.7247772 0.4375697 0.5321943 -0.7247738 0.437574 0.5321954 -0.6118914 0.6509355 0.4493015 -0.6118888 0.6509377 0.4493018 -0.4875405 -0.7963324 0.3579928 -0.4875387 -0.7963322 0.357996 -0.4875407 0.7963302 0.3579975 -0.4875466 0.7963268 0.3579973 -0.6118928 -0.6509319 0.4493048 -0.6118934 -0.6509324 0.4493031 -0.7247735 -0.4375748 0.5321952 -0.7247744 -0.437577 0.5321922 -0.3670999 0.8902678 0.2695567 -0.3670973 0.8902689 0.2695568 -0.7961605 -0.156071 0.5846114 -0.7961594 -0.1560684 0.5846133 -0.1497578 -0.9825886 0.1099641 -0.1497507 -0.9825894 0.109967 -0.2547933 -0.9487239 0.1870914 -0.2547947 -0.9487238 0.1870906 -0.2547908 0.9487245 0.1870921 -0.254794 0.9487236 0.1870919 -0.1497602 0.9825878 0.109969 -0.1497609 0.9825876 0.1099689 -0.7961591 0.1560713 0.584613 -0.7961608 0.1560681 0.5846116 -0.3671029 -0.8902654 0.2695609 -0.367104 -0.8902652 0.2695597 -0.3355055 -0.9282734 0.1604511 -0.3355021 -0.928274 0.1604547 -0.47267 -0.8517538 0.2260499 -0.4726707 -0.8517538 0.2260485 -0.2000205 0.9751114 0.09565282 -0.2000118 0.9751132 0.09565444 -0.8362501 0.3751548 0.3999309 -0.8362522 0.3751513 0.3999298 -0.6083807 -0.7383894 0.2909535 -0.6083809 -0.7383897 0.2909524 -0.7345037 0.5806144 0.3512709 -0.7345029 0.5806152 0.351271 -0.6083863 0.7383842 0.2909549 -0.6083845 0.7383857 0.2909552 -0.7345062 -0.58061 0.3512726 -0.7345063 -0.5806104 0.351272 -0.4726661 0.8517569 0.2260463 -0.4726634 0.8517583 0.2260467 -0.8362499 -0.3751576 0.3999286 -0.8362498 -0.3751554 0.3999308 -0.8944516 -0.1302865 0.4277636 -0.8944517 -0.1302872 0.4277632 -0.2000044 -0.9751148 0.09565258 -0.2000111 -0.9751138 0.09564841 -0.3355038 0.9282738 0.1604527 -0.3355077 0.9282724 0.1604521 -0.8944519 0.1302864 0.4277632 -0.8944515 0.1302873 0.4277636 -0.3996942 0.9075626 0.1287422 -0.3996935 0.907563 0.1287424 -0.9457401 -0.1130549 0.3046218 -0.9457394 -0.113044 0.3046279 -0.9457381 0.1130557 0.3046274 -0.9457413 0.1130434 0.3046221 -0.3996935 -0.9075629 0.1287424 -0.3996961 -0.9075626 0.128737 -0.2417337 0.9672132 0.07786813 -0.2417422 0.9672113 0.07786564 -0.8982828 0.3307151 0.2893364 -0.8982776 0.3307257 0.2893402 -0.5512516 -0.815227 0.1775573 -0.5512514 -0.8152266 0.1775597 -0.6907427 -0.6880202 0.2224917 -0.6907422 -0.6880224 0.222487 -0.8098789 0.5254 0.260866 -0.8098848 0.5253921 0.2608635 -0.8098833 -0.5253939 0.2608645 -0.809884 -0.5253913 0.2608677 -0.6907509 0.6880127 0.2224898 -0.6907436 0.6880193 0.2224919 -0.551243 0.8152329 0.177557 -0.5512473 0.8152303 0.1775559 -0.8982795 -0.3307203 0.2893408 -0.8982789 -0.3307253 0.2893369 -0.2417371 -0.967213 0.07786042 -0.2417305 -0.9672141 0.07786705 -0.9332546 -0.3011717 0.1957842 -0.9332557 -0.3011658 0.1957879 -0.2737581 -0.9600822 0.05743322 -0.2737602 -0.9600819 0.05742906 -0.6058612 0.7853518 0.1271015 -0.605858 0.7853541 0.1271027 -0.4469891 0.889611 0.09377057 -0.4469861 0.8896124 0.0937717 -0.9735909 -0.1020005 0.2042468 -0.9735909 -0.1020018 0.2042462 -0.4469832 -0.889614 0.0937711 -0.446983 -0.8896136 0.09377507 -0.2737702 0.9600789 0.05743117 -0.2737686 0.9600793 0.0574319 -0.973591 0.1020004 0.2042462 -0.9735908 0.1020018 0.2042468 -0.9332536 0.3011719 0.1957885 -0.9332575 0.3011621 0.1957848 -0.6058658 -0.7853477 0.1271044 -0.6058654 -0.7853484 0.1271024 -0.8551919 0.486272 0.179405 -0.8551832 0.4862856 0.17941 -0.7440681 -0.6496134 0.1560931 -0.7440703 -0.6496097 0.1560982 -0.8551909 -0.4862718 0.1794107 -0.8551881 -0.4862792 0.1794042 -0.7440693 0.6496109 0.156098 -0.7440768 0.649603 0.1560949 -0.77579 0.6241945 0.09236303 -0.7757837 0.6242021 0.0923667 -0.8808607 -0.4616124 0.1048735 -0.8808634 -0.4616062 0.1048778 -0.9523274 -0.2832269 0.1133798 -0.9523284 -0.2832225 0.1133823 -0.6400071 0.7645813 0.07619842 -0.6400092 0.7645798 0.07619739 -0.9884539 -0.09543972 0.1176869 -0.9884533 -0.09545305 0.1176808 -0.2953907 -0.9547291 0.03516682 -0.2953907 -0.954729 0.03516934 -0.4778976 -0.8765708 0.05689788 -0.4778963 -0.8765718 0.05689444 -0.4779003 0.8765696 0.0568949 -0.4778953 0.8765721 0.05689761 -0.2953984 0.9547266 0.03517026 -0.2954016 0.9547256 0.03516811 -0.9884546 0.09543923 0.117681 -0.9884526 0.09545323 0.1176868 -0.6400142 -0.7645755 0.076198 -0.640015 -0.7645746 0.07619938 -0.9523278 0.2832245 0.1133822 -0.9523296 0.2832194 0.1133801 -0.8808572 0.461618 0.104877 -0.8808619 0.4616098 0.1048736 -0.775784 -0.6242015 0.09236676 -0.7757806 -0.6242064 0.0923619 -0.1039096 -0.9945786 -0.004016066 -0.1039096 0.9945786 -0.004016063 -0.09995046 -0.9949213 -0.0119 -0.09995046 0.9949213 -0.0119 -0.09217424 0.9955551 -0.01933619 -0.09217425 -0.9955551 -0.01933619 -0.08085613 0.9963854 -0.02604567 -0.08085613 -0.9963854 -0.02604567 -0.06642085 0.997286 -0.03176347 -0.06642082 -0.997286 -0.03176347 -0.04939391 -0.9981205 -0.03626994 -0.04939388 0.9981205 -0.03626994 -0.03043534 -0.9987606 -0.03938046 -0.03043734 0.9987606 -0.03938013 -0.01028103 0.9991076 -0.04096825 -0.01028328 -0.9991076 -0.04096825 0.01028103 0.9991076 -0.04096825 0.01028328 -0.9991076 -0.04096825 0.03043534 -0.9987606 -0.03938046 0.03043734 0.9987606 -0.03938014 0.0493939 -0.9981205 -0.03626994 0.04939387 0.9981205 -0.03626994 0.06641769 -0.9972861 -0.0317643 0.06641768 0.9972861 -0.03176431 0.08085872 0.9963853 -0.02604414 0.08085874 -0.9963853 -0.02604415 0.09217425 0.9955551 -0.0193362 0.09217425 -0.9955551 -0.01933619 0.09995047 0.9949213 -0.0119 0.09995047 -0.9949213 -0.0119 0.1039084 -0.9945788 -0.004018372 0.1039084 0.9945788 -0.004018372 0.1039084 0.9945788 0.00401833 0.1039084 -0.9945788 0.004018329 0.09995035 0.9949213 0.01190012 0.09995034 -0.9949213 0.01190012 0.09217425 0.9955551 0.0193362 0.09217425 -0.9955551 0.01933619 0.08085872 0.9963853 0.02604414 0.08085874 -0.9963853 0.02604415 0.06641769 -0.9972861 0.0317643 0.06641769 0.9972861 0.03176431 0.04939387 0.9981205 0.03626994 0.04939221 -0.9981206 0.03627038 0.03043734 0.9987606 0.03938014 0.0304375 -0.9987606 0.03938029 0.01027883 0.9991076 0.04096841 0.01028103 -0.9991076 0.04096841 -0.01027883 0.9991076 0.04096841 -0.01028103 -0.9991076 0.04096841 -0.0304375 -0.9987606 0.03938029 -0.03043734 0.9987606 0.03938013 -0.04939388 0.9981205 0.03626994 -0.04939222 -0.9981206 0.03627038 -0.06642085 0.997286 0.03176347 -0.06642082 -0.997286 0.03176347 -0.08085614 0.9963854 0.02604567 -0.08085613 -0.9963854 0.02604567 -0.09217425 -0.9955551 0.01933619 -0.09217424 0.9955551 0.01933619 -0.09995034 -0.9949213 0.01190012 -0.09995034 0.9949213 0.01190012 -0.9607962 0.2747567 0.03714184 -0.9607952 0.2747599 0.03714322 -0.7905447 -0.6116413 0.03056018 -0.7905455 -0.6116404 0.03056091 -0.8924959 0.449734 0.03450132 -0.8924957 0.4497344 0.03450152 -0.7905486 0.6116363 0.03056101 -0.7905495 0.6116352 0.03056036 -0.8924981 -0.4497297 0.03450161 -0.8924978 -0.4497301 0.0345014 -0.1039096 -0.9945787 0.004016023 -0.656379 0.7540046 0.0253751 -0.6563799 0.7540036 0.02537434 -0.9607952 -0.2747597 0.03714322 -0.9607944 -0.2747627 0.03714177 -0.9949796 -0.09239121 0.03846453 -0.9949796 -0.0923907 0.03846475 -0.3062755 -0.9518692 0.01184072 -0.3062739 -0.9518698 0.01183722 -0.4931252 0.8697494 0.01906442 -0.4931259 0.869749 0.01906387 -0.9949796 0.0923912 0.03846474 -0.9949796 0.09239069 0.03846453 -0.4931252 -0.8697495 0.01906382 -0.4931257 -0.8697492 0.01906443 -0.6563854 -0.7539989 0.02537455 -0.6563862 -0.7539982 0.02537537 -0.3062873 0.9518656 0.01183777 -0.3062841 0.9518666 0.01184106 -0.1039096 0.9945787 0.00401602 -0.3312261 -0.9435475 -0.002721841 -0.3312258 -0.9435475 -0.002721886 -0.3312261 0.9435475 -0.002721888 -0.3312259 0.9435475 -0.00272184 -0.3198127 0.9474462 -0.008094236 -0.3198127 0.9474462 -0.008093725 -0.3198137 -0.9474459 -0.008093769 -0.3198105 -0.9474469 -0.008094219 -0.2970233 0.9547784 -0.01324512 -0.2970219 0.9547788 -0.01324576 -0.2970207 -0.9547791 -0.0132457 -0.2970257 -0.9547777 -0.01324522 -0.2630269 -0.9646204 -0.01800928 -0.2630261 -0.9646206 -0.01800932 -0.4328781 -0.900965 -0.02963924 -0.4328809 -0.9009638 -0.02963907 -0.2630264 0.9646205 -0.01800935 -0.2630267 0.9646205 -0.01800927 -0.2183215 -0.9756244 -0.02219482 -0.2183203 -0.9756248 -0.02219488 -0.3665656 -0.9296456 -0.03726505 -0.3665625 -0.9296468 -0.03726515 -0.3665625 0.9296469 -0.03726508 -0.3665615 0.9296471 -0.03726529 -0.2183206 0.9756247 -0.02219491 -0.2183215 0.9756245 -0.02219477 -0.1639751 -0.9861324 -0.02559455 -0.1639741 -0.9861326 -0.02559458 -0.2809032 0.9587341 -0.04384578 -0.2809038 0.9587339 -0.04384568 -0.2809038 -0.9587339 -0.04384566 -0.2809035 -0.9587339 -0.04384566 -0.1639751 0.9861324 -0.02559454 -0.1639747 0.9861325 -0.02559457 -0.1018236 0.9944081 -0.02800474 -0.1018233 0.9944082 -0.02800476 -0.2662528 -0.9611177 -0.07322815 -0.266251 -0.9611182 -0.07322811 -0.2489526 0.9656679 -0.07421626 -0.2519207 0.9649318 -0.07377409 -0.1018227 -0.9944084 -0.02800476 -0.1018238 -0.9944082 -0.02800476 -0.1773477 0.9829388 -0.04877644 -0.1669201 0.9847139 -0.04976123 -0.1773468 -0.9829389 -0.04877644 -0.1773465 -0.982939 -0.04877644 -0.06159619 0.9967364 -0.05217658 0.1374781 0.9885002 -0.06298434 -0.06072923 -0.9968278 -0.05144255 -0.06072964 -0.9968277 -0.05144255 -0.03453867 0.998975 -0.02925774 -0.03453978 0.9989749 -0.0292577 -0.09284289 -0.9925699 -0.07864686 -0.09284484 -0.9925696 -0.07864694 -0.9978736 0.06501712 0.0045853 -0.762111 -0.04927107 -0.6455688 -0.1366366 -0.9838362 -0.1157441 -0.1366362 -0.9838363 -0.1157441 -0.2053706 -0.9630986 -0.1739653 -0.2053667 -0.9630995 -0.173965 -0.9983202 0.05714955 0.009521351 -0.9982333 0.05916097 -0.005505339 -0.3370829 -0.8971306 -0.2855376 -0.337085 -0.8971298 -0.2855379 -0.03453971 -0.9989749 -0.02925772 -0.03453983 -0.9989749 -0.02925772 0.17937 0.9803435 -0.08217673 -0.9948662 0.07973099 0.06232277 0.8338968 0.4348395 0.339898 0.7237271 0.5380067 0.4321665 0.6370239 -0.5504702 -0.5396137 0.6370242 -0.5504705 -0.5396132 0.03453901 -0.998975 -0.02925773 0.03453981 -0.998975 -0.0292577 0.06072848 -0.9968278 -0.05144256 0.06072854 -0.9968278 -0.05144256 0.07485736 0.9951761 -0.06340971 -0.1331701 0.9896057 -0.05428042 0.03453863 0.998975 -0.02925771 0.03453982 0.998975 -0.02925773 0.6370268 0.5504685 -0.5396121 0.6370224 0.5504731 -0.5396125 0.09284373 -0.9925697 -0.07864696 0.0928435 -0.9925698 -0.07864699 0.3370825 0.8971307 -0.2855382 0.3370861 0.8971291 -0.2855385 0.7621102 -0.04927114 -0.6455699 0.7621083 -0.04927105 -0.645572 0.1366386 -0.9838359 -0.1157441 0.1366376 -0.9838361 -0.1157442 -0.1533323 0.9839237 -0.09156092 0.1366386 0.9838359 -0.1157441 0.2053684 -0.9630992 -0.1739649 0.2053694 -0.9630989 -0.1739647 0.3370833 -0.8971304 -0.285538 0.3370827 -0.8971305 -0.2855383 0.996543 -0.0005477358 -0.08307611 0.5282934 0.8365373 -0.1452978 0.9982872 0.05770374 0.009645396 0.9966723 0.07772937 0.02454603 0.5282907 -0.8365391 -0.1452971 0.5282884 -0.8365403 -0.1452985 -0.9108832 0.3279167 0.2505241 0.9970957 0.07066703 0.02839626 0.7286965 -0.6548543 -0.2004179 0.7286969 -0.6548547 -0.2004152 0.9281642 -0.2708219 -0.2552776 0.9281645 -0.2708199 -0.2552788 0.1018225 -0.9944084 -0.02800472 0.10182 -0.9944086 -0.02800486 0.1773467 0.982939 -0.04877647 0.1773469 0.9829389 -0.04877647 0.9281631 0.2708248 -0.2552789 0.928165 0.270819 -0.2552779 0.1773468 -0.9829389 -0.04877643 0.1773465 -0.982939 -0.04877645 0.2662534 -0.9611175 -0.07322831 0.2662522 -0.9611178 -0.07322849 0.1018197 0.9944087 -0.02800479 0.1018227 0.9944082 -0.02800478 0.7287016 0.6548491 -0.2004165 0.7286921 0.6548595 -0.2004171 0.3783242 -0.9198064 -0.1040529 0.378327 -0.9198053 -0.1040522 0.5533519 -0.8284574 -0.08637137 0.553351 -0.8284579 -0.08637196 0.7115353 0.6938175 -0.1110618 0.7115307 0.6938221 -0.1110621 0.711533 -0.6938199 -0.1110624 0.711533 -0.6938199 -0.1110615 0.5533491 0.8284592 -0.08637167 0.5533533 0.8284565 -0.08637159 0.409422 0.9101042 -0.06390579 0.4094194 0.9101054 -0.06390581 0.8669108 -0.4797459 -0.1353133 0.8669121 -0.4797427 -0.1353154 0.163978 -0.9861318 -0.02559442 0.1639795 -0.9861316 -0.02559428 0.2809043 0.9587337 -0.04384566 0.2809038 0.9587339 -0.04384566 -0.1747935 -0.6722779 -0.7193676 0.1055927 -0.9942728 -0.0164816 -0.1806016 0.6714579 -0.7186983 -0.1285051 0.9141093 -0.3845656 0.2809037 -0.9587339 -0.04384565 0.2809068 -0.958733 -0.04384519 0.1639752 0.9861324 -0.02559456 0.1639756 0.9861323 -0.02559455 0.8669083 0.4797499 -0.1353148 -0.008535638 0.9915463 -0.1294713 0.40942 -0.910105 -0.06390592 0.4094211 -0.9101046 -0.06390566 0.2183279 0.975623 -0.0221944 0.2183205 0.9756247 -0.02219471 0.946656 0.3130418 -0.07646833 0.7532476 0.6532643 -0.07657549 0.1044247 0.9944761 -0.01061586 0.1074494 0.9941726 -0.008679475 0.5171788 -0.854261 -0.05257689 0.5171798 -0.8542604 -0.05257629 0.8070467 0.5847601 -0.0820445 0.8070455 0.5847617 -0.08204462 0.6669689 -0.741994 -0.06780418 0.6669689 -0.741994 -0.06780469 0.8070462 -0.5847607 -0.08204469 0.807046 -0.5847611 -0.08204444 0.666967 0.7419957 -0.06780451 0.6669703 0.7419927 -0.06780433 0.9207991 -0.3786376 -0.09360942 0.9207984 -0.3786396 -0.09360878 0.2183217 -0.9756244 -0.02219478 0.2183207 -0.9756247 -0.02219492 0.5171816 0.8542592 -0.05257656 0.5171772 0.8542619 -0.05257672 0.3665625 0.9296468 -0.03726515 0.3665662 0.9296454 -0.03726503 0.1098283 -0.9938878 -0.01116519 0.1098283 -0.9938879 -0.01116528 0.3665638 -0.9296463 -0.03726473 0.3665625 -0.9296468 -0.03726507 0.2074558 -0.9714221 0.1153305 0.9917563 -0.1086655 -0.06790564 0.2630234 -0.9646213 -0.0180096 0.263025 -0.9646209 -0.01800925 0.4328766 -0.9009658 -0.02963918 0.4328757 -0.9009662 -0.02963963 0.4328811 0.9009637 -0.02963908 0.4328779 0.9009652 -0.02963928 0.2630241 0.9646212 -0.01800926 0.2630255 0.9646208 -0.01800918 0.1931285 -0.9701485 0.1466744 0.5635576 -0.7476046 0.3514117 0.5931535 -0.8040644 -0.04061293 0.5931535 -0.8040644 -0.0406134 0.1083966 0.9940801 -0.007421828 0.8240879 0.1772156 0.5380278 0.8580335 0.5102224 -0.05874958 0.8580369 0.5102167 -0.05874915 0.7375616 -0.6733889 -0.05050087 0.7375612 -0.6733894 -0.05050046 0.7375626 0.6733877 -0.05050056 0.7375601 0.6733905 -0.05050077 0.8580346 -0.5102207 -0.05874905 0.8580357 -0.5102186 -0.05874974 0.9455132 -0.3190823 -0.06473938 0.945512 -0.3190862 -0.06473856 0.5931517 0.8040657 -0.04061328 0.5931552 0.8040631 -0.04061305 0.6436588 0.7647742 -0.02870365 0.6436572 0.7647755 -0.0287038 0.9580522 -0.2833915 -0.04272358 0.958054 -0.2833853 -0.04272454 0.9944407 -0.09550362 -0.04434681 0.9944404 -0.095508 -0.04434628 0.2970229 -0.9547784 -0.01324527 0.2970211 -0.954779 -0.01324612 0.4805682 0.8766955 -0.02143013 0.4805638 0.8766979 -0.02143051 0.9803671 0.1897263 -0.05370661 0.9944403 0.0955082 -0.04434679 0.4805654 -0.876697 -0.02143061 0.4805654 -0.8766971 -0.02143005 0.6436578 -0.7647749 -0.02870383 0.6436576 -0.7647751 -0.02870364 0.297018 0.95478 -0.01324597 0.2970248 0.9547779 -0.01324532 0.9760947 0.2129426 -0.0435291 0.9543782 0.2939876 -0.05228288 0.7803025 -0.6244336 -0.03479693 0.7803037 -0.6244318 -0.03479753 0.8860884 0.4618288 -0.03951436 0.8860841 0.4618371 -0.03951507 0.7803011 0.6244352 -0.03479741 0.7803046 0.624431 -0.03479702 0.8860872 -0.4618312 -0.03951517 0.8860849 -0.4618356 -0.0395142 0.9011656 -0.4328746 -0.02280673 0.9011661 -0.4328736 -0.02280689 0.804634 0.5934218 -0.02036376 0.8046335 0.5934225 -0.02036383 0.6742424 0.738313 -0.01706418 0.674245 0.7383106 -0.01706386 0.9645066 -0.2629279 -0.02441037 0.9645052 -0.262933 -0.02440973 0.3198126 -0.9474462 -0.008094294 0.3198126 -0.9474462 -0.008093168 0.5111479 0.8593954 -0.0129369 0.5111508 0.8593937 -0.01293655 0.9957892 -0.08814018 -0.0252014 0.9957898 -0.08813352 -0.02520211 0.9957892 0.08814044 -0.02520208 0.9957898 0.08813355 -0.02520141 0.5111513 -0.8593934 -0.01293592 0.5111533 -0.8593922 -0.01293704 0.3198129 0.9474462 -0.008094253 0.3198125 0.9474462 -0.008094298 0.9645068 0.2629272 -0.02440977 0.9645052 0.2629331 -0.02441032 0.6742433 -0.7383121 -0.01706382 0.674242 -0.7383134 -0.01706332 0.804634 -0.5934219 -0.02036384 0.8046337 -0.5934223 -0.02036375 0.9011655 0.4328749 -0.02280688 0.9011661 0.4328735 -0.02280674 0.9078128 0.4193093 -0.00746014 0.9078137 0.4193073 -0.007459921 0.8156859 -0.5784563 -0.006703067 0.8156831 -0.5784603 -0.006702404 0.9078129 -0.4193092 -0.007459915 0.9078137 -0.4193073 -0.007460147 0.8156863 0.5784557 -0.006702433 0.8156829 0.5784603 -0.00670304 0.9672875 -0.253558 -0.007947983 0.9672891 -0.2535519 -0.007948659 0.3312236 -0.9435484 -0.002721828 0.3312237 -0.9435483 -0.00272188 0.6886337 0.7250873 -0.005658104 0.6886318 0.7250891 -0.005658429 0.5260444 0.8504461 -0.004322763 0.5260475 0.8504442 -0.004322233 -0.4450605 -0.1389093 -0.8846611 0.04011377 -0.999195 -0.0003296033 0.5260477 -0.8504441 -0.004322856 0.5260475 -0.8504443 -0.004322794 0.3312281 0.9435468 -0.002720816 0.3312237 0.9435483 -0.002721823 -0.4491539 0.1381837 -0.8827038 -0.4400027 -0.1975506 -0.8759974 0.9672874 0.2535583 -0.007948644 -0.0368062 0.9948178 -0.09477764 0.6886296 -0.7250911 -0.005658417 0.6886318 -0.7250891 -0.005658914 0.3312236 0.9435483 0.002720782 0.331226 0.9435475 0.002721852 0.9122511 0.4095788 0.006558611 0.9328811 0.360103 0.007666025 0.6886318 -0.7250891 0.005658429 0.688629 -0.7250917 0.005658885 0.0393459 0.9992256 0.0003233204 0.03930234 0.9992273 0.0002825604 0.9078137 0.4193073 0.007460147 0.9078129 0.4193091 0.007459915 0.815683 -0.5784603 0.006703042 0.8156863 -0.5784556 0.006702431 0.8156829 0.5784603 0.006702405 0.8156858 0.5784563 0.006703062 0.9078137 -0.4193073 0.007459921 0.9078128 -0.4193093 0.00746014 0.9672891 -0.2535519 0.007947995 0.9672874 -0.2535584 0.007948644 0.6886318 0.7250891 0.005658914 0.6886297 0.7250912 0.005658417 0.04064563 -0.9991735 0.0003340097 0.04064562 -0.9991736 0.0003339734 0.3312236 -0.9435484 0.002721832 0.3312235 -0.9435484 0.002721867 0.5260475 -0.8504442 0.004322854 0.5260476 -0.8504441 0.00432281 0.5260474 0.8504442 0.0043228 0.5260476 0.8504441 0.004322855 0.3198103 -0.947447 0.008094242 0.319817 -0.9474447 0.008093293 0.5111532 0.8593922 0.01293703 0.5111513 0.8593934 0.01293592 0.1592297 -0.9745002 0.1580983 0.6170835 -0.549354 0.5633987 0.511155 -0.8593912 0.01293602 0.5111478 -0.8593954 0.0129369 0.6742414 -0.7383139 0.01706377 0.6742445 -0.7383111 0.01706339 0.3198126 0.9474462 0.008094262 0.3198126 0.9474462 0.008094294 0.03983898 0.9992056 0.001008282 0.3337026 0.8937488 0.2997594 0.8046336 -0.5934224 0.02036385 0.8046342 -0.5934216 0.02036376 0.901166 0.4328736 0.02280691 0.9011676 0.4328702 0.02280745 0.8046336 0.5934224 0.02036374 0.8046339 0.5934219 0.02036386 0.9011662 -0.4328735 0.02280676 0.9011655 -0.432875 0.0228069 0.6742419 0.7383134 0.01706332 0.6742433 0.7383121 0.01706382 0.9645051 -0.2629334 0.02441034 0.9645067 -0.2629274 0.02440978 0.119017 -0.9879215 0.09922671 0.9957892 -0.08814029 0.0252021 0.7803038 0.6244318 0.03479757 0.7803023 0.6244336 0.03479692 0.6436576 0.7647752 0.02870364 0.6436579 0.7647749 0.02870386 0.9580539 -0.2833854 0.04272436 0.9580533 -0.2833875 0.04272455 0.2970247 -0.9547779 0.01324532 0.2970184 -0.9547799 0.01324593 0.4805654 0.876697 0.02143001 0.4805654 0.876697 0.02143062 0.9944403 -0.0955079 0.04434679 0.9944401 -0.09551 0.044347 0.998344 0.02217445 0.05308001 0.9944401 0.09550987 0.04434678 0.4805614 -0.8766992 0.02143107 0.4805709 -0.876694 0.02143026 0.2970211 0.954779 0.01324612 0.297023 0.9547784 0.01324525 0.9391251 0.3410136 0.04187972 0.9537234 0.2963789 0.05070762 0.6436571 -0.7647756 0.02870382 0.6436523 -0.7647796 0.02870426 0.7803048 -0.6244307 0.03479704 0.780301 -0.6244352 0.03479745 0.8860877 0.4618303 0.03951433 0.8860883 0.4618292 0.03951458 0.8860841 -0.4618371 0.03951507 0.8860884 -0.4618288 0.03951436 0.858037 -0.5102167 0.05874914 0.8580335 -0.5102224 0.05874957 0.7375589 0.6733918 0.05050118 0.7375583 0.6733925 0.05050062 0.9455136 -0.3190813 0.06473877 0.9455142 -0.3190798 0.06473863 0.2630226 -0.9646216 0.01800959 0.2630257 -0.9646208 0.01800937 0.5931535 0.8040644 0.04061346 0.5931535 0.8040644 0.04061364 0.4328754 0.9009663 0.02963968 0.4328763 0.9009659 0.02963921 0.9917556 -0.1086719 0.06790574 0.9917564 -0.108665 0.06790499 0.4328826 -0.9009629 0.02963899 0.4328733 -0.9009674 0.02963955 0.2630249 0.9646209 0.01800924 0.2630231 0.9646214 0.01800963 0.9917557 0.1086714 0.06790494 0.9917563 0.1086656 0.06790578 0.9455131 0.3190827 0.06473942 0.9455119 0.3190864 0.06473866 0.5931498 -0.8040671 0.04061339 0.5931581 -0.8040611 0.04061288 0.8580362 0.510218 0.05874976 0.8580363 0.5102175 0.05874988 0.7375602 -0.6733903 0.05050076 0.7375568 -0.673394 0.05050104 0.8070469 0.5847595 0.08204567 0.8070461 0.5847609 0.08204474 0.6669647 -0.7419977 0.06780469 0.6669732 -0.7419901 0.06780425 0.6669686 0.7419943 0.06780376 0.6669685 0.7419943 0.06780507 0.8070435 -0.5847643 0.08204545 0.8070442 -0.5847633 0.08204538 0.5171781 0.8542613 0.05257714 0.5171795 0.8542605 0.05257627 0.2183219 -0.9756244 0.0221948 0.2183193 -0.975625 0.02219491 0.3665608 -0.9296474 0.03726522 0.3665631 -0.9296466 0.03726513 0.3665625 0.9296468 0.03726507 0.3665617 0.9296471 0.03726525 0.2183265 0.9756234 0.02219437 0.2183227 0.9756242 0.02219488 0.9862105 0.1316695 0.1002593 0.9862101 0.1316736 0.1002584 0.5171821 -0.854259 0.05257653 0.5171741 -0.8542638 0.05257683 0.2809033 -0.958734 0.04384572 0.2809038 -0.9587339 0.04384572 0.4094175 -0.9101063 0.06390552 0.4094189 -0.9101056 0.06390551 0.1639758 0.9861322 0.02559465 0.1639758 0.9861323 0.02559465 0.8669112 0.4797451 0.1353126 0.5533551 -0.8284552 0.08637206 0.5533521 -0.8284571 0.08637211 0.5533533 0.8284564 0.0863723 0.553354 0.828456 0.08637188 0.4094186 0.9101057 0.06390546 0.4094181 0.910106 0.06390561 0.1639751 -0.9861324 0.02559454 0.1639752 -0.9861324 0.02559454 0.2809037 0.9587339 0.0438457 0.2809035 0.958734 0.04384574 0.1773469 0.9829389 0.04877653 0.177347 0.9829389 0.0487765 0.1773471 -0.9829389 0.04877651 0.1773469 -0.9829389 0.04877651 0.1018201 0.9944085 0.02800495 0.1018228 0.9944084 0.0280048 0.2662509 -0.9611182 0.07322817 0.2662511 -0.9611181 0.07322817 0.5282907 0.8365392 0.1452964 0.2662513 0.9611181 0.07322821 0.2662511 0.9611181 0.07322823 0.1018227 -0.9944084 0.02800476 0.1018238 -0.9944082 0.02800476 0.03453912 -0.998975 0.02925774 0.03453866 -0.998975 0.02925773 0.09284425 0.9925697 0.07864695 0.09284377 0.9925697 0.07864699 0.06072876 0.9968278 0.05144263 0.06072902 0.9968278 0.05144262 0.06072874 -0.9968278 0.05144264 0.06072888 -0.9968278 0.05144264 0.0345389 0.998975 0.02925777 0.03453923 0.998975 0.02925775 0.09284373 -0.9925697 0.0786469 0.09284367 -0.9925697 0.07864689 0.1366371 0.9838362 0.1157438 0.1366374 0.9838362 0.1157437 -0.1366381 0.9838361 0.1157437 -0.1366449 0.983835 0.1157444 -0.09284539 0.9925696 0.07864698 -0.09284458 0.9925697 0.07864694 -0.03453971 -0.9989749 0.02925772 -0.0345387 -0.998975 0.02925777 -0.06072867 -0.9968278 0.05144263 -0.06072967 -0.9968277 0.05144257 -0.06072874 0.9968278 0.05144262 -0.06072973 0.9968277 0.05144265 -0.03453986 0.9989749 0.02925774 -0.03453912 0.998975 0.02925774 -0.09284452 -0.9925697 0.07864689 -0.09284376 -0.9925697 0.07864697 -0.2662522 0.9611178 0.07322818 -0.2662517 0.9611179 0.07322817 -0.1018228 -0.9944084 0.0280048 -0.1018237 -0.9944081 0.02800474 -0.1773478 0.9829388 0.04877652 -0.1773477 0.9829388 0.04877652 -0.1773475 -0.9829388 0.04877646 -0.1773469 -0.9829389 0.04877653 -0.2662518 -0.9611179 0.0732282 -0.2662521 -0.9611179 0.07322816 -0.1018238 0.9944082 0.02800476 -0.1018232 0.9944082 0.02800476 -0.2809041 -0.9587338 0.04384571 -0.2809039 -0.9587339 0.04384573 -0.163975 0.9861324 0.02559455 -0.1639751 0.9861324 0.02559455 -0.1639751 -0.9861324 0.02559455 -0.1639752 -0.9861324 0.02559455 -0.280904 0.9587339 0.04384575 -0.2809042 0.9587338 0.04384574 -0.366564 0.9296463 0.03726513 -0.3665656 0.9296457 0.03726508 -0.3665656 -0.9296456 0.03726498 -0.3665644 -0.9296461 0.03726527 -0.2183203 0.9756248 0.02219488 -0.2183223 0.9756243 0.02219479 -0.2183217 -0.9756244 0.02219477 -0.2183206 -0.9756247 0.02219491 -0.2630269 -0.9646205 0.01800927 -0.2630262 -0.9646206 0.01800942 -0.2630259 0.9646207 0.01800938 -0.2630269 0.9646204 0.01800931 -0.2970219 -0.9547788 0.01324579 -0.2970234 -0.9547784 0.01324512 -0.2970261 0.9547775 0.01324519 -0.2970207 0.9547791 0.01324571 -0.3198127 -0.9474462 0.008093738 -0.3198127 -0.9474462 0.008094236 -0.1132516 -0.9935659 -0.0009306602 -0.1132444 0.9935668 -0.0009306 -0.1089447 0.994044 -0.002757318 -0.1089516 -0.9940432 -0.002757501 -0.1004943 0.9949275 -0.004481326 -0.1005008 -0.9949269 -0.004481615 -0.08819137 -0.9960853 -0.006038441 -0.08818564 0.9960858 -0.006038048 -0.07246762 -0.9973435 -0.007367203 -0.07246291 0.9973438 -0.007366723 -0.05391145 -0.9985102 -0.00841499 -0.0539082 0.9985105 -0.008414423 -0.03322655 0.999406 -0.009138355 -0.03322875 -0.999406 -0.009138959 -0.0112244 0.9998918 -0.009508197 -0.01122547 -0.9998918 -0.009508823 0.01122547 -0.9998918 -0.009508823 0.0112244 0.9998918 -0.009508197 0.03322748 -0.999406 -0.009138981 0.03322526 0.9994061 -0.009138376 0.05390798 0.9985105 -0.008414393 0.0539132 -0.9985101 -0.00841489 0.07246519 0.9973438 -0.00736654 0.07246762 -0.9973435 -0.007367203 0.0881855 0.9960858 -0.006038065 0.08819137 -0.9960853 -0.006038441 0.1004922 0.9949277 -0.004481601 0.1004986 -0.9949272 -0.00448189 0.1089525 -0.9940432 -0.00275715 0.1089439 0.994044 -0.002757298 0.1132444 0.9935668 -0.0009302278 0.1132516 -0.9935659 -0.0009306602 0.1132445 0.9935667 0.0009302248 0.1132516 -0.9935659 0.0009306602 0.1089439 0.994044 0.002757307 0.1089524 -0.9940431 0.00275715 0.1004922 0.9949278 0.004481605 0.1004987 -0.994927 0.004481876 0.0881912 -0.9960853 0.006038454 0.08818571 0.9960858 0.006038053 0.07246501 0.9973438 0.007366562 0.07246737 -0.9973435 0.007367221 0.05390808 0.9985105 0.008414401 0.05391179 -0.9985102 0.008414977 0.03322527 0.9994061 0.009138389 0.03322875 -0.999406 0.009138959 0.01122514 -0.9998918 0.009508829 0.01122446 0.9998918 0.009508209 -0.01122514 -0.9998918 0.009508829 -0.01122481 0.9998918 0.009508209 -0.03322661 0.999406 0.009138372 -0.03322875 -0.999406 0.009138959 -0.05390828 0.9985104 0.008414437 -0.05391179 -0.9985102 0.008414977 -0.07246301 0.9973438 0.007366735 -0.07246765 -0.9973435 0.007367207 -0.08819121 -0.9960853 0.006038459 -0.08818559 0.9960858 0.006038069 -0.1005008 -0.9949269 0.004481614 -0.1004945 0.9949275 0.004481317 -0.1089447 0.9940439 0.002757328 -0.1089517 -0.9940432 0.002757493 -0.1132444 0.9935667 0.0009306 -0.1132516 -0.9935658 0.0009306633 -0.5260445 0.8504461 0.004322766 -0.5260441 0.8504463 0.004322832 -0.5260444 -0.8504462 0.004322833 -0.5260441 -0.8504463 0.004322769 0.9862107 -0.1316688 0.1002584 0.9862099 -0.1316742 0.1002594 0.8669126 -0.4797428 0.135312 0.136634 -0.9838366 0.1157439 0.1366376 -0.9838361 0.1157443 0.5282869 -0.8365417 0.1452965 -0.136632 -0.9838368 0.1157444 -0.1366378 -0.9838362 0.1157434 0.7905489 0.6116359 -0.03056034 0.7905496 0.611635 -0.03056102 0.9607928 -0.2747687 -0.03714153 0.9607945 -0.2747627 -0.03713895 0.3062737 -0.95187 -0.01183741 0.3062739 -0.9518699 -0.01183716 0.6563789 0.7540045 -0.02537426 0.6563798 0.7540038 -0.02537512 0.4931302 0.8697466 -0.01906402 0.493126 0.8697491 -0.01905879 0.9949807 -0.09238117 -0.0384604 0.9949796 -0.0923907 -0.03846437 0.4931319 -0.8697457 -0.01905901 0.4931257 -0.8697491 -0.01906385 0.306284 0.9518666 -0.01183754 0.3062841 0.9518666 -0.01183781 0.9949805 0.09238134 -0.0384644 0.9949797 0.09239072 -0.03846037 0.9607937 0.2747656 -0.03713892 0.9607952 0.2747599 -0.03714163 0.656385 -0.7539992 -0.02537532 0.6563861 -0.7539983 -0.02537454 0.8924958 0.4497343 -0.03450137 0.8924957 0.4497344 -0.0345013 0.7905448 -0.6116412 -0.03056083 0.7905456 -0.6116402 -0.03056021 0.892498 -0.44973 -0.03450139 0.8924978 -0.4497301 -0.03450144 0.8808631 0.4616078 -0.1048741 0.8808618 0.4616107 -0.1048721 0.7757804 -0.6242067 -0.09236216 0.7757814 -0.6242056 -0.09236164 0.8808659 -0.4616028 -0.1048726 0.8808637 -0.4616065 -0.1048742 0.7757848 0.6242012 -0.09236205 0.7757852 0.6242006 -0.09236273 0.9523267 -0.2832283 -0.1133824 0.9523257 -0.283231 -0.1133835 0.2953888 -0.9547296 -0.0351687 0.295387 -0.9547302 -0.03516988 0.6400076 0.7645811 -0.07619745 0.6400082 0.7645804 -0.07619847 0.4778979 0.8765706 -0.05689785 0.4778989 0.87657 -0.05690042 0.9884532 -0.09544946 -0.1176848 0.9884539 -0.0954441 -0.1176826 0.4778958 -0.8765717 -0.05690006 0.4778996 -0.8765697 -0.05689805 0.2953975 0.9547269 -0.03517113 0.2953975 0.9547269 -0.03516973 0.9884534 0.09544924 -0.1176826 0.9884537 0.09544416 -0.1176849 0.9523274 0.2832257 -0.1133837 0.9523268 0.283228 -0.1133825 0.6400133 -0.7645762 -0.07619908 0.6400148 -0.7645749 -0.07619829 0.6058682 -0.7853462 -0.127102 0.6058642 -0.7853492 -0.1271035 0.9332579 0.301161 -0.1957849 0.9332575 0.3011634 -0.1957833 0.8551872 0.4862803 -0.1794054 0.855189 0.4862759 -0.1794094 0.7440655 -0.6496155 -0.1560965 0.7440649 -0.6496161 -0.1560968 0.7440695 0.6496106 -0.1560977 0.7440694 0.6496109 -0.1560974 0.8551881 -0.4862776 -0.1794092 0.8551925 -0.4862704 -0.1794065 0.9332573 -0.3011637 -0.1957833 0.9332561 -0.3011667 -0.1957845 0.6058601 0.7853525 -0.1271026 0.6058594 0.7853534 -0.1271001 0.97359 -0.1020107 -0.204246 0.9735899 -0.102011 -0.2042461 0.273761 -0.9600817 -0.05742923 0.2737593 -0.9600821 -0.05742995 0.4469882 -0.8896115 -0.09377036 0.4469865 -0.8896123 -0.09377097 0.4469874 0.8896118 -0.09377117 0.4469875 0.8896119 -0.09377021 0.273769 0.9600792 -0.05743198 0.2737694 0.9600791 -0.057431 0.9735899 0.1020107 -0.2042461 0.97359 0.102011 -0.204246 0.3996921 0.9075636 -0.1287421 0.399692 0.9075636 -0.1287425 0.9457382 0.113053 -0.304628 0.9457383 0.113054 -0.3046275 0.3996914 -0.9075639 -0.1287423 0.3996922 -0.9075636 -0.1287421 0.5512502 -0.8152274 -0.1775594 0.5512522 -0.8152263 -0.1775589 0.2417423 0.9672112 -0.07786624 0.2417441 0.9672108 -0.07786443 0.8982806 0.3307171 -0.2893412 0.8982806 0.3307168 -0.2893413 0.6907457 -0.688018 -0.2224899 0.6907377 -0.6880252 -0.2224922 0.8098768 0.5254033 -0.2608659 0.8098772 0.5254015 -0.260868 0.690746 0.6880159 -0.2224949 0.6907454 0.6880182 -0.2224898 0.8098783 -0.5253997 -0.2608683 0.8098809 -0.5253962 -0.2608673 0.5512453 0.8152315 -0.1775567 0.5512451 0.8152313 -0.1775577 0.8982794 -0.3307204 -0.2893409 0.8982796 -0.3307201 -0.2893408 0.9457384 -0.1130529 -0.3046275 0.9457381 -0.113054 -0.304628 0.2417258 -0.9672154 -0.07786557 0.2417333 -0.9672137 -0.07786334 0.8362474 -0.3751606 -0.399931 0.8362509 -0.3751548 -0.3999291 0.2000135 -0.9751133 -0.09564949 0.200006 -0.9751146 -0.09565087 0.3355058 0.9282733 -0.1604511 0.335505 0.9282734 -0.1604519 0.8944521 -0.1302843 -0.4277633 0.8944525 -0.1302832 -0.4277628 0.8944524 0.1302842 -0.4277628 0.8944522 0.1302833 -0.4277634 0.3355041 -0.9282737 -0.1604515 0.335506 -0.9282731 -0.1604512 0.200014 0.9751126 -0.09565469 0.200012 0.9751129 -0.0956559 0.8362506 0.3751557 -0.399929 0.8362504 0.3751523 -0.3999324 0.4726742 -0.8517514 -0.2260501 0.4726695 -0.8517538 -0.2260508 0.6083788 -0.7383914 -0.2909527 0.6083825 -0.7383885 -0.2909521 0.7345025 0.5806153 -0.351272 0.7345027 0.5806177 -0.3512676 0.7345086 -0.5806084 -0.3512705 0.7345027 -0.5806149 -0.3512721 0.6083855 0.7383855 -0.2909535 0.608385 0.738385 -0.2909558 0.4726653 0.8517568 -0.2260488 0.4726664 0.8517567 -0.2260464 0.4875456 0.7963277 -0.3579966 0.4875465 0.7963278 -0.357995 0.7247747 -0.4375793 -0.5321899 0.7247755 -0.4375783 -0.5321897 0.1497549 -0.9825889 -0.1099651 0.1497556 -0.9825889 -0.109965 0.3671016 0.8902677 -0.2695549 0.3670974 0.8902681 -0.2695591 0.2547903 0.9487246 -0.1870922 0.2547907 0.9487246 -0.1870919 0.7961639 -0.1560622 -0.5846089 0.7961624 -0.1560651 -0.5846102 0.2547907 -0.9487246 -0.187092 0.25479 -0.9487247 -0.187092 0.1497609 0.9825877 -0.1099689 0.1497604 0.9825877 -0.1099691 0.7961618 0.1560707 -0.5846096 0.7961599 0.1560655 -0.5846135 0.7247751 0.4375708 -0.5321962 0.7247764 0.4375746 -0.5321913 0.3670992 -0.890267 -0.2695605 0.3671089 -0.8902631 -0.2695602 0.6118903 0.650937 -0.4493008 0.6118903 0.650937 -0.4493008 0.4875434 -0.7963307 -0.3579927 0.4875405 -0.7963325 -0.3579928 0.6118934 -0.6509324 -0.4493031 0.6118934 -0.6509326 -0.4493031 0.4203894 0.7262399 -0.5439194 0.420391 0.7262405 -0.5439174 0.3209171 -0.8512348 -0.4152246 0.3209256 -0.8512312 -0.4152254 0.320927 0.8512298 -0.4152272 0.3209223 0.8512295 -0.4152314 0.4203945 -0.726235 -0.543922 0.4203914 -0.726237 -0.5439218 0.5244833 -0.5142161 -0.6786008 0.5244805 -0.5142187 -0.678601 0.2345065 0.923549 -0.3034206 0.2345102 0.9235487 -0.3034182 0.6002585 -0.1910745 -0.7766467 0.6002572 -0.1910762 -0.7766474 0.09276398 -0.9884271 -0.1200278 0.09276773 -0.9884268 -0.1200278 0.1596453 -0.9653224 -0.2065574 0.1596471 -0.9653221 -0.2065575 0.159647 0.9653222 -0.2065574 0.1596456 0.9653223 -0.2065579 0.09277122 0.9884259 -0.1200323 0.09277374 0.9884257 -0.1200316 0.6002574 0.1910747 -0.7766476 0.6002622 0.1910816 -0.7766423 0.2345148 -0.9235457 -0.3034242 0.2345089 -0.9235473 -0.3034237 0.5244871 0.5142111 -0.6786016 0.5244856 0.5142097 -0.6786039 0.08086982 -0.9431897 -0.3222629 0.08086721 -0.94319 -0.3222623 0.0314269 0.9916294 -0.1252339 0.03142756 0.9916293 -0.1252338 0.1987691 0.5771361 -0.7920889 0.198773 0.5771385 -0.7920861 0.1128 -0.886121 -0.4495173 0.1127997 -0.8861211 -0.4495172 0.1524018 0.7797162 -0.6073025 0.1523947 0.779714 -0.6073071 0.1128009 0.8861185 -0.449522 0.1128012 0.8861185 -0.4495219 0.1523949 -0.7797135 -0.6073077 0.1524037 -0.7797097 -0.6073104 0.08086615 0.9431916 -0.3222581 0.08086842 0.9431917 -0.3222573 0.1987727 -0.5771399 -0.7920852 0.1987678 -0.5771432 -0.792084 0.2372312 -0.2236452 -0.9453593 0.2372308 -0.2236454 -0.9453593 0.0314333 -0.9916297 -0.1252294 0.03142562 -0.99163 -0.1252288 0.05442828 0.9746765 -0.2168944 0.05442868 0.9746765 -0.2168943 0.2372308 0.2236452 -0.9453594 0.2372312 0.2236455 -0.9453592 0.05442867 -0.9746766 -0.2168943 0.05442823 -0.9746765 -0.2168942 -0.05442827 0.9746765 -0.2168944 -0.05442871 0.9746765 -0.2168944 -0.237231 -0.2236479 -0.9453588 -0.2372283 -0.2236453 -0.9453599 -0.2372281 0.2236479 -0.9453593 -0.2372312 0.2236452 -0.9453593 -0.05442865 -0.9746766 -0.2168942 -0.05442825 -0.9746765 -0.2168943 -0.03142689 0.9916294 -0.1252339 -0.03142758 0.9916294 -0.1252339 -0.1987685 0.5771388 -0.7920869 -0.1987735 0.5771355 -0.7920882 -0.08086953 -0.9431901 -0.3222617 -0.08086608 -0.9431899 -0.322263 -0.1127984 -0.8861209 -0.4495179 -0.1127997 -0.886121 -0.4495173 -0.1524026 0.7797133 -0.6073059 -0.1523937 0.7797172 -0.6073033 -0.1523958 -0.7797104 -0.6073115 -0.1524029 -0.7797126 -0.607307 -0.112801 0.8861182 -0.4495225 -0.1127995 0.8861186 -0.4495222 -0.08086465 0.9431921 -0.3222573 -0.08086862 0.9431915 -0.3222581 -0.1987722 -0.5771428 -0.7920832 -0.1987683 -0.5771404 -0.792086 -0.03143301 -0.9916299 -0.1252282 -0.03142577 -0.99163 -0.1252294 -0.09276439 -0.988427 -0.1200283 -0.09276752 -0.9884268 -0.1200275 -0.2345088 0.9235491 -0.3034186 -0.2345106 0.9235485 -0.3034187 -0.1596472 0.9653221 -0.2065576 -0.1596454 0.9653224 -0.2065575 -0.6002584 -0.191076 -0.7766466 -0.6002612 -0.1910801 -0.7766433 -0.1596456 -0.9653223 -0.2065578 -0.1596469 -0.9653222 -0.2065572 -0.09277105 0.988426 -0.1200321 -0.09277406 0.9884257 -0.120032 -0.6002617 0.1910756 -0.7766441 -0.6002578 0.1910806 -0.7766458 -0.524482 0.5142146 -0.678603 -0.5244849 0.5142119 -0.6786028 -0.2345136 -0.9235465 -0.3034226 -0.2345124 -0.9235466 -0.3034233 -0.4203887 0.7262411 -0.5439183 -0.4203919 0.7262391 -0.5439186 -0.3209235 -0.8512318 -0.415226 -0.320925 -0.8512318 -0.4152247 -0.4203937 -0.7262363 -0.5439209 -0.4203922 -0.7262358 -0.5439228 -0.3209288 0.8512281 -0.4152295 -0.320926 0.8512293 -0.4152292 -0.5244825 -0.5142182 -0.6785998 -0.5244811 -0.5142168 -0.6786019 -0.4875447 0.7963285 -0.3579959 -0.4875475 0.7963268 -0.3579958 -0.6118934 -0.6509324 -0.4493031 -0.6118935 -0.6509325 -0.4493031 -0.7247749 -0.4375786 -0.5321901 -0.7247751 -0.4375791 -0.5321894 -0.3671026 0.8902671 -0.2695556 -0.3670986 0.8902687 -0.2695557 -0.7961636 -0.1560648 -0.5846087 -0.7961627 -0.1560624 -0.5846105 -0.1497551 -0.982589 -0.1099652 -0.1497556 -0.9825889 -0.109965 -0.2547915 -0.9487242 -0.1870925 -0.2547933 -0.9487239 -0.1870914 -0.254794 0.9487236 -0.1870919 -0.2547909 0.9487245 -0.1870921 -0.1497609 0.9825877 -0.1099689 -0.1497603 0.9825877 -0.109969 -0.7961624 0.156065 -0.5846102 -0.796164 0.1560621 -0.584609 -0.3671047 -0.8902648 -0.2695602 -0.3671065 -0.8902647 -0.2695585 -0.724777 0.4375745 -0.5321907 -0.7247761 0.4375754 -0.532191 -0.6118903 0.6509371 -0.4493008 -0.6118903 0.650937 -0.4493008 -0.4875423 -0.7963317 -0.357992 -0.4875414 -0.7963316 -0.3579935 -0.6083807 -0.7383894 -0.2909536 -0.6083811 -0.73839 -0.2909514 -0.7344996 0.5806198 -0.3512707 -0.7345057 0.580613 -0.351269 -0.6083872 0.7383839 -0.2909542 -0.6083834 0.7383867 -0.2909549 -0.7345056 -0.5806133 -0.3512689 -0.7345054 -0.5806107 -0.3512735 -0.4726638 0.8517578 -0.226048 -0.472664 0.8517576 -0.226048 -0.8362491 -0.3751559 -0.3999318 -0.8362492 -0.3751594 -0.3999284 -0.8944523 -0.130283 -0.4277634 -0.8944525 -0.1302842 -0.4277626 -0.200005 -0.9751146 -0.09565257 -0.200007 -0.9751143 -0.09565134 -0.3355041 0.9282737 -0.1604523 -0.3355055 0.9282733 -0.1604521 -0.8944521 0.1302871 -0.4277624 -0.8944533 0.130284 -0.427761 -0.3355048 -0.9282736 -0.1604518 -0.3355043 -0.9282736 -0.1604524 -0.4726697 -0.8517538 -0.2260507 -0.4726696 -0.8517538 -0.2260507 -0.2000144 0.9751125 -0.09565489 -0.2000111 0.9751131 -0.09565549 -0.8362549 0.3751469 -0.3999284 -0.8362486 0.3751571 -0.3999317 -0.2417417 0.9672114 -0.077866 -0.2417455 0.9672105 -0.07786489 -0.8982815 0.3307144 -0.2893414 -0.8982814 0.3307144 -0.2893414 -0.5512514 -0.8152266 -0.1775597 -0.5512515 -0.8152268 -0.1775586 -0.6907424 -0.6880216 -0.2224888 -0.6907429 -0.6880199 -0.2224924 -0.809877 0.5254029 -0.2608659 -0.8098765 0.5254036 -0.2608661 -0.8098795 -0.5253986 -0.260867 -0.8098795 -0.5253989 -0.2608666 -0.6907445 0.6880181 -0.2224929 -0.6907502 0.688013 -0.2224912 -0.5512462 0.8152307 -0.1775569 -0.5512443 0.815232 -0.1775574 -0.8982804 -0.3307176 -0.2893411 -0.8982801 -0.3307197 -0.2893394 -0.2417358 -0.9672132 -0.07786179 -0.241734 -0.9672135 -0.07786355 -0.3996925 0.9075634 -0.1287421 -0.3996916 0.9075638 -0.1287423 -0.9457389 -0.1130538 -0.304626 -0.9457387 -0.1130525 -0.3046267 -0.9457386 0.1130539 -0.3046267 -0.9457381 0.1130557 -0.3046274 -0.3996918 -0.9075637 -0.1287424 -0.399692 -0.9075637 -0.128742 -0.9735898 -0.1020111 -0.2042469 -0.9735897 -0.1020108 -0.204247 -0.4469872 -0.8896121 -0.09377016 -0.4469872 -0.889612 -0.09377112 -0.2737686 0.9600794 -0.0574319 -0.2737702 0.9600789 -0.05743117 -0.9735897 0.1020111 -0.204247 -0.9735898 0.1020108 -0.2042469 -0.9332568 0.3011642 -0.1957856 -0.9332588 0.3011591 -0.1957836 -0.6058656 -0.7853484 -0.1271014 -0.6058663 -0.7853475 -0.127104 -0.8551893 0.4862764 -0.1794058 -0.8551847 0.4862835 -0.1794085 -0.7440662 -0.6496147 -0.1560968 -0.7440663 -0.6496146 -0.156097 -0.8551905 -0.486273 -0.1794097 -0.8551887 -0.4862775 -0.1794057 -0.7440704 0.6496097 -0.1560979 -0.7440706 0.6496094 -0.1560978 -0.9332565 -0.3011667 -0.1957832 -0.9332572 -0.3011628 -0.1957857 -0.2737602 -0.9600819 -0.05742906 -0.2737597 -0.9600819 -0.05743004 -0.6058578 0.7853543 -0.1271023 -0.6058621 0.7853512 -0.1271007 -0.4469867 0.8896122 -0.09377103 -0.4469884 0.8896114 -0.09377041 -0.6400085 0.7645803 -0.07619756 -0.6400069 0.7645816 -0.0761984 -0.9884539 -0.09544301 -0.1176849 -0.9884535 -0.09544922 -0.1176821 -0.2953876 -0.95473 -0.03516855 -0.2953876 -0.9547299 -0.03517 -0.4778986 -0.8765702 -0.05690048 -0.4778976 -0.8765708 -0.05689787 -0.4778998 0.8765696 -0.05689813 -0.477896 0.8765716 -0.05690017 -0.2953969 0.9547271 -0.0351711 -0.2953987 0.9547265 -0.03516987 -0.9884542 0.09544291 -0.1176821 -0.9884532 0.09544945 -0.1176848 -0.6400144 -0.7645751 -0.0761993 -0.6400138 -0.7645758 -0.07619818 -0.9523266 0.2832281 -0.1133836 -0.9523274 0.2832257 -0.1133827 -0.8808613 0.4616109 -0.104874 -0.8808629 0.4616083 -0.1048729 -0.7757812 -0.6242058 -0.09236225 -0.7757812 -0.6242058 -0.09236223 -0.7757853 0.6242005 -0.0923627 -0.7757852 0.6242006 -0.09236273 -0.8808639 -0.4616064 -0.1048731 -0.8808647 -0.4616044 -0.1048744 -0.9523258 -0.2832309 -0.1133825 -0.9523264 -0.2832289 -0.1133836 -0.7905495 0.6116352 -0.03056036 -0.7905489 0.611636 -0.03056085 -0.8924978 -0.4497301 -0.03450139 -0.892498 -0.44973 -0.03450145 -0.65638 0.7540036 -0.02537418 -0.6563787 0.7540048 -0.02537508 -0.9607944 -0.2747627 -0.0371416 -0.9607929 -0.2747684 -0.03713889 -0.9949798 -0.09239073 -0.03846037 -0.9949805 -0.09238096 -0.03846456 -0.3062771 -0.9518687 -0.01184443 -0.3062738 -0.9518699 -0.0118371 -0.4931259 0.869749 -0.01906385 -0.4931322 0.8697457 -0.01905894 -0.9949796 0.09239069 -0.03846453 -0.9949807 0.09238078 -0.0384604 -0.4931258 -0.8697493 -0.01905869 -0.49313 -0.8697467 -0.01906401 -0.6563862 -0.7539982 -0.02537537 -0.6563852 -0.753999 -0.02537438 -0.3062873 0.9518656 -0.01183762 -0.3062807 0.9518676 -0.01184457 -0.9607953 0.2747599 -0.03713899 -0.9607936 0.2747659 -0.03714157 -0.7905455 -0.6116403 -0.03056072 -0.7905449 -0.611641 -0.03056018 -0.8924958 0.4497344 -0.03450137 -0.8924958 0.4497343 -0.03450131 -0.7905448 -0.6116412 0.03056069 -0.7905455 -0.6116403 0.0305602 -0.8924959 0.449734 0.03450153 -0.8924957 0.4497344 0.0345013 -0.892498 -0.44973 0.03450139 -0.8924978 -0.4497301 0.03450144 -0.7905489 0.6116359 0.03056034 -0.7905495 0.6116352 0.03056087 -0.656379 0.7540045 0.02537414 -0.6563799 0.7540036 0.02537513 -0.9607928 -0.2747687 0.03714153 -0.9607945 -0.2747627 0.03713895 -0.3062706 -0.9518707 0.01184405 -0.3062772 -0.9518688 0.01183723 -0.4931302 0.8697466 0.01906402 -0.4931259 0.8697491 0.0190587 -0.9949807 -0.09238079 0.0384604 -0.9949796 -0.09239069 0.03846453 -0.9949805 0.09238096 0.03846457 -0.9949797 0.09239072 0.03846037 -0.493132 -0.8697458 0.01905893 -0.4931256 -0.8697492 0.01906385 -0.306284 0.9518666 0.01183749 -0.3062873 0.9518654 0.01184469 -0.9607937 0.2747659 0.03713892 -0.9607952 0.2747599 0.0371418 -0.656385 -0.7539992 0.02537532 -0.6563863 -0.7539982 0.02537442 -0.2953975 0.9547268 0.03517118 -0.2953975 0.9547269 0.03517012 -0.9884536 0.09544978 0.1176818 -0.9884539 0.095443 0.1176849 -0.9523273 0.283226 0.1133837 -0.9523265 0.2832291 0.113382 -0.6400128 -0.7645765 0.07619911 -0.6400149 -0.7645749 0.07619807 -0.8808631 0.4616077 0.1048737 -0.8808622 0.4616097 0.1048723 -0.775781 -0.624206 0.09236193 -0.7757813 -0.6242056 0.09236176 -0.8808658 -0.4616028 0.1048727 -0.8808637 -0.4616065 0.1048743 -0.7757851 0.6242007 0.0923622 -0.7757853 0.6242005 0.09236246 -0.9523266 -0.2832286 0.1133826 -0.9523257 -0.283231 0.1133835 -0.2953885 -0.9547297 0.03516905 -0.2953871 -0.9547301 0.03516995 -0.6400074 0.7645813 0.07619718 -0.6400082 0.7645804 0.07619855 -0.4778978 0.8765707 0.0568979 -0.4778989 0.87657 0.05690051 -0.9884531 -0.09545004 0.1176848 -0.9884542 -0.09544291 0.1176819 -0.4778958 -0.8765717 0.05690014 -0.4778996 -0.8765697 0.05689811 -0.273761 -0.9600817 0.05742923 -0.2737593 -0.9600821 0.05742995 -0.4469882 -0.8896115 0.09377036 -0.4469865 -0.8896123 0.09377097 -0.4469874 0.8896118 0.09377117 -0.4469875 0.8896119 0.09377021 -0.273769 0.9600792 0.05743198 -0.2737694 0.9600791 0.057431 -0.9735898 0.1020089 0.2042475 -0.9735899 0.102012 0.204246 -0.6058679 -0.7853466 0.1271019 -0.6058635 -0.7853496 0.1271035 -0.933255 0.3011705 0.1957842 -0.9332561 0.3011646 0.195788 -0.8551884 0.4862763 0.1794102 -0.8551885 0.4862761 0.1794103 -0.7440669 -0.6496139 0.156097 -0.7440652 -0.6496157 0.1560977 -0.7440705 0.6496094 0.1560988 -0.74407 0.6496102 0.1560977 -0.8551867 -0.4862795 0.1794099 -0.8551925 -0.4862704 0.1794065 -0.9332573 -0.301164 0.1957833 -0.933256 -0.301167 0.1957845 -0.6058595 0.7853529 0.1271026 -0.6058589 0.7853539 0.1271 -0.9735901 -0.1020087 0.204246 -0.9735894 -0.1020122 0.2042475 -0.5512453 0.8152313 0.1775573 -0.5512453 0.8152313 0.1775569 -0.8982775 -0.330725 0.2893418 -0.8982797 -0.3307201 0.2893401 -0.9457388 -0.113051 0.3046269 -0.9457389 -0.1130508 0.3046268 -0.2417369 -0.9672129 0.07786211 -0.241734 -0.9672136 0.07786297 -0.399693 0.9075633 0.1287416 -0.3996929 0.9075633 0.1287418 -0.9457384 0.1130555 0.3046266 -0.9457381 0.1130511 0.3046291 -0.3996925 -0.9075635 0.1287417 -0.3996929 -0.9075633 0.1287416 -0.5512519 -0.8152265 0.177559 -0.5512511 -0.8152269 0.1775592 -0.2417427 0.9672111 0.0778658 -0.2417441 0.9672109 0.07786445 -0.8982799 0.3307176 0.2893425 -0.898279 0.3307247 0.2893369 -0.6907444 -0.6880191 0.2224902 -0.6907412 -0.688022 0.2224912 -0.8098806 0.5253984 0.2608637 -0.8098813 0.5253959 0.2608668 -0.6907473 0.6880154 0.2224931 -0.690747 0.6880162 0.2224911 -0.8098816 -0.5253954 0.2608669 -0.8098789 -0.525399 0.260868 -0.7345087 -0.5806084 0.3512704 -0.7345075 -0.5806096 0.3512707 -0.6083856 0.7383854 0.2909535 -0.6083854 0.7383852 0.2909545 -0.4726643 0.8517577 0.2260472 -0.4726634 0.8517577 0.226049 -0.8362516 -0.3751538 0.3999288 -0.8362469 -0.3751614 0.3999313 -0.2000042 -0.9751148 0.09565216 -0.2000062 -0.9751145 0.09565178 -0.3355033 0.9282739 0.1604529 -0.3355036 0.9282739 0.1604526 -0.8944501 -0.130287 0.4277667 -0.8944523 -0.1302809 0.4277639 -0.8944516 0.1302865 0.4277636 -0.8944518 0.1302873 0.4277632 -0.3355035 -0.9282739 0.1604526 -0.3355029 -0.928274 0.1604527 -0.2000129 0.9751128 0.095655 -0.2000117 0.975113 0.09565574 -0.8362525 0.3751504 0.3999299 -0.8362525 0.375151 0.3999292 -0.4726675 -0.8517548 0.226051 -0.4726712 -0.8517529 0.2260505 -0.6083801 -0.7383905 0.2909519 -0.6083818 -0.7383893 0.2909517 -0.7345051 0.5806134 0.3512696 -0.7345051 0.5806139 0.3512687 -0.6118885 0.6509351 0.449306 -0.6118903 0.650937 0.4493008 -0.4875348 -0.7963358 0.3579931 -0.4875406 -0.7963324 0.3579929 -0.6118965 -0.6509281 0.4493053 -0.6118889 -0.6509346 0.4493062 -0.4875429 0.7963302 0.3579946 -0.4875411 0.7963299 0.3579978 -0.7247682 -0.4375863 0.5321928 -0.7247809 -0.4375704 0.5321888 -0.149749 -0.9825898 0.1099657 -0.1497556 -0.9825889 0.109965 -0.367098 0.8902685 0.2695573 -0.3670992 0.8902684 0.2695561 -0.2547935 0.9487239 0.1870915 -0.2547917 0.9487242 0.1870927 -0.7961673 -0.1560557 0.5846062 -0.7961608 -0.1560682 0.5846116 -0.2547907 -0.9487246 0.187092 -0.2547939 -0.9487237 0.1870918 -0.1497609 0.9825877 0.1099689 -0.1497604 0.9825877 0.1099691 -0.7961622 0.1560569 0.5846126 -0.7961658 0.1560671 0.584605 -0.7247778 0.4375782 0.5321866 -0.7247747 0.4375699 0.5321976 -0.3671049 -0.8902647 0.2695603 -0.3671022 -0.8902658 0.2695604 -0.6002574 0.1910746 0.7766476 -0.6002536 0.1910692 0.7766519 -0.2345085 -0.9235474 0.3034239 -0.2345132 -0.9235461 0.3034243 -0.5244792 0.5142092 0.6786093 -0.5244879 0.5142177 0.6785961 -0.4203928 0.7262412 0.5439152 -0.4203855 0.7262384 0.5439245 -0.3209228 -0.8512324 0.4152251 -0.3209166 -0.8512351 0.4152246 -0.320921 0.8512306 0.4152303 -0.3209245 0.8512308 0.4152273 -0.420384 -0.7262408 0.5439225 -0.4203992 -0.7262312 0.5439234 -0.5244911 -0.514209 0.6786003 -0.5244731 -0.5142255 0.6786015 -0.2345101 0.9235481 0.3034203 -0.2345112 0.923548 0.3034196 -0.6002529 -0.1910753 0.7766509 -0.6002581 -0.1910686 0.7766486 -0.09277036 -0.9884266 0.1200272 -0.09276736 -0.9884269 0.1200273 -0.159646 -0.9653221 0.2065583 -0.1596435 -0.9653226 0.2065582 -0.159647 0.9653222 0.2065574 -0.1596456 0.9653223 0.2065579 -0.09277122 0.9884259 0.1200323 -0.09277373 0.9884257 0.1200316 -0.05442449 0.9746765 0.2168959 -0.05443164 0.9746764 0.2168941 -0.2372353 0.2236494 0.9453572 -0.2372312 0.2236454 0.9453592 -0.05443205 -0.974676 0.2168957 -0.05442848 -0.9746764 0.2168952 -0.08086944 -0.9431902 0.3222614 -0.0808706 -0.94319 0.3222616 -0.03142845 0.9916294 0.1252331 -0.03142084 0.9916295 0.1252344 -0.198769 0.5771362 0.7920889 -0.1987652 0.5771338 0.7920916 -0.1128053 -0.8861198 0.4495182 -0.1128026 -0.8861206 0.4495174 -0.1523953 0.7797157 0.6073048 -0.1523976 0.7797164 0.6073033 -0.112804 0.8861175 0.449523 -0.1128062 0.8861178 0.449522 -0.1523991 -0.7797117 0.607309 -0.1523961 -0.779713 0.6073081 -0.08086932 0.9431919 0.3222565 -0.08086266 0.9431916 0.322259 -0.198764 -0.5771409 0.7920867 -0.1987688 -0.5771376 0.7920878 -0.2372309 -0.2236497 0.9453583 -0.2372356 -0.2236453 0.9453581 -0.03142625 -0.9916301 0.1252286 -0.03142733 -0.9916301 0.1252287 0.08087075 0.9431915 0.3222571 0.08086823 0.9431919 0.3222565 0.1987645 -0.5771379 0.7920886 0.1987683 -0.5771404 0.7920859 0.03142629 -0.9916301 0.1252287 0.03142731 -0.9916301 0.1252286 0.0544285 0.9746763 0.2168953 0.05443209 0.974676 0.2168958 0.2372312 -0.2236455 0.9453592 0.2372353 -0.2236494 0.9453572 0.2372356 0.2236453 0.9453581 0.2372309 0.2236497 0.9453583 0.05443185 -0.9746763 0.2168949 0.05442861 -0.9746762 0.2168957 0.0314286 0.9916294 0.1252337 0.03142054 0.9916297 0.1252331 0.1987686 0.5771389 0.7920869 0.1987735 0.5771356 0.7920882 0.08086962 -0.9431899 0.3222621 0.08087181 -0.94319 0.3222613 0.1128066 -0.8861206 0.4495164 0.1128028 -0.8861201 0.4495183 0.1524026 0.7797134 0.6073059 0.152398 0.7797154 0.6073046 0.1523988 -0.7797128 0.6073077 0.1523964 -0.779712 0.6073092 0.1128037 0.8861183 0.4495216 0.1128082 0.8861171 0.4495229 0.4203918 -0.7262357 0.5439232 0.4203955 -0.726237 0.5439186 0.3209257 0.8512293 0.4152292 0.3209202 0.8512316 0.4152286 0.5244883 -0.5142166 0.6785967 0.5244831 -0.5142116 0.6786044 0.09277003 -0.9884267 0.1200268 0.09276752 -0.9884268 0.1200275 0.2345065 0.9235489 0.3034207 0.234506 0.9235491 0.3034207 0.1596436 0.9653225 0.2065583 0.159646 0.9653221 0.2065584 0.6002584 -0.1910761 0.7766466 0.6002575 -0.1910747 0.7766477 0.1596456 -0.9653223 0.2065578 0.1596438 -0.9653224 0.2065585 0.09277105 0.988426 0.1200321 0.09277407 0.9884257 0.120032 0.6002573 0.1910762 0.7766474 0.6002586 0.1910745 0.7766467 0.524482 0.5142145 0.678603 0.5244849 0.5142119 0.6786028 0.2345095 -0.9235467 0.3034251 0.2345098 -0.9235467 0.3034249 0.4203896 0.7262397 0.5439196 0.420389 0.7262401 0.5439196 0.3209184 -0.8512335 0.4152263 0.3209215 -0.8512337 0.4152236 0.7247779 0.4375721 0.5321915 0.7247747 0.4375761 0.5321925 0.6118888 0.6509377 0.4493019 0.6118914 0.6509355 0.4493016 0.4875387 -0.7963322 0.357996 0.4875405 -0.7963325 0.3579928 0.4875465 0.7963269 0.3579972 0.4875408 0.7963302 0.3579975 0.6118934 -0.6509324 0.4493031 0.6118928 -0.6509319 0.4493048 0.7247743 -0.4375769 0.5321922 0.7247752 -0.437579 0.5321894 0.3670974 0.8902689 0.2695568 0.3670999 0.8902678 0.2695567 0.7961632 -0.1560677 0.5846084 0.7961615 -0.1560628 0.5846121 0.1497507 -0.9825894 0.109967 0.1497578 -0.9825886 0.1099641 0.2547947 -0.9487238 0.1870905 0.2547933 -0.948724 0.1870914 0.254794 0.9487237 0.1870919 0.2547909 0.9487245 0.1870921 0.1497609 0.9825877 0.1099689 0.1497602 0.9825878 0.109969 0.7961608 0.1560682 0.5846115 0.796164 0.1560622 0.584609 0.367104 -0.8902653 0.2695597 0.3671029 -0.8902654 0.2695609 0.3355021 -0.928274 0.1604546 0.3355056 -0.9282734 0.160451 0.4726708 -0.8517538 0.2260485 0.47267 -0.8517537 0.22605 0.2000117 0.9751132 0.09565445 0.2000204 0.9751114 0.09565281 0.8362522 0.3751512 0.3999298 0.8362501 0.3751546 0.3999309 0.6083808 -0.7383898 0.2909524 0.6083806 -0.7383896 0.2909535 0.7345031 0.580615 0.3512711 0.7345037 0.5806144 0.3512709 0.6083843 0.7383857 0.2909553 0.6083862 0.7383844 0.2909549 0.7345064 -0.5806103 0.3512722 0.7345064 -0.58061 0.3512726 0.4726632 0.8517584 0.2260467 0.4726663 0.8517568 0.2260463 0.8362498 -0.3751554 0.3999307 0.8362499 -0.3751574 0.3999287 0.8944517 -0.1302875 0.4277631 0.8944516 -0.1302865 0.4277638 0.2000112 -0.9751138 0.09564841 0.2000044 -0.9751148 0.09565258 0.3355078 0.9282724 0.1604521 0.3355037 0.9282738 0.1604527 0.8944514 0.1302876 0.4277637 0.8944519 0.1302864 0.4277632 0.3996934 0.907563 0.1287425 0.3996941 0.9075627 0.1287423 0.9457383 -0.113054 0.3046275 0.9457384 -0.1130558 0.3046265 0.9457386 0.1130538 0.3046265 0.9457381 0.113056 0.3046274 0.399696 -0.9075626 0.128737 0.3996935 -0.907563 0.1287425 0.2417422 0.9672113 0.07786566 0.2417337 0.9672132 0.07786814 0.8982776 0.3307257 0.2893402 0.8982828 0.3307151 0.2893364 0.5512512 -0.8152267 0.1775597 0.5512515 -0.8152271 0.1775573 0.6907421 -0.6880224 0.2224871 0.6907427 -0.6880203 0.2224916 0.8098849 0.5253918 0.2608635 0.8098791 0.5253997 0.260866 0.8098841 -0.5253911 0.2608677 0.8098834 -0.5253937 0.2608646 0.6907436 0.6880194 0.2224919 0.6907507 0.6880128 0.2224898 0.5512472 0.8152303 0.1775559 0.5512428 0.815233 0.177557 0.8982789 -0.3307253 0.2893369 0.8982795 -0.3307203 0.2893408 0.2417305 -0.9672141 0.07786708 0.2417371 -0.967213 0.07786044 0.9332557 -0.3011656 0.1957881 0.9332546 -0.3011716 0.1957842 0.2737602 -0.9600819 0.05742906 0.2737582 -0.9600822 0.05743325 0.6058581 0.785354 0.1271026 0.6058611 0.7853519 0.1271015 0.4469862 0.8896124 0.09377171 0.4469892 0.889611 0.09377058 0.9735908 -0.1020017 0.2042461 0.9735909 -0.1020103 0.2042419 0.446983 -0.8896136 0.09377506 0.4469832 -0.889614 0.09377108 0.2737686 0.9600794 0.0574319 0.2737702 0.9600789 0.05743117 0.9735917 0.1020014 0.2042421 0.97359 0.1020107 0.204246 0.9332576 0.3011618 0.1957848 0.9332536 0.301172 0.1957886 0.6058654 -0.7853484 0.1271024 0.605866 -0.7853477 0.1271043 0.855183 0.4862859 0.1794101 0.8551921 0.4862717 0.1794049 0.7440704 -0.6496096 0.1560981 0.7440682 -0.6496133 0.156093 0.8551881 -0.4862794 0.179404 0.855191 -0.4862717 0.1794108 0.7440769 0.649603 0.1560948 0.7440694 0.6496108 0.1560979 0.7757837 0.6242021 0.09236671 0.7757901 0.6241945 0.09236302 0.8808634 -0.4616061 0.1048778 0.8808606 -0.4616126 0.1048733 0.9523285 -0.2832225 0.1133821 0.9523275 -0.2832266 0.1133799 0.6400092 0.7645798 0.0761974 0.6400073 0.7645813 0.07619837 0.9884533 -0.09545302 0.1176808 0.9884539 -0.0954397 0.1176869 0.2953907 -0.9547291 0.03516931 0.2953907 -0.9547291 0.03516679 0.4778964 -0.8765718 0.05689444 0.4778977 -0.8765708 0.05689782 0.4778953 0.8765721 0.05689755 0.4779003 0.8765696 0.0568949 0.2954017 0.9547257 0.0351681 0.2953984 0.9547266 0.03517022 0.9884526 0.09545324 0.1176868 0.9884547 0.09543924 0.117681 0.640015 -0.7645746 0.07619929 0.6400143 -0.7645754 0.076198 0.9523296 0.2832194 0.1133801 0.9523279 0.2832242 0.1133821 0.8808619 0.4616099 0.1048735 0.8808572 0.4616183 0.104877 0.7757807 -0.6242064 0.0923619 0.775784 -0.6242015 0.09236675 0.1039096 -0.9945786 -0.004016081 0.1039096 0.9945786 -0.00401608 0.09995047 -0.9949213 -0.0119 0.09995047 0.9949213 -0.0119 0.09217425 0.9955551 -0.0193362 0.09217425 -0.9955551 -0.01933619 0.08085872 0.9963853 -0.02604414 0.08085614 -0.9963854 -0.02604567 0.06641769 0.9972861 -0.03176431 0.06642085 -0.9972859 -0.03176346 0.0493939 -0.9981205 -0.03626994 0.04939387 0.9981205 -0.03626994 0.03043534 -0.9987606 -0.03938046 0.03043734 0.9987606 -0.03938014 0.01028103 0.9991076 -0.04096825 0.01028328 -0.9991076 -0.04096825 -0.01028103 0.9991076 -0.04096825 -0.01028328 -0.9991076 -0.04096825 -0.03043534 -0.9987606 -0.03938046 -0.03043734 0.9987606 -0.03938013 -0.04939391 -0.9981205 -0.03626994 -0.04939388 0.9981205 -0.03626994 -0.06641767 -0.9972861 -0.03176431 -0.06641768 0.9972861 -0.03176431 -0.08085871 0.9963853 -0.02604415 -0.0808587 -0.9963853 -0.02604416 -0.09217424 0.9955551 -0.01933619 -0.09217425 -0.9955551 -0.01933619 -0.09995046 0.9949213 -0.0119 -0.09995046 -0.9949213 -0.0119 -0.1039084 -0.9945788 -0.004018372 -0.1039084 0.9945788 -0.004018372 -0.1039084 0.9945788 0.004018329 -0.1039084 -0.9945788 0.004018329 -0.09995034 0.9949213 0.01190012 -0.09995034 -0.9949213 0.01190012 -0.09217424 0.9955551 0.01933619 -0.09217425 -0.9955551 0.01933619 -0.0808587 0.9963853 0.02604415 -0.0808587 -0.9963853 0.02604416 -0.06641767 -0.9972861 0.03176431 -0.06641769 0.9972861 0.03176431 -0.04939388 0.9981205 0.03626994 -0.04939222 -0.9981206 0.03627038 -0.03043734 0.9987606 0.03938013 -0.0304375 -0.9987606 0.03938029 -0.01027883 0.9991076 0.04096841 -0.01028103 -0.9991076 0.04096841 0.01027883 0.9991076 0.04096841 0.01028103 -0.9991076 0.04096841 0.0304375 -0.9987606 0.03938029 0.03043734 0.9987606 0.03938014 0.04939387 0.9981205 0.03626994 0.04939221 -0.9981206 0.03627038 0.06642085 0.9972859 0.03176346 0.06642085 -0.9972859 0.03176346 0.08085614 0.9963854 0.02604567 0.08085614 -0.9963854 0.02604567 0.09217425 -0.9955551 0.01933619 0.09217425 0.9955551 0.0193362 0.09995034 -0.9949213 0.01190012 0.09995035 0.9949213 0.01190012 0.9607952 0.2747599 0.03714322 0.9607962 0.2747567 0.03714183 0.7905456 -0.6116402 0.03056105 0.7905447 -0.6116413 0.03056017 0.8924958 0.4497344 0.03450152 0.8924959 0.449734 0.03450131 0.7905497 0.611635 0.03056037 0.7905486 0.6116363 0.03056116 0.8924978 -0.4497301 0.03450139 0.8924981 -0.4497297 0.03450161 0.1039096 -0.9945787 0.004016038 0.6563798 0.7540037 0.02537444 0.656379 0.7540046 0.02537509 0.9607944 -0.2747627 0.03714177 0.9607953 -0.2747597 0.03714322 0.9949796 -0.09239072 0.03846475 0.9949796 -0.09239121 0.03846453 0.3062739 -0.9518698 0.01183729 0.3062755 -0.9518693 0.01184073 0.493126 0.869749 0.01906386 0.4931253 0.8697494 0.01906441 0.9949796 0.09239069 0.03846453 0.9949796 0.0923912 0.03846474 0.4931258 -0.8697492 0.01906443 0.4931253 -0.8697494 0.01906383 0.656386 -0.7539983 0.02537536 0.6563854 -0.7539989 0.02537466 0.3062841 0.9518665 0.01184106 0.3062872 0.9518656 0.0118378 0.1039096 0.9945787 0.004016037 0.3312259 -0.9435475 -0.002721873 0.3312261 -0.9435475 -0.002721835 0.3312248 0.9435479 -0.002721278 0.3312261 0.9435475 -0.002721874 0.3198105 0.9474469 -0.008094231 0.3198105 0.9474469 -0.0080942 0.3198105 -0.9474469 -0.008094228 0.3198136 -0.9474459 -0.008093776 0.297022 0.9547788 -0.01324575 0.2970234 0.9547784 -0.0132451 0.2970258 -0.9547776 -0.01324521 0.2970207 -0.9547791 -0.0132457 0.263026 -0.9646206 -0.01800933 0.2630268 -0.9646204 -0.01800928 0.4328785 -0.9009649 -0.02963892 0.4328807 -0.9009638 -0.02963878 0.2630267 0.9646205 -0.01800927 0.2630263 0.9646205 -0.01800935 0.2183203 -0.9756248 -0.02219487 0.2183216 -0.9756244 -0.02219481 0.3665625 -0.9296468 -0.03726515 0.3665606 -0.9296475 -0.03726522 0.3665615 0.9296472 -0.0372653 0.3665625 0.9296468 -0.03726506 0.2183216 0.9756245 -0.02219477 0.2183207 0.9756247 -0.0221949 0.1639741 -0.9861326 -0.02559458 0.1639751 -0.9861324 -0.02559456 0.2809039 0.9587339 -0.04384568 0.2809032 0.9587341 -0.04384578 0.2809035 -0.958734 -0.04384567 0.2809038 -0.9587339 -0.04384566 0.1639747 0.9861325 -0.02559457 0.163975 0.9861324 -0.02559454 0.1018234 0.9944082 -0.02800477 0.1018237 0.9944082 -0.02800474 0.2662509 -0.9611182 -0.07322811 0.2662528 -0.9611177 -0.07322814 0.2519207 0.9649318 -0.07377409 0.2489526 0.965668 -0.07421627 0.1018238 -0.9944082 -0.02800476 0.1018227 -0.9944084 -0.02800476 0.1669201 0.9847139 -0.04976123 0.1773477 0.9829388 -0.04877644 0.1773465 -0.982939 -0.04877644 0.1773468 -0.9829389 -0.04877644 -0.137478 0.9885002 -0.06298434 0.06159621 0.9967364 -0.05217658 0.06072966 -0.9968277 -0.05144255 0.06072927 -0.9968278 -0.05144254 0.0345397 0.9989749 -0.0292577 0.03453868 0.998975 -0.02925774 0.09284478 -0.9925696 -0.07864695 0.09284283 -0.9925699 -0.07864686 0.762111 -0.04927107 -0.6455689 0.9978736 0.06501711 0.004585286 0.1366363 -0.9838363 -0.1157441 0.1366366 -0.9838362 -0.1157441 0.2053667 -0.9630995 -0.173965 0.2053707 -0.9630987 -0.1739653 0.9982333 0.05916099 -0.005505342 0.9983202 0.05714955 0.009521365 0.3370849 -0.8971298 -0.2855379 0.3370828 -0.8971307 -0.2855376 0.03453976 -0.9989749 -0.02925772 0.03453973 -0.9989749 -0.02925772 0.9948662 0.07973099 0.06232277 -0.1793699 0.9803435 -0.08217673 -0.7237272 0.5380064 0.4321666 -0.8339003 0.4348354 0.3398948 -0.6370242 -0.5504705 -0.5396132 -0.6370239 -0.5504702 -0.5396137 -0.03453976 -0.9989749 -0.02925772 -0.03453973 -0.9989749 -0.02925772 -0.06072964 -0.9968277 -0.05144253 -0.06072929 -0.9968277 -0.05144255 0.133172 0.9896054 -0.05428043 -0.07485881 0.995176 -0.06340971 -0.03454044 0.998975 -0.02925774 -0.03453863 0.998975 -0.0292577 -0.6370224 0.5504731 -0.5396125 -0.6370268 0.5504685 -0.5396121 -0.0928447 -0.9925696 -0.07864687 -0.09284376 -0.9925698 -0.07864696 -0.337086 0.8971291 -0.2855385 -0.3370825 0.8971307 -0.2855382 -0.7621083 -0.04927105 -0.645572 -0.7621102 -0.04927114 -0.6455699 -0.1366376 -0.9838361 -0.1157442 -0.1366386 -0.9838359 -0.1157441 -0.1366386 0.9838359 -0.1157441 0.1533324 0.9839237 -0.09156092 -0.2053694 -0.9630991 -0.1739647 -0.2053685 -0.9630992 -0.1739649 -0.3370827 -0.8971304 -0.2855383 -0.3370833 -0.8971304 -0.285538 -0.5282934 0.8365372 -0.1452978 -0.996543 -0.0005477376 -0.08307611 -0.9966723 0.07772939 0.02454605 -0.9982872 0.05770375 0.009645399 -0.5282884 -0.8365402 -0.1452985 -0.5282908 -0.8365391 -0.1452971 -0.9970957 0.07066761 0.0283971 0.9108831 0.3279172 0.250524 -0.7286969 -0.6548547 -0.2004152 -0.7286965 -0.6548544 -0.2004179 -0.9281661 -0.270814 -0.2552792 -0.9281653 -0.2708201 -0.2552759 -0.1018236 -0.9944082 -0.02800472 -0.1018227 -0.9944084 -0.02800478 -0.1773473 0.9829389 -0.04877659 -0.1773433 0.9829397 -0.04877656 -0.9281675 0.2708115 -0.2552765 -0.9281631 0.2708248 -0.2552789 -0.1773466 -0.982939 -0.04877646 -0.1773468 -0.9829389 -0.04877643 -0.2662515 -0.961118 -0.07322829 -0.2662527 -0.9611177 -0.07322811 -0.1018206 0.9944085 -0.02800479 -0.1018238 0.9944082 -0.02800478 -0.728692 0.6548596 -0.2004171 -0.7287017 0.6548489 -0.2004165 -0.378327 -0.9198053 -0.1040522 -0.3783242 -0.9198064 -0.1040529 -0.553351 -0.828458 -0.08637196 -0.5533519 -0.8284574 -0.08637137 -0.7115308 0.6938222 -0.1110621 -0.7115354 0.6938174 -0.1110618 -0.711533 -0.69382 -0.1110615 -0.711533 -0.6938199 -0.1110624 -0.5533533 0.8284565 -0.08637159 -0.5533491 0.8284593 -0.08637166 -0.4094177 0.9101061 -0.06390557 -0.4094203 0.9101049 -0.06390554 -0.8669121 -0.4797427 -0.1353154 -0.8669107 -0.479746 -0.1353133 -0.1639743 -0.9861326 -0.0255946 -0.163975 -0.9861324 -0.02559454 -0.2809038 0.9587339 -0.04384566 -0.2809102 0.958732 -0.04384558 -0.1055927 -0.9942729 -0.01648162 0.1747932 -0.6722785 -0.7193671 0.128505 0.9141093 -0.3845656 0.1806014 0.6714587 -0.7186977 -0.2809035 -0.958734 -0.04384568 -0.2809037 -0.9587339 -0.04384565 -0.1639783 0.9861319 -0.02559438 -0.1639745 0.9861325 -0.02559446 0.00853564 0.9915464 -0.1294713 -0.8669083 0.47975 -0.1353148 -0.4094194 -0.9101054 -0.0639054 -0.4094184 -0.9101058 -0.06390568 -0.2183216 0.9756244 -0.02219481 -0.2183211 0.9756246 -0.02219484 -0.7532415 0.6532714 -0.07657469 -0.9466567 0.3130397 -0.07646747 -0.1074496 0.9941727 -0.008679386 -0.1044247 0.9944761 -0.01061586 -0.517176 -0.8542627 -0.05257685 -0.5171763 -0.8542625 -0.05257664 -0.8070456 0.5847616 -0.08204462 -0.8070467 0.58476 -0.08204451 -0.6669689 -0.741994 -0.06780469 -0.6669689 -0.741994 -0.06780418 -0.8070461 -0.584761 -0.08204445 -0.8070462 -0.5847607 -0.08204467 -0.6669704 0.7419927 -0.06780432 -0.666967 0.7419957 -0.0678045 -0.9207982 -0.3786397 -0.09360874 -0.9207991 -0.3786376 -0.09360942 -0.2183207 -0.9756247 -0.02219492 -0.2183217 -0.9756244 -0.02219477 -0.5171772 0.8542619 -0.05257672 -0.5171747 0.8542635 -0.05257682 -0.3665611 0.9296473 -0.0372652 -0.3665625 0.9296468 -0.03726515 -0.1098283 -0.9938879 -0.01116527 -0.1098283 -0.9938878 -0.01116517 -0.3665625 -0.9296468 -0.03726505 -0.3665619 -0.929647 -0.03726521 -0.9917563 -0.1086655 -0.06790564 -0.2074558 -0.9714221 0.1153305 -0.263025 -0.9646209 -0.01800925 -0.2630233 -0.9646214 -0.0180096 -0.4328756 -0.9009662 -0.02963965 -0.4328765 -0.9009658 -0.02963919 -0.4328778 0.9009653 -0.02963928 -0.4328737 0.9009672 -0.02963952 -0.2630227 0.9646216 -0.01800957 -0.2630256 0.9646208 -0.01800937 -0.5635576 -0.7476047 0.3514117 -0.1931294 -0.9701481 0.1466749 -0.5931535 -0.8040644 -0.0406134 -0.5931535 -0.8040644 -0.04061294 -0.824088 0.177216 0.5380274 -0.1083966 0.99408 -0.007421838 -0.8580369 0.5102168 -0.05874917 -0.8580336 0.5102223 -0.05874959 -0.737561 -0.6733894 -0.05050046 -0.7375616 -0.6733889 -0.05050087 -0.7375601 0.6733905 -0.05050077 -0.7375626 0.6733877 -0.05050056 -0.8580357 -0.5102187 -0.05874974 -0.8580347 -0.5102206 -0.05874908 -0.945512 -0.3190862 -0.06473859 -0.9455132 -0.3190825 -0.06473938 -0.5931553 0.8040631 -0.04061306 -0.5931517 0.8040658 -0.04061328 -0.6436573 0.7647753 -0.02870378 -0.6436587 0.7647742 -0.02870366 -0.9580541 -0.2833849 -0.04272454 -0.9580522 -0.2833914 -0.04272354 -0.9944404 -0.09550837 -0.04434624 -0.9944407 -0.0955036 -0.04434681 -0.2970212 -0.954779 -0.01324611 -0.297023 -0.9547784 -0.01324526 -0.4805636 0.876698 -0.02143051 -0.4805682 0.8766955 -0.02143012 -0.9944403 0.0955086 -0.04434679 -0.9803671 0.1897262 -0.05370655 -0.4805654 -0.8766971 -0.02143004 -0.4805654 -0.876697 -0.02143061 -0.6436577 -0.764775 -0.02870364 -0.6436579 -0.7647749 -0.02870381 -0.2970248 0.9547779 -0.01324532 -0.297018 0.95478 -0.01324597 -0.9543765 0.2939933 -0.05228274 -0.9760947 0.2129426 -0.04352833 -0.7803037 -0.6244319 -0.0347975 -0.7803025 -0.6244336 -0.03479692 -0.8860875 0.4618306 -0.03951452 -0.8860884 0.4618288 -0.03951436 -0.7803044 0.624431 -0.03479702 -0.7803011 0.6244351 -0.03479739 -0.8860849 -0.4618356 -0.0395142 -0.8860872 -0.4618312 -0.03951517 -0.9011661 -0.4328735 -0.02280685 -0.9011656 -0.4328745 -0.02280669 -0.8046337 0.5934222 -0.0203638 -0.8046339 0.593422 -0.02036378 -0.6742414 0.7383139 -0.01706379 -0.6742445 0.7383111 -0.01706341 -0.9645053 -0.262933 -0.02440969 -0.9645066 -0.2629275 -0.02441038 -0.3198126 -0.9474462 -0.008093179 -0.3198126 -0.9474462 -0.008094307 -0.511155 0.8593912 -0.01293603 -0.5111479 0.8593955 -0.01293691 -0.9957898 -0.0881339 -0.02520211 -0.9957892 -0.08814057 -0.0252014 -0.9957898 0.08813394 -0.02520141 -0.9957892 0.08814084 -0.02520208 -0.5111533 -0.8593922 -0.01293705 -0.5111513 -0.8593934 -0.01293592 -0.3198103 0.9474471 -0.00809425 -0.3198172 0.9474447 -0.00809327 -0.9645052 0.2629331 -0.02441032 -0.964505 0.2629339 -0.02441039 -0.6742419 -0.7383134 -0.01706333 -0.6742434 -0.7383121 -0.01706384 -0.8046338 -0.5934221 -0.02036377 -0.8046339 -0.5934219 -0.0203638 -0.9011658 0.432874 -0.02280735 -0.9011682 0.4328693 -0.02280691 -0.9078137 0.4193073 -0.007459959 -0.9078128 0.4193093 -0.007460179 -0.8156829 -0.5784604 -0.006702381 -0.815686 -0.578456 -0.006703104 -0.9078137 -0.4193074 -0.007460186 -0.9078128 -0.4193092 -0.007459952 -0.8156829 0.5784605 -0.006703079 -0.8156865 0.5784553 -0.006702411 -0.9672891 -0.2535519 -0.007948698 -0.9672875 -0.2535581 -0.007948021 -0.3312261 -0.9435475 -0.002721883 -0.3312248 -0.9435479 -0.002721266 -0.6886319 0.725089 -0.005658416 -0.6886292 0.7250917 -0.00565888 -0.5260441 0.8504463 -0.00432282 -0.5260493 0.8504431 -0.004321898 -0.04011378 -0.999195 -0.0003296075 0.4450606 -0.1389091 -0.8846612 -0.5260441 -0.8504463 -0.004321855 -0.5260477 -0.8504441 -0.004322855 -0.3312261 0.9435475 -0.002721276 -0.3312235 0.9435484 -0.002721862 0.4400028 -0.197549 -0.8759977 0.449154 0.1381826 -0.882704 0.0368062 0.9948178 -0.09477764 -0.9672874 0.2535583 -0.007948685 -0.688632 -0.725089 -0.005658909 -0.6886296 -0.7250912 -0.005658398 -0.3312248 0.943548 0.00272127 -0.3312261 0.9435475 0.002721873 -0.9328811 0.360103 0.007666026 -0.9122511 0.4095788 0.006558612 -0.6886291 -0.7250918 0.005658885 -0.6886319 -0.725089 0.005658416 -0.03930235 0.9992273 0.0002825634 -0.03934591 0.9992256 0.000323325 -0.9078128 0.4193092 0.007459952 -0.9078137 0.4193074 0.007460186 -0.8156866 -0.5784553 0.006702411 -0.8156829 -0.5784604 0.006703078 -0.815686 0.5784561 0.006703103 -0.8156829 0.5784605 0.006702381 -0.9078128 -0.4193093 0.007460178 -0.9078137 -0.4193073 0.007459959 -0.9672874 -0.2535585 0.007948684 -0.9672891 -0.2535519 0.007948034 -0.6886296 0.7250912 0.005658398 -0.688632 0.725089 0.005658909 -0.04064563 -0.9991736 0.0003339775 -0.04064564 -0.9991735 0.0003340088 -0.3312235 -0.9435484 0.002721862 -0.331226 -0.9435475 0.002721285 -0.5260493 -0.8504431 0.004321913 -0.5260441 -0.8504463 0.004322825 -0.5260476 0.8504441 0.004322855 -0.5260441 0.8504463 0.004321862 -0.319817 -0.9474447 0.008093293 -0.3198103 -0.947447 0.008094248 -0.5111512 0.8593934 0.01293592 -0.5111533 0.8593922 0.01293705 -0.6170846 -0.549352 0.5633996 -0.1592297 -0.9745002 0.1580983 -0.5111508 -0.8593937 0.01293699 -0.5111539 -0.8593918 0.01293661 -0.674239 -0.738316 0.01706407 -0.6742414 -0.7383139 0.01706379 -0.3198126 0.9474462 0.008094307 -0.3198126 0.9474462 0.00809318 -0.3337029 0.8937485 0.2997597 -0.03983898 0.9992056 0.001008274 -0.8046341 -0.5934218 0.02036378 -0.8046338 -0.5934221 0.02036382 -0.9011677 0.4328702 0.02280742 -0.9011661 0.4328736 0.02280687 -0.8046339 0.5934219 0.02036382 -0.8046338 0.5934222 0.02036377 -0.9011682 -0.4328693 0.02280692 -0.9011658 -0.432874 0.02280737 -0.6742434 0.7383121 0.01706384 -0.6742419 0.7383134 0.01706333 -0.964505 -0.2629341 0.02441041 -0.9645051 -0.2629334 0.02441034 -0.9957892 -0.08814069 0.0252021 -0.119017 -0.9879215 0.09922671 -0.780304 0.6244316 0.03479766 -0.7803037 0.6244319 0.03479754 -0.6436546 0.7647776 0.02870369 -0.6436556 0.7647768 0.02870441 -0.9580538 -0.283386 0.04272381 -0.9580523 -0.2833912 0.04272428 -0.2970201 -0.9547793 0.01324602 -0.2970226 -0.9547786 0.01324578 -0.4805654 0.876697 0.02143125 -0.4805654 0.876697 0.02143 -0.9944401 -0.09551036 0.044347 -0.9944403 -0.0955083 0.04434678 -0.9944401 0.09551027 0.04434678 -0.998344 0.02217487 0.05308001 -0.480564 -0.8766978 0.02143084 -0.4805662 -0.8766965 0.02143065 -0.2970231 0.9547784 0.01324524 -0.2970212 0.954779 0.01324611 -0.9537235 0.2963785 0.05070762 -0.9391251 0.3410132 0.04187972 -0.6436552 -0.7647771 0.02870354 -0.6436539 -0.7647783 0.02870366 -0.7803043 -0.6244312 0.03479757 -0.7803037 -0.624432 0.03479765 -0.8860856 0.4618343 0.03951446 -0.886087 0.4618316 0.03951506 -0.8860847 -0.4618358 0.03951496 -0.8860875 -0.4618306 0.03951452 -0.8580379 -0.5102152 0.05874904 -0.8580331 -0.5102232 0.05874965 -0.7375605 0.6733902 0.05050006 -0.7375621 0.6733884 0.0505014 -0.9455115 -0.3190874 0.06473931 -0.9455138 -0.3190809 0.06473874 -0.2630258 -0.9646208 0.01800938 -0.2630267 -0.9646205 0.01800931 -0.5931535 0.8040644 0.04061364 -0.5931535 0.8040645 0.04061256 -0.4328797 0.9009643 0.0296388 -0.4328777 0.9009652 0.02963986 -0.9917564 -0.1086648 0.06790494 -0.9917556 -0.1086723 0.06790576 -0.4328781 -0.900965 0.02963896 -0.4328803 -0.900964 0.02963883 -0.2630231 0.9646214 0.01800963 -0.2630248 0.9646209 0.01800924 -0.9917563 0.1086655 0.06790581 -0.9917557 0.1086718 0.06790489 -0.9455119 0.3190863 0.06473861 -0.9455132 0.3190824 0.06473943 -0.5931581 -0.8040611 0.04061288 -0.5931498 -0.804067 0.04061339 -0.8580363 0.5102176 0.05874988 -0.8580346 0.5102208 0.05874882 -0.7375568 -0.673394 0.05050104 -0.737565 -0.6733851 0.05050037 -0.8070462 0.5847608 0.08204477 -0.807047 0.5847595 0.08204567 -0.6669732 -0.74199 0.06780423 -0.6669647 -0.7419977 0.06780469 -0.6669685 0.7419943 0.06780507 -0.6669686 0.7419943 0.06780376 -0.8070443 -0.5847632 0.0820454 -0.807048 -0.5847581 0.08204505 -0.5171795 0.8542606 0.05257626 -0.5171781 0.8542615 0.05257716 -0.2183194 -0.975625 0.02219491 -0.218322 -0.9756244 0.0221948 -0.3665632 -0.9296465 0.03726513 -0.3665607 -0.9296475 0.03726522 -0.3665617 0.9296471 0.03726525 -0.3665625 0.9296468 0.03726505 -0.2183217 0.9756244 0.02219477 -0.2183207 0.9756247 0.02219492 -0.9862101 0.1316734 0.1002584 -0.9862106 0.1316693 0.1002593 -0.517174 -0.8542638 0.05257683 -0.5171822 -0.854259 0.05257653 -0.2809038 -0.9587339 0.04384572 -0.2809034 -0.958734 0.04384573 -0.4094189 -0.9101056 0.0639055 -0.4094174 -0.9101062 0.06390552 -0.1639751 0.9861324 0.02559456 -0.1639752 0.9861324 0.02559455 -0.8669114 0.4797451 0.1353125 -0.553352 -0.8284572 0.08637211 -0.5533552 -0.8284552 0.08637206 -0.5533539 0.828456 0.08637188 -0.5533533 0.8284564 0.08637231 -0.409418 0.910106 0.06390562 -0.4094187 0.9101057 0.06390546 -0.1639751 -0.9861324 0.02559454 -0.163975 -0.9861324 0.02559454 -0.2809035 0.958734 0.04384574 -0.2809037 0.9587339 0.04384571 -0.177347 0.9829389 0.04877651 -0.1773468 0.9829389 0.04877652 -0.1773468 -0.982939 0.04877651 -0.177347 -0.9829389 0.04877651 -0.1018228 0.9944082 0.0280048 -0.1018236 0.9944082 0.02800475 -0.2662511 -0.9611181 0.07322817 -0.2662509 -0.9611182 0.07322817 -0.5282907 0.8365392 0.1452964 -0.2662511 0.9611182 0.07322823 -0.2662512 0.961118 0.0732282 -0.1018238 -0.9944082 0.02800476 -0.1018227 -0.9944084 0.02800477 -0.03453866 -0.998975 0.02925773 -0.03453918 -0.998975 0.02925774 -0.0928438 0.9925697 0.07864699 -0.09284428 0.9925697 0.07864695 -0.06072902 0.9968277 0.05144262 -0.06072877 0.9968278 0.05144263 -0.06072877 -0.9968278 0.05144264 -0.0607287 -0.9968278 0.05144263 -0.03453919 0.998975 0.02925775 -0.03453884 0.998975 0.02925776 -0.09284368 -0.9925697 0.07864689 -0.09284369 -0.9925697 0.0786469 -0.1366374 0.9838362 0.1157437 -0.1366371 0.9838362 0.1157438 0.1366448 0.983835 0.1157444 0.1366382 0.9838361 0.1157437 0.09284456 0.9925697 0.07864694 0.09284533 0.9925696 0.07864697 0.0345387 -0.998975 0.02925777 0.03453973 -0.9989749 0.02925772 0.06072969 -0.9968277 0.05144258 0.0607287 -0.9968278 0.05144263 0.06072973 0.9968277 0.05144265 0.06072875 0.9968278 0.05144262 0.03453918 0.998975 0.02925774 0.03453992 0.998975 0.02925775 0.09284375 -0.9925697 0.07864696 0.0928445 -0.9925697 0.07864689 0.2662518 0.961118 0.07322818 0.2662522 0.9611178 0.07322818 0.1018237 -0.9944082 0.02800474 0.1018228 -0.9944084 0.0280048 0.1773477 0.9829388 0.04877652 0.1773478 0.9829388 0.04877651 0.1773468 -0.9829389 0.04877653 0.1773475 -0.9829388 0.04877646 0.2662521 -0.9611178 0.07322816 0.2662518 -0.9611179 0.0732282 0.1018232 0.9944082 0.02800476 0.1018238 0.9944082 0.02800476 0.2809039 -0.9587339 0.04384574 0.2809041 -0.9587338 0.04384571 0.1639751 0.9861324 0.02559456 0.1639751 0.9861324 0.02559455 0.1639752 -0.9861324 0.02559455 0.1639751 -0.9861324 0.02559455 0.2809043 0.9587337 0.04384574 0.2809039 0.9587339 0.04384575 0.3665608 0.9296475 0.03726524 0.3665641 0.9296462 0.03726513 0.3665627 -0.9296467 0.03726507 0.3665619 -0.9296471 0.03726528 0.2183224 0.9756243 0.02219478 0.2183203 0.9756248 0.02219487 0.2183207 -0.9756247 0.02219491 0.2183217 -0.9756244 0.02219477 0.2630261 -0.9646206 0.01800942 0.2630268 -0.9646205 0.01800928 0.2630269 0.9646204 0.01800932 0.2630258 0.9646208 0.01800939 0.2970235 -0.9547783 0.0132451 0.297022 -0.9547788 0.01324578 0.2970208 0.9547791 0.0132457 0.2970262 0.9547774 0.01324518 0.3198127 -0.9474462 0.008094255 0.3198127 -0.9474462 0.00809375 0.1132517 -0.9935659 -0.0009306545 0.1132444 0.9935667 -0.0009305944 0.1089447 0.994044 -0.002757321 0.1089516 -0.9940432 -0.002757501 0.1004943 0.9949275 -0.004481324 0.1005008 -0.9949269 -0.004481612 0.08819135 -0.9960853 -0.006038443 0.08818562 0.9960858 -0.00603805 0.07246763 -0.9973435 -0.007367202 0.07246292 0.9973438 -0.007366722 0.05391143 -0.9985102 -0.008414989 0.05390818 0.9985105 -0.008414424 0.03322655 0.999406 -0.009138355 0.03322875 -0.999406 -0.009138959 0.0112244 0.9998918 -0.009508197 0.01122547 -0.9998918 -0.009508823 -0.01122547 -0.9998918 -0.009508823 -0.0112244 0.9998918 -0.009508197 -0.03322875 -0.999406 -0.009138959 -0.03322655 0.999406 -0.009138354 -0.05390819 0.9985105 -0.008414423 -0.05391145 -0.9985102 -0.00841499 -0.07246316 0.9973438 -0.00736671 -0.07246762 -0.9973435 -0.007367203 -0.0881855 0.9960858 -0.006038065 -0.08819137 -0.9960853 -0.006038441 -0.1004922 0.9949277 -0.004481601 -0.1004986 -0.9949272 -0.00448189 -0.1089525 -0.9940432 -0.00275715 -0.1089455 0.9940438 -0.002756966 -0.1132444 0.9935667 -0.0009305972 -0.1132516 -0.9935659 -0.0009306602 -0.1132445 0.9935667 0.0009305943 -0.1132516 -0.9935659 0.0009306602 -0.1089455 0.9940439 0.002756976 -0.1089524 -0.9940431 0.00275715 -0.1004922 0.9949278 0.004481605 -0.1004987 -0.994927 0.004481876 -0.0881912 -0.9960853 0.006038454 -0.08818571 0.9960858 0.006038053 -0.07246298 0.9973438 0.007366732 -0.07246737 -0.9973435 0.007367221 -0.05390828 0.9985105 0.008414431 -0.05391179 -0.9985102 0.008414977 -0.03322655 0.999406 0.009138367 -0.03322875 -0.999406 0.009138959 -0.01122514 -0.9998918 0.009508829 -0.01122446 0.9998918 0.009508209 0.01122514 -0.9998918 0.009508829 0.01122481 0.9998918 0.009508209 0.03322661 0.999406 0.009138372 0.03322875 -0.999406 0.009138959 0.05390827 0.9985105 0.008414438 0.05391177 -0.9985102 0.008414977 0.07246303 0.9973438 0.007366735 0.07246767 -0.9973435 0.007367206 0.0881912 -0.9960853 0.006038461 0.08818557 0.9960858 0.006038071 0.1005008 -0.9949269 0.004481612 0.1004945 0.9949275 0.004481314 0.1089447 0.9940439 0.00275733 0.1089517 -0.9940432 0.002757493 0.1132445 0.9935667 0.0009305946 0.1132517 -0.9935659 0.0009306577 0.526044 0.8504463 0.004322834 0.5260445 0.8504461 0.004322755 0.5260441 -0.8504464 0.004322751 0.5260444 -0.8504462 0.004322832 -0.9862099 -0.1316742 0.1002594 -0.9862107 -0.1316686 0.1002584 -0.8669126 -0.4797428 0.1353119 -0.1366377 -0.9838361 0.1157443 -0.136634 -0.9838366 0.1157439 -0.5282871 -0.8365415 0.1452965 0.1366378 -0.9838362 0.1157434 0.136632 -0.9838368 0.1157444 -0.4111755 0.1745322 0.8946918 -0.4111518 0.1745259 0.8947038 0.411173 -0.1745316 0.894693 0.4111467 -0.1745245 0.8947064 0.1745334 0.4111752 0.8946916 0.174526 0.4111475 0.8947058 -0.1745345 -0.4111716 0.894693 -0.1745366 -0.4111796 0.894689 0.4141532 0.1673299 0.8946943 0.4141189 0.1673101 0.8947139 -0.4141532 -0.1673303 0.8946943 -0.4141267 -0.1673149 0.8947094 0.16733 -0.4141528 0.8946944 0.16731 -0.4141183 0.8947142 -0.1673298 0.4141529 0.8946944 -0.1673109 0.4141202 0.8947131 -0.315851 0.315849 0.8946941 -0.3158218 0.315827 0.8947122 0.3158397 -0.3158413 0.8947008 0.3158699 -0.3158639 0.8946822 0.3158535 0.3158525 0.894692 0.3158463 0.315843 0.8946978 -0.3158517 -0.3158486 0.894694 -0.315866 -0.3158676 0.8946823 0.4466816 5.718264e-08 0.894693 0.4466574 -3.367542e-06 0.8947051 -0.4466817 -1.726922e-06 0.894693 -0.4466576 1.697077e-06 0.8947051 1.674021e-06 -0.4466812 0.8946931 -2.287568e-06 -0.4466534 0.8947071 -3.373772e-07 0.4466812 0.8946931 3.622866e-06 0.4466533 0.8947071 -0.6340682 0.7726206 -0.03185878 -0.634049 0.7726373 -0.03183435 -0.955828 -0.2899787 -0.04801254 -0.9558399 -0.2899427 -0.04799333 -0.9939461 -0.09787969 -0.04990651 -0.9939411 -0.0979199 -0.04992701 -0.2902433 -0.956842 -0.0145696 -0.2902523 -0.9568394 -0.01455761 -0.4712618 0.8816761 -0.02365632 -0.4712761 0.8816678 -0.02367929 -0.9939455 0.09787504 -0.04992723 -0.9939427 0.09791469 -0.04990634 -0.4712604 -0.8816761 -0.02367947 -0.4712829 -0.8816647 -0.02365741 -0.6340695 -0.7726204 -0.03183538 -0.6340426 -0.7726415 -0.0318588 -0.2902421 0.9568426 -0.01455701 -0.2902466 0.956841 -0.01456975 -0.9558291 0.2899782 -0.04799278 -0.9558386 0.2899437 -0.04801307 -0.7724298 -0.6339136 -0.03880266 -0.7724515 -0.6338884 -0.03878327 -0.881065 0.4709198 -0.04425989 -0.8810498 0.4709504 -0.04423806 -0.772431 0.6339135 -0.03878227 -0.7724483 0.633891 -0.0388036 -0.8810661 -0.4709197 -0.04423889 -0.8810475 -0.4709528 -0.04425902 -0.8661523 -0.4814898 -0.1339686 -0.8661535 -0.481488 -0.1339677 -0.6166376 0.7814489 -0.09537137 -0.6166473 0.7814387 -0.09539186 -0.9434643 -0.2976268 -0.1459225 -0.9434614 -0.2976341 -0.1459261 -0.9832197 -0.1007336 -0.1520912 -0.9832264 -0.1006961 -0.1520724 -0.2797535 -0.9590967 -0.04325921 -0.2797395 -0.9591003 -0.04327084 -0.4560066 0.8871785 -0.07051379 -0.4560106 0.8871754 -0.07052822 -0.9832233 0.1007285 -0.1520719 -0.9832238 0.1006925 -0.1520918 -0.4560048 -0.8871788 -0.07052432 -0.4560179 -0.8871726 -0.07051554 -0.6166299 -0.7814528 -0.09538917 -0.6166596 -0.7814316 -0.09537075 -0.2797475 0.9590979 -0.04327208 -0.2797476 0.9590985 -0.0432583 -0.9434639 0.2976262 -0.1459265 -0.9434625 0.2976327 -0.1459222 -0.7554432 -0.6447116 -0.1168442 -0.7554204 -0.6447356 -0.1168593 -0.8661523 0.4814904 -0.1339675 -0.8661529 0.4814889 -0.1339688 -0.7554392 0.6447129 -0.1168622 -0.7554281 0.6447296 -0.1168418 -0.8338806 0.502983 -0.227269 -0.8338802 0.5029844 -0.2272676 -0.8338815 -0.5029822 -0.2272679 -0.8338799 -0.5029842 -0.2272688 -0.7194796 0.666266 -0.1960577 -0.71949 0.6662446 -0.1960925 -0.5807576 0.7985429 -0.1582718 -0.5807546 0.7985483 -0.1582553 -0.9161403 -0.3135985 -0.2496857 -0.9161394 -0.3136006 -0.2496867 -0.2589392 -0.9633117 -0.07057647 -0.2589313 -0.9633135 -0.07058086 -0.4252121 0.8976429 -0.1158958 -0.4252128 0.8976444 -0.1158817 -0.9593167 -0.106605 -0.2614324 -0.9593077 -0.1066413 -0.2614506 -0.9593118 0.106601 -0.2614518 -0.9593136 0.1066348 -0.2614316 -0.4252194 -0.897641 -0.1158836 -0.4252 -0.8976492 -0.1158925 -0.2589397 0.9633118 -0.07057404 -0.2589388 0.9633118 -0.07057637 -0.9161401 0.3135979 -0.2496869 -0.91614 0.3135995 -0.2496856 -0.5807664 -0.798539 -0.1582585 -0.5807444 -0.7985533 -0.1582682 -0.7194651 -0.6662734 -0.1960858 -0.7195076 -0.6662336 -0.1960654 -0.8678839 0.3389413 -0.3631753 -0.8678836 0.3389629 -0.3631561 -0.5244095 -0.8227019 -0.2194453 -0.5244054 -0.8227042 -0.2194464 -0.7788233 0.535947 -0.3258756 -0.7788264 0.5359227 -0.3259083 -0.6606548 -0.6979404 -0.2764315 -0.6606182 -0.6979703 -0.2764434 -0.7788081 -0.5359541 -0.3259006 -0.7788445 -0.535911 -0.3258845 -0.6606392 0.6979469 -0.2764522 -0.6606381 0.6979591 -0.2764245 -0.8678915 -0.3389389 -0.3631594 -0.8678749 -0.3389685 -0.3631716 -0.2282737 -0.9688988 -0.09553055 -0.2283016 -0.9688933 -0.09552009 -0.5244067 0.8227032 -0.219447 -0.5244071 0.8227037 -0.2194443 -0.378602 0.9118974 -0.1584416 -0.3786051 0.9118974 -0.1584338 -0.9162368 -0.1162004 -0.3834157 -0.9162509 -0.1161585 -0.3833948 -0.3786081 -0.9118959 -0.1584351 -0.3785955 -0.9119005 -0.1584389 -0.2282825 0.9688972 -0.09552618 -0.2282778 0.9688977 -0.09553222 -0.9162471 0.1161934 -0.3833933 -0.9162416 0.1161555 -0.3834178 -0.3162453 -0.9281086 -0.196477 -0.3162354 -0.9281117 -0.1964788 -0.3162396 0.9281097 -0.1964813 -0.3162437 0.9281094 -0.1964761 -0.1885407 0.9750542 -0.1171398 -0.1885396 0.9750543 -0.1171407 -0.842185 0.1300964 -0.5232584 -0.8421972 0.1301394 -0.5232283 -0.44542 -0.8514761 -0.2767481 -0.4454423 -0.8514655 -0.2767447 -0.7875085 0.3747714 -0.4892615 -0.7875044 0.3747493 -0.4892848 -0.6918666 0.5801196 -0.4298627 -0.6918692 0.5801311 -0.4298429 -0.5732173 -0.7379586 -0.3561449 -0.5732095 -0.737964 -0.3561462 -0.5732135 0.7379595 -0.3561487 -0.5732148 0.7379612 -0.3561434 -0.6918797 -0.5801138 -0.4298494 -0.6918557 -0.5801375 -0.429856 -0.787495 -0.3747769 -0.4892789 -0.7875179 -0.3747439 -0.4892673 -0.4454324 0.8514726 -0.2767386 -0.4454263 0.8514714 -0.2767521 -0.8422015 -0.1300999 -0.523231 -0.8421791 -0.1301487 -0.5232548 -0.1885402 -0.9750542 -0.117141 -0.188542 -0.9750538 -0.1171406 -0.3424335 0.8809258 -0.3266631 -0.3424398 0.8809262 -0.3266558 -0.656522 -0.4204401 -0.6262659 -0.6565421 -0.4204172 -0.6262603 -0.7155084 -0.1488017 -0.6825729 -0.7155321 -0.148764 -0.6825564 -0.1409432 -0.9808478 -0.1344345 -0.1409052 -0.9808527 -0.1344391 -0.2390004 0.943881 -0.2279634 -0.2389832 0.9438822 -0.2279771 -0.7155289 0.1487927 -0.6825534 -0.7155129 0.14876 -0.6825773 -0.2389775 -0.9438849 -0.2279716 -0.2390071 -0.9438778 -0.2279699 -0.3424436 -0.8809234 -0.3266594 -0.34243 -0.8809286 -0.3266598 -0.1409115 0.9808509 -0.1344451 -0.1409391 0.9808489 -0.1344305 -0.6565359 0.4204355 -0.6262544 -0.6565285 0.4204209 -0.626272 -0.4512256 -0.7817479 -0.430425 -0.4512232 -0.7817492 -0.430425 -0.5604821 0.632467 -0.5346448 -0.5604863 0.6324718 -0.5346349 -0.4512246 0.7817478 -0.4304263 -0.4512254 0.7817481 -0.4304247 -0.560491 -0.6324639 -0.5346393 -0.5604777 -0.6324746 -0.5346406 -0.2918536 0.8210891 -0.4905447 -0.2918473 0.8210877 -0.4905509 -0.2168045 0.9056568 -0.3643922 -0.2168001 0.9056565 -0.3643954 -0.4514399 -0.4694697 -0.7588151 -0.451431 -0.4694778 -0.7588153 -0.08716983 -0.9853561 -0.1465427 -0.08719695 -0.9853538 -0.1465424 -0.1491167 0.9565158 -0.2506827 -0.1491422 0.9565153 -0.2506694 -0.5038403 -0.170113 -0.8468805 -0.5038338 -0.1701207 -0.8468828 -0.5038351 0.1701057 -0.8468849 -0.5038404 0.1701124 -0.8468806 -0.1491455 -0.9565133 -0.250675 -0.1491109 -0.9565192 -0.2506729 -0.0871935 0.9853549 -0.1465367 -0.08717089 0.9853557 -0.1465446 -0.4514332 0.4694698 -0.7588189 -0.4514385 0.4694753 -0.7588125 -0.2167994 -0.9056572 -0.3643943 -0.2168062 -0.9056552 -0.3643951 -0.2918448 -0.821091 -0.4905468 -0.2918558 -0.8210863 -0.4905483 -0.3731072 0.6837331 -0.6271364 -0.3730991 0.6837285 -0.6271463 -0.3730961 -0.6837345 -0.6271414 -0.3731109 -0.6837251 -0.6271429 -0.1321577 0.7172395 -0.6841796 -0.1321529 0.7172373 -0.6841829 -0.101415 -0.8450227 -0.5250252 -0.1013998 -0.8450276 -0.5250202 -0.1321525 -0.7172393 -0.684181 -0.1321583 -0.7172362 -0.684183 -0.1014013 0.8450229 -0.5250278 -0.1014141 0.8450261 -0.5250202 -0.1637698 -0.5043799 -0.8478091 -0.1637573 -0.5043894 -0.8478059 -0.02951438 -0.9878194 -0.1527803 -0.02950713 -0.9878197 -0.1527797 -0.07434842 0.9199425 -0.3849392 -0.07434552 0.9199421 -0.3849406 -0.0507317 0.9635671 -0.2626112 -0.05072225 0.9635668 -0.2626143 -0.1863269 -0.186341 -0.964655 -0.1863407 -0.1863274 -0.964655 -0.0507216 -0.9635676 -0.2626116 -0.05073211 -0.9635664 -0.2626135 -0.02950724 0.9878195 -0.1527804 -0.02951408 0.9878196 -0.1527789 -0.1863406 0.1863323 -0.964654 -0.1863277 0.1863194 -0.9646591 -0.1637585 0.5043794 -0.8478116 -0.163769 0.5043874 -0.8478048 -0.07434546 -0.9199423 -0.3849403 -0.07434877 -0.9199416 -0.3849412 0.07434566 -0.9199418 -0.3849413 0.07434852 -0.9199422 -0.3849399 0.1637574 0.5043883 -0.8478065 0.1637699 0.5043789 -0.8478098 0.1321565 0.7172369 -0.6841825 0.1321526 0.717239 -0.6841813 0.1014126 -0.8450266 -0.5250196 0.101401 -0.8450237 -0.5250264 0.1014 0.8450273 -0.525021 0.1014138 0.8450227 -0.5250255 0.132153 -0.7172368 -0.6841835 0.1321562 -0.7172382 -0.6841812 0.1637689 -0.5043885 -0.8478042 0.1637583 -0.5043805 -0.8478111 0.07434866 0.9199419 -0.3849404 0.07434533 0.9199426 -0.3849396 0.1863273 -0.1863278 -0.9646575 0.1863403 -0.1863408 -0.9646525 0.02951 -0.9878196 -0.1527796 0.02950724 -0.9878196 -0.1527802 0.05072207 -0.963567 -0.2626137 0.05072476 -0.9635671 -0.2626128 0.05072499 0.9635667 -0.2626143 0.05072213 0.963567 -0.2626138 0.02950713 0.9878198 -0.152779 0.02950997 0.9878197 -0.1527792 0.186341 0.1863189 -0.9646566 0.1863272 0.1863326 -0.9646566 0.1491345 0.956515 -0.250675 0.149146 0.956513 -0.2506757 0.5038345 0.170113 -0.8468839 0.503841 0.1701053 -0.8468816 0.1491444 -0.956514 -0.2506729 0.1491359 -0.9565142 -0.2506773 0.2167973 -0.9056567 -0.3643966 0.2168042 -0.9056571 -0.3643916 0.08717105 0.9853562 -0.146542 0.08718234 0.9853551 -0.1465419 0.4514313 0.4694767 -0.7588158 0.4514402 0.4694687 -0.7588154 0.2918495 -0.8210888 -0.4905478 0.2918503 -0.821089 -0.4905471 0.3731162 0.6837221 -0.627143 0.3730959 0.6837352 -0.6271409 0.291851 0.821088 -0.4905481 0.2918495 0.8210887 -0.490548 0.3731005 -0.6837254 -0.6271487 0.3731116 -0.6837317 -0.6271352 0.2168058 0.9056556 -0.3643944 0.2167953 0.9056585 -0.3643932 0.4514381 -0.4694763 -0.758812 0.4514329 -0.4694709 -0.7588185 0.5038397 -0.1701202 -0.8468794 0.5038345 -0.1701134 -0.8468838 0.08718213 -0.9853552 -0.1465415 0.08717269 -0.9853556 -0.1465448 0.6565237 -0.4204234 -0.6262754 0.656531 -0.4204377 -0.6262581 0.1409434 -0.9808478 -0.1344347 0.1409447 -0.9808477 -0.134434 0.2390078 0.9438775 -0.2279705 0.238973 0.9438858 -0.2279725 0.7155122 -0.1487668 -0.6825765 0.7155246 -0.1487923 -0.6825579 0.7155284 0.1487578 -0.6825615 0.71551 0.1487872 -0.6825744 0.2389784 -0.9438832 -0.2279776 0.2389985 -0.9438819 -0.2279616 0.1409445 0.9808478 -0.1344337 0.1409426 0.980848 -0.1344339 0.6565377 0.4204178 -0.6262645 0.656518 0.4204402 -0.6262699 0.3424431 -0.880926 -0.3266531 0.3424308 -0.8809254 -0.3266678 0.4512225 -0.7817478 -0.4304284 0.4512268 -0.7817494 -0.4304209 0.5604722 0.6324772 -0.5346434 0.5604863 0.6324658 -0.534642 0.5604821 -0.632473 -0.534638 0.5604776 -0.632468 -0.5346485 0.4512313 0.7817444 -0.4304253 0.4512196 0.781751 -0.4304256 0.342422 0.8809318 -0.3266594 0.342449 0.8809215 -0.3266587 0.5732011 0.7379696 -0.3561482 0.5732558 0.7379317 -0.3561384 0.7875041 -0.3747502 -0.4892846 0.7875035 -0.3747466 -0.4892884 0.188536 -0.9750547 -0.1171428 0.1885402 -0.9750544 -0.1171395 0.4454507 0.8514617 -0.2767428 0.4454121 0.85148 -0.2767488 0.3162271 0.9281141 -0.1964808 0.3162524 0.9281064 -0.1964764 0.8421975 -0.1301362 -0.5232284 0.8421854 -0.1300932 -0.5232586 0.3162456 -0.9281096 -0.1964722 0.3162349 -0.9281103 -0.1964857 0.1885411 0.975054 -0.1171401 0.1885343 0.9750552 -0.1171417 0.8421808 0.1301336 -0.5232558 0.8422031 0.1300848 -0.523232 0.7875023 0.3747503 -0.4892876 0.787506 0.3747449 -0.4892857 0.4454252 -0.8514705 -0.2767569 0.4454357 -0.8514727 -0.2767335 0.6918791 0.580126 -0.4298338 0.6918325 0.5801721 -0.4298465 0.5732342 -0.7379549 -0.356125 0.5732253 -0.7379434 -0.3561632 0.6918525 -0.5801392 -0.4298589 0.6918576 -0.5801615 -0.4298204 0.7787886 0.5359856 -0.325895 0.7788269 0.5359404 -0.325878 0.6606388 -0.6979468 -0.2764535 0.6606372 -0.6979626 -0.2764175 0.6606643 0.6979324 -0.2764289 0.6606167 0.6979713 -0.2764443 0.7788076 -0.5359734 -0.3258699 0.7788109 -0.5359478 -0.3259043 0.8678977 -0.3389269 -0.3631557 0.8678976 -0.3389364 -0.3631471 0.524395 0.8227102 -0.2194489 0.5244468 0.8226811 -0.219434 0.9162397 -0.1161516 -0.3834236 0.9162478 -0.1162084 -0.3833869 0.2282813 -0.9688971 -0.0955294 0.2282869 -0.9688966 -0.09552234 0.3786025 -0.9118978 -0.1584377 0.3786035 -0.9118978 -0.1584351 0.3786064 0.9118964 -0.1584363 0.3786022 0.911898 -0.1584375 0.2282754 0.9688984 -0.09553171 0.2282814 0.9688972 -0.09552945 0.9162549 0.1161426 -0.3833898 0.9162338 0.1162055 -0.3834212 0.5244266 -0.8226963 -0.2194256 0.5244224 -0.8226897 -0.2194603 0.8679019 0.3389239 -0.3631488 0.8678944 0.338937 -0.3631542 0.5807455 -0.7985461 -0.1582997 0.5807397 -0.7985568 -0.158267 0.2589513 0.9633089 -0.07056876 0.258938 0.963312 -0.07057616 0.9161396 0.3135998 -0.2496867 0.9161406 0.3135977 -0.2496858 0.7194681 -0.6662717 -0.1960811 0.7194782 -0.6662506 -0.1961154 0.8338867 0.5029751 -0.2272643 0.8338811 0.5029827 -0.2272678 0.7194507 0.6662826 -0.1961079 0.7194925 0.6662433 -0.1960878 0.8338848 -0.5029761 -0.2272689 0.8338832 -0.5029812 -0.2272634 0.5807667 0.7985356 -0.1582743 0.5807228 0.7985638 -0.1582935 0.9161397 -0.3136003 -0.2496856 0.91614 -0.3135987 -0.2496868 0.9593136 -0.1066497 -0.2614255 0.9593113 -0.1066059 -0.2614516 0.2589397 -0.9633116 -0.07057662 0.2589404 -0.9633115 -0.07057496 0.4251972 0.8976505 -0.1158918 0.4252167 0.8976424 -0.1158828 0.9593071 0.1066469 -0.2614504 0.9593188 0.1065998 -0.2614269 0.425208 -0.8976468 -0.1158805 0.4252073 -0.8976454 -0.1158945 0.4560147 0.8871742 -0.07051504 0.4560014 0.8871804 -0.07052383 0.9832234 -0.1006972 -0.1520918 0.9832227 -0.1007331 -0.1520718 0.983227 0.1006914 -0.1520725 0.9832202 0.1007289 -0.1520913 0.4560071 -0.8871775 -0.07052468 0.4560039 -0.88718 -0.07051338 0.2797383 0.9591007 -0.04327066 0.2797523 0.9590971 -0.04325902 0.9434617 0.2976333 -0.1459262 0.9434646 0.297626 -0.1459225 0.6166378 -0.781449 -0.09536999 0.6166363 -0.7814503 -0.09536712 0.7554537 -0.644699 -0.1168458 0.75545 -0.6447047 -0.1168389 0.8661532 0.4814886 -0.1339676 0.866152 0.4814904 -0.1339686 0.8661532 -0.4814883 -0.1339688 0.8661526 -0.4814898 -0.1339675 0.7554566 0.6446965 -0.1168399 0.7554489 0.6447047 -0.116845 0.6166382 0.7814488 -0.09536744 0.6166349 0.7814513 -0.09536955 0.9434623 -0.2976334 -0.1459222 0.9434636 -0.297627 -0.1459265 0.2797489 -0.9590982 -0.04325847 0.2797487 -0.9590976 -0.04327222 0.2902478 -0.9568406 -0.01456983 0.2902433 -0.9568421 -0.01455717 0.6340433 0.7726412 -0.03185243 0.6340687 0.7726212 -0.03183033 0.4712794 0.8816666 -0.02365724 0.4712616 0.8816757 -0.02367477 0.9939422 -0.09791923 -0.04990631 0.9939451 -0.0978796 -0.04992721 0.4712726 -0.8816698 -0.02367531 0.4712607 -0.8816766 -0.0236563 0.290251 0.9568399 -0.01455754 0.290242 0.9568424 -0.01456957 0.9939415 0.09791536 -0.04992703 0.9939466 0.09787515 -0.04990653 0.9558401 0.2899419 -0.04799333 0.9558282 0.2899779 -0.04801254 0.63405 -0.7726367 -0.03182938 0.6340691 -0.77262 -0.03185374 0.8810464 0.4709542 -0.04426492 0.8810704 0.4709117 -0.0442391 0.7724521 -0.6338861 -0.038809 0.7724252 -0.6339208 -0.03877583 0.8810501 -0.4709498 -0.04423808 0.8810697 -0.4709106 -0.04426609 0.7724585 0.6338803 -0.0387775 0.7724249 0.6339194 -0.03880764 0.9558384 -0.2899445 -0.04801306 0.9558288 -0.289979 -0.04799277 0.7724258 0.6339202 0.03877585 0.7724528 0.6338853 0.03880917 0.8810707 -0.4709112 0.04423925 0.8810467 -0.4709536 0.04426509 0.955828 -0.2899787 0.04801267 0.9558399 -0.2899427 0.04799347 0.6340683 0.7726207 0.03185382 0.6340491 0.7726375 0.03182932 0.9939461 -0.09787969 0.04990664 0.9939411 -0.09791992 0.04992716 0.2902433 -0.9568419 0.01456971 0.2902522 -0.9568395 0.01455782 0.4712605 -0.8816763 0.02367482 0.4712783 -0.8816673 0.02365735 0.4712618 0.8816761 0.02365649 0.4712737 0.8816692 0.02367547 0.2902421 0.9568425 0.01455722 0.2902465 0.956841 0.01456986 0.9939455 0.09787504 0.04992738 0.9939427 0.0979147 0.04990648 0.6340696 -0.7726206 0.03183034 0.6340441 -0.7726406 0.03185261 0.9558292 0.2899782 0.04799293 0.9558386 0.2899438 0.04801321 0.8810694 0.4709111 0.04426622 0.8810497 0.4709505 0.04423819 0.7724243 -0.63392 0.03880773 0.7724581 -0.6338807 0.03877748 0.7554488 -0.6447048 0.116845 0.7554566 -0.6446967 0.1168399 0.8661523 0.4814904 0.1339675 0.8661529 0.4814889 0.1339688 0.7554509 0.6447036 0.116839 0.7554547 0.6446978 0.1168459 0.8661523 -0.4814898 0.1339686 0.8661535 -0.481488 0.1339677 0.6166352 0.7814513 0.09536697 0.6166365 0.7814499 0.0953698 0.9434643 -0.2976268 0.1459225 0.9434614 -0.2976341 0.1459261 0.9832197 -0.1007336 0.1520912 0.9832264 -0.1006961 0.1520724 0.2797535 -0.9590967 0.04325921 0.2797395 -0.9591003 0.04327084 0.456005 0.8871794 0.07051354 0.4560081 0.8871769 0.07052486 0.9832233 0.1007285 0.1520719 0.9832238 0.1006925 0.1520918 0.4560004 -0.887181 0.07052365 0.4560136 -0.887175 0.07051489 0.6166353 -0.781451 0.09536961 0.6166387 -0.7814485 0.09536748 0.2797475 0.9590979 0.04327208 0.2797476 0.9590985 0.0432583 0.9434639 0.2976262 0.1459265 0.9434625 0.2976327 0.1459222 0.2589392 0.9633117 0.07057469 0.2589386 0.9633119 0.07057633 0.9161401 0.3135979 0.2496869 0.9161412 0.3135906 0.2496924 0.5807226 -0.7985638 0.1582941 0.5807676 -0.798535 0.1582745 0.719493 -0.666243 0.1960872 0.7194489 -0.6662843 0.1961083 0.8338832 0.5029817 0.2272625 0.8338851 0.5029756 0.2272689 0.8338815 -0.5029822 0.2272679 0.833888 -0.5029731 0.2272638 0.7194791 0.6662494 0.1961166 0.7194684 0.6662715 0.1960805 0.5807382 0.7985579 0.1582665 0.5807442 0.798547 0.1583 0.9161384 -0.3135993 0.2496917 0.9161426 -0.3135903 0.2496876 0.2589392 -0.9633117 0.07057647 0.2589414 -0.9633112 0.07057524 0.4252083 0.8976448 0.1158948 0.4252091 0.8976464 0.1158807 0.9593185 -0.1066047 0.261426 0.9593034 -0.1066651 0.2614562 0.9593101 0.1066013 0.261458 0.959313 0.1066575 0.2614245 0.4252157 -0.897643 0.1158825 0.4251962 -0.8976511 0.1158915 0.9162313 -0.1162296 0.3834201 0.916259 -0.1161468 0.3833788 0.3786013 -0.9118984 0.1584371 0.3786075 -0.9118962 0.1584352 0.2282873 0.9688966 0.09552074 0.2282813 0.9688973 0.09552847 0.916251 0.116221 0.3833755 0.9162402 0.1161462 0.3834239 0.8679028 0.3389208 0.3631493 0.8679028 0.3389248 0.3631457 0.5244483 -0.8226803 0.2194335 0.5243949 -0.8227103 0.2194488 0.7788114 0.5359469 0.3259045 0.7788081 0.5359726 0.3258701 0.6606153 -0.697973 0.2764437 0.6606648 -0.6979324 0.2764276 0.7788281 -0.5359384 0.3258786 0.7787899 -0.5359837 0.3258955 0.6606377 0.6979626 0.2764163 0.6606393 0.6979463 0.2764538 0.8679041 -0.3389211 0.3631462 0.8679008 -0.3389266 0.3631485 0.2282799 -0.9688976 0.09552792 0.2282928 -0.9688952 0.0955231 0.5244216 0.8226902 0.21946 0.524426 0.822697 0.2194242 0.3786056 0.9118971 0.1584345 0.3786041 0.9118971 0.1584383 0.4454358 0.8514733 0.2767313 0.4454244 0.8514711 0.2767565 0.8422025 -0.1300908 0.5232316 0.8421801 -0.1301396 0.5232554 0.188534 -0.9750552 0.1171429 0.1885393 -0.9750543 0.1171416 0.3162535 -0.9281062 0.1964756 0.3162235 -0.9281153 0.1964809 0.3162345 0.9281101 0.1964878 0.3162472 0.9281092 0.1964717 0.1885371 0.9750549 0.1171402 0.1885338 0.9750551 0.1171428 0.842186 0.1300873 0.523259 0.8421981 0.1301302 0.5232289 0.4454119 -0.8514801 0.2767486 0.4454533 -0.8514606 0.2767422 0.787503 0.3747481 0.4892881 0.7875037 0.3747517 0.4892843 0.691857 0.5801609 0.4298224 0.6918521 0.5801398 0.4298587 0.573254 -0.7379327 0.3561392 0.5732017 -0.7379689 0.3561485 0.5732259 0.7379429 0.3561636 0.5732344 0.7379539 0.356127 0.6918339 -0.5801697 0.4298474 0.691878 -0.5801262 0.4298353 0.7875048 -0.3747483 0.4892851 0.7875012 -0.3747537 0.4892869 0.451226 0.7817484 0.4304237 0.4512231 0.7817472 0.4304289 0.5604866 -0.6324652 0.5346423 0.5604726 -0.6324766 0.5346438 0.3424276 0.8809263 0.3266683 0.3424403 0.880927 0.3266533 0.6565146 -0.4204447 0.6262705 0.6565373 -0.4204188 0.6262642 0.7155071 -0.1487942 0.6825758 0.7155256 -0.1487649 0.6825629 0.1409432 -0.9808478 0.1344345 0.140945 -0.9808476 0.1344343 0.2389986 0.943882 0.2279617 0.238977 0.9438833 0.2279787 0.7155233 0.1487857 0.6825608 0.7155108 0.1487603 0.6825793 0.23897 -0.9438867 0.227972 0.2390071 -0.9438778 0.2279699 0.3424475 -0.8809215 0.3266602 0.3424198 -0.8809322 0.3266608 0.1409441 0.9808478 0.1344333 0.1409428 0.9808479 0.1344341 0.6565304 0.4204397 0.6262575 0.6565219 0.4204231 0.6262774 0.4512202 -0.7817504 0.4304262 0.4512283 -0.7817458 0.4304259 0.5604773 0.6324686 0.5346482 0.5604817 0.6324735 0.5346376 0.291852 -0.8210886 0.4905464 0.2918541 -0.8210878 0.4905468 0.3731148 0.6837317 0.6271334 0.3731012 0.6837239 0.6271499 0.3730961 -0.6837345 0.6271414 0.373121 -0.6837186 0.6271439 0.291854 0.8210879 0.4905466 0.2918528 0.8210877 0.4905477 0.2167778 0.9056608 0.3643979 0.216794 0.9056616 0.3643862 0.4514434 -0.4694692 0.7588133 0.4514301 -0.4694812 0.7588137 0.08718279 -0.985355 0.1465425 0.08717153 -0.985356 0.1465427 0.1491362 0.9565139 0.250678 0.1491289 0.9565141 0.2506818 0.5038403 -0.170113 0.8468805 0.5038379 -0.1701158 0.8468813 0.5038388 0.1701054 0.8468828 0.5038407 0.1701079 0.8468812 0.1491274 -0.956515 0.2506793 0.1491373 -0.9565133 0.2506799 0.08717229 0.9853557 0.1465441 0.08718171 0.9853553 0.1465408 0.4514332 0.4694698 0.7588189 0.451441 0.469478 0.7588093 0.2167982 -0.9056578 0.3643932 0.2167735 -0.9056648 0.3643905 0.02950708 0.9878197 0.1527795 0.02950983 0.9878197 0.152779 0.1863355 0.1863273 0.964656 0.1863326 0.1863244 0.9646572 0.1637581 0.504383 0.8478096 0.1637644 0.5043878 0.8478056 0.07434341 -0.9199468 0.3849297 0.07438292 -0.9199392 0.3849402 0.1321565 0.7172367 0.6841828 0.1321533 0.7172353 0.684185 0.1014136 -0.8450232 0.5250248 0.1013998 -0.8450276 0.5250202 0.132153 -0.7172363 0.6841839 0.1321569 -0.7172343 0.6841852 0.1014012 0.8450233 0.5250271 0.1014128 0.8450261 0.5250203 0.1637648 -0.5043838 0.8478079 0.1637573 -0.5043894 0.8478059 0.02951005 -0.9878196 0.1527799 0.02950713 -0.9878197 0.1527797 0.07437997 0.919946 0.3849247 0.07434552 0.9199421 0.3849406 0.05072603 0.9635652 0.2626197 0.05074538 0.9635658 0.2626133 0.1863322 -0.1863358 0.964655 0.1863353 -0.1863327 0.964655 0.05074608 -0.9635649 0.2626168 0.05072468 -0.9635671 0.2626128 -0.02951425 -0.9878195 0.1527796 -0.0295074 -0.9878194 0.1527811 -0.05074532 -0.963566 0.2626126 -0.05073281 -0.9635655 0.2626167 -0.05073223 0.9635665 0.2626134 -0.05074596 0.9635651 0.262616 -0.02950713 0.9878198 0.152779 -0.0295143 0.9878194 0.1527796 -0.1863356 0.1863243 0.9646566 -0.1863325 0.1863274 0.9646566 -0.07434566 -0.9199418 0.3849413 -0.07438007 -0.9199457 0.3849254 -0.1637574 0.5043883 0.8478065 -0.1637649 0.5043827 0.8478084 -0.1321586 0.7172347 0.6841846 -0.1321528 0.7172377 0.6841825 -0.101414 -0.8450265 0.5250195 -0.1014012 -0.8450233 0.5250271 -0.1014 0.8450273 0.525021 -0.1014152 0.8450223 0.5250259 -0.1321534 -0.7172347 0.6841855 -0.1321582 -0.7172369 0.6841822 -0.1637643 -0.5043889 0.8478049 -0.1637579 -0.5043841 0.847809 -0.07438282 0.9199396 0.3849395 -0.07434329 0.9199472 0.384929 -0.1863323 -0.1863328 0.9646556 -0.1863352 -0.1863357 0.9646544 -0.216773 0.9056653 0.3643898 -0.2168015 0.9056571 0.364393 -0.4514407 -0.469479 0.7588088 -0.4514329 -0.4694709 0.7588185 -0.5038401 -0.1701157 0.8468801 -0.5038382 -0.1701132 0.8468817 -0.0871713 -0.9853556 0.1465453 -0.08719391 -0.9853547 0.1465374 -0.1491146 0.9565169 0.2506792 -0.1491278 0.9565147 0.25068 -0.5038386 0.1701081 0.8468825 -0.503841 0.1701053 0.8468816 -0.149126 -0.9565158 0.2506769 -0.1491163 -0.956516 0.250682 -0.2167976 -0.9056608 0.3643863 -0.216779 -0.9056598 0.3643999 -0.08719646 0.9853539 0.1465417 -0.08716939 0.9853563 0.1465421 -0.4514304 0.4694802 0.7588142 -0.4514436 0.4694681 0.7588137 -0.2918499 -0.8210875 0.4905496 -0.2918566 -0.8210891 0.490543 -0.3731153 0.6837227 0.6271429 -0.3730959 0.6837352 0.6271409 -0.2918595 0.821085 0.490548 -0.291848 0.8210901 0.4905464 -0.3731003 -0.6837258 0.6271484 -0.3731109 -0.6837319 0.6271354 -0.5604867 -0.6324712 0.5346352 -0.5604824 -0.6324665 0.5346452 -0.4512211 0.7817496 0.4304266 -0.4512272 0.7817461 0.4304264 -0.3424268 0.8809296 0.3266601 -0.3424412 0.8809242 0.3266598 -0.6565452 -0.4204161 0.6262577 -0.6565435 -0.4204128 0.6262616 -0.1409397 -0.9808488 0.1344312 -0.1409121 -0.9808508 0.1344457 -0.2390078 0.9438775 0.2279705 -0.2389757 0.9438852 0.2279723 -0.7155286 -0.1487645 0.6825599 -0.7155449 -0.1487977 0.6825355 -0.7155495 0.1487547 0.68254 -0.7155254 0.1487931 0.6825569 -0.2389806 -0.9438828 0.227977 -0.2389992 -0.9438816 0.2279622 -0.1409046 0.9808528 0.1344385 -0.1409426 0.980848 0.1344339 -0.6565424 0.4204162 0.6262606 -0.6565469 0.420411 0.6262593 -0.3424383 -0.8809263 0.326657 -0.3424317 -0.880926 0.3266648 -0.4512249 -0.7817487 0.4304243 -0.4512227 -0.7817478 0.4304282 -0.5604774 0.6324753 0.5346403 -0.5604907 0.6324645 0.534639 -0.6918539 0.5801389 0.4298571 -0.6918804 0.5801126 0.4298499 -0.5732139 -0.7379612 0.3561446 -0.573213 -0.7379601 0.3561484 -0.6918696 -0.5801305 0.4298431 -0.6918666 -0.5801178 0.429865 -0.5732111 0.7379621 0.3561473 -0.5732165 0.7379584 0.3561463 -0.7875003 -0.3747357 0.489302 -0.7875074 -0.3747747 0.4892608 -0.188539 -0.9750543 0.1171417 -0.1885392 -0.9750543 0.1171416 -0.4454435 0.8514653 0.2767432 -0.4454183 0.8514773 0.2767471 -0.3162334 0.9281121 0.1964797 -0.316248 0.9281077 0.1964772 -0.8421869 -0.1301472 0.5232427 -0.8421747 -0.1301038 0.5232732 -0.3162438 -0.9281098 0.1964745 -0.3162376 -0.9281102 0.1964824 -0.1885384 0.9750545 0.1171411 -0.1885382 0.9750546 0.1171411 -0.8421702 0.1301446 0.5232703 -0.8421928 0.1300953 0.5232462 -0.7875249 0.3747238 0.4892716 -0.7874844 0.3747819 0.4892921 -0.4454271 -0.8514709 0.2767526 -0.4454339 -0.8514723 0.2767373 -0.9162561 0.116152 0.3833843 -0.9162353 0.1162138 0.3834152 -0.5244079 -0.8227034 0.2194435 -0.5244075 -0.8227026 0.2194473 -0.8678746 0.3389694 0.3631715 -0.8679016 0.3389213 0.3631516 -0.778845 0.5359101 0.3258847 -0.7788086 0.5359532 0.3259008 -0.6606375 -0.6979597 0.2764242 -0.6606386 -0.6979482 0.2764505 -0.6606199 0.6979691 0.2764426 -0.6606545 0.6979407 0.2764314 -0.7788276 -0.5359207 0.3259088 -0.7788245 -0.5359451 0.3258761 -0.8678879 -0.3389625 0.3631459 -0.8678885 -0.3389274 0.3631773 -0.5244038 0.8227054 0.2194458 -0.5244095 0.8227021 0.2194441 -0.916241 -0.1161609 0.3834176 -0.9162491 -0.1162168 0.3833814 -0.2282797 -0.9688973 0.09553214 -0.2282933 -0.9688958 0.09551482 -0.3786048 -0.9118975 0.1584337 -0.3786022 -0.9118974 0.1584402 -0.3785986 0.9118993 0.1584387 -0.3786091 0.9118955 0.1584354 -0.2283025 0.9688933 0.09551871 -0.2282735 0.968899 0.09552958 -0.4252081 0.8976461 0.1158861 -0.4252158 0.8976429 0.1158826 -0.959305 0.1066497 0.2614566 -0.9593174 0.1066 0.2614318 -0.4252118 -0.8976449 0.1158815 -0.4252115 -0.8976443 0.115887 -0.5807548 -0.7985479 0.1582561 -0.5807577 -0.7985428 0.1582718 -0.2589301 0.9633139 0.07058059 -0.2589444 0.9633106 0.07057262 -0.9161454 0.3135878 0.2496806 -0.9161349 0.3136101 0.2496907 -0.7194892 -0.6662458 0.1960916 -0.7194793 -0.6662661 0.1960586 -0.8338806 0.5029835 0.2272682 -0.8338889 0.5029719 0.2272629 -0.719507 0.666234 0.1960661 -0.7194667 0.6662719 0.1960855 -0.8338842 -0.5029806 0.2272617 -0.8338866 -0.5029728 0.2272698 -0.5807434 0.7985538 0.158268 -0.5807647 0.7985404 0.1582587 -0.9161409 -0.3135914 0.2496924 -0.9161385 -0.3136093 0.2496787 -0.959312 -0.1066525 0.2614303 -0.9593096 -0.1066062 0.2614579 -0.2589421 -0.9633113 0.070572 -0.258938 -0.9633116 0.0705827 -0.6166583 0.7814325 0.09537055 -0.6166286 0.7814538 0.09538899 -0.9434602 -0.2976403 0.1459219 -0.9434629 -0.2976273 0.1459305 -0.2797488 -0.959098 0.04326143 -0.2797487 -0.9590976 0.04327222 -0.456013 0.8871747 0.07051964 -0.4560058 0.8871782 0.0705245 -0.9832234 -0.1006972 0.1520918 -0.9832227 -0.1007331 0.1520718 -0.983227 0.1006914 0.1520725 -0.9832202 0.1007289 0.1520913 -0.4560084 -0.8871768 0.07052488 -0.4560067 -0.8871782 0.07051865 -0.2797403 0.9591001 0.04327096 -0.2797513 0.9590973 0.04326183 -0.9434588 0.2976409 0.1459299 -0.9434646 0.297626 0.1459225 -0.6166477 -0.7814384 0.0953919 -0.616636 -0.7814506 0.09536707 -0.755428 -0.6447299 0.1168418 -0.755439 -0.6447132 0.1168622 -0.8661563 0.4814829 0.1339681 -0.8661512 0.4814908 0.1339723 -0.8661553 -0.4814835 0.1339729 -0.8661526 -0.4814898 0.1339675 -0.7554213 0.6447344 0.1168594 -0.7554441 0.6447105 0.1168443 -0.09804381 0.9951699 -0.004917372 -0.09804381 -0.9951699 -0.004917382 -0.09429871 -0.9954371 -0.01458638 -0.09429871 0.9954371 -0.01458638 -0.08694945 0.9959309 -0.02369807 -0.08694742 -0.995931 -0.02370059 -0.07626157 0.996577 -0.03191213 -0.07626665 -0.9965768 -0.03190953 -0.06263054 0.997278 -0.03891219 -0.06263056 -0.9972779 -0.03891219 -0.04656234 0.997927 -0.0444256 -0.04656233 -0.997927 -0.04442559 -0.0286957 -0.9984241 -0.04822578 -0.0286957 0.9984242 -0.04822578 -0.009689081 -0.9986938 -0.05016734 -0.009689099 0.9986938 -0.05016734 0.009689099 0.9986938 -0.05016734 0.009689081 -0.9986938 -0.05016734 0.02868775 0.9984244 -0.04822659 0.02868776 -0.9984244 -0.04822659 0.04657326 0.9979267 -0.04442186 0.04657326 -0.9979267 -0.04442186 0.06263056 -0.9972779 -0.03891219 0.06263054 0.997278 -0.03891219 0.07626361 -0.9965769 -0.03191108 0.07625854 0.9965772 -0.03191369 0.08695132 0.9959307 -0.02369575 0.08694929 -0.9959309 -0.02369828 0.09429871 0.9954371 -0.01458638 0.09429871 -0.9954371 -0.01458638 0.09804381 -0.9951699 -0.004917382 0.09804381 0.9951699 -0.004917372 0.09804382 -0.9951699 0.004917453 0.09804382 0.9951699 0.004917443 0.09429877 -0.995437 0.01458639 0.09429878 0.9954371 0.01458639 0.0869494 0.9959309 0.02369831 0.0869494 -0.9959309 0.02369831 0.07626425 0.9965769 0.03191076 0.07626424 -0.9965769 0.03191075 0.06262977 0.9972779 0.03891259 0.06262979 -0.9972779 0.0389126 0.04657337 -0.9979267 0.04442197 0.04657338 0.9979267 0.04442197 0.02868783 0.9984244 0.04822672 0.02868784 -0.9984244 0.04822672 0.009689126 0.9986938 0.05016748 0.009689108 -0.9986938 0.05016748 -0.009689126 0.9986938 0.05016748 -0.009689108 -0.9986938 0.05016748 -0.02869578 0.9984242 0.04822591 -0.02869578 -0.9984241 0.04822591 -0.04656245 -0.997927 0.0444257 -0.04656246 0.997927 0.04442571 -0.06262977 0.9972779 0.03891259 -0.06262979 -0.9972779 0.0389126 -0.07626729 0.9965767 0.0319092 -0.07626728 -0.9965767 0.03190921 -0.08694753 0.995931 0.02370063 -0.08694753 -0.995931 0.02370062 -0.09429878 0.9954371 0.01458639 -0.09429877 -0.995437 0.01458639 -0.8810501 -0.4709499 0.04423821 -0.8810653 -0.4709192 0.04426007 -0.7724522 0.6338876 0.03878331 -0.7724304 0.6339129 0.03880281 -0.9558383 -0.2899445 0.04801319 -0.9558289 -0.289979 0.04799292 -0.09804382 -0.9951699 0.004917453 -0.2902478 -0.9568406 0.01456993 -0.2902433 -0.9568422 0.01455738 -0.6340416 0.7726424 0.03185889 -0.6340687 0.7726212 0.03183534 -0.4712839 0.8816642 0.02365764 -0.4712615 0.8816755 0.02367966 -0.9939422 -0.09791923 0.04990645 -0.9939451 -0.09787959 0.04992735 -0.4712757 -0.881668 0.02368036 -0.4712607 -0.8816767 0.02365647 -0.290251 0.9568399 0.01455775 -0.290242 0.9568424 0.01456967 -0.9939415 0.09791537 0.04992718 -0.9939466 0.09787515 0.04990667 -0.9558401 0.2899419 0.04799347 -0.9558282 0.2899779 0.04801269 -0.6340486 -0.7726377 0.03183431 -0.634069 -0.7726199 0.03186026 -0.09804382 0.9951699 0.004917443 -0.8810472 0.4709533 0.04425915 -0.8810658 0.4709202 0.04423901 -0.7724479 -0.6338916 0.0388037 -0.7724304 -0.6339141 0.03878222 -0.4111755 0.1745322 0.8946918 -0.4111518 0.1745259 0.8947038 0.411173 -0.1745316 0.894693 0.4111467 -0.1745245 0.8947064 0.1745334 0.4111752 0.8946916 0.174526 0.4111475 0.8947058 -0.1745351 -0.4111714 0.894693 -0.1745401 -0.41119 0.8946835 0.4141586 0.1673316 0.8946915 0.4141375 0.1673194 0.8947035 -0.4141586 -0.1673316 0.8946915 -0.4141497 -0.1673265 0.8946965 0.16733 -0.4141528 0.8946944 0.1673152 -0.4141274 0.8947089 -0.1673312 0.4141552 0.8946931 -0.1673109 0.4141202 0.8947131 -0.3158503 0.3158496 0.8946942 -0.3158337 0.3158371 0.8947043 0.3158405 -0.3158407 0.8947007 0.3158579 -0.3158538 0.89469 0.3158509 0.3158491 0.8946941 0.3158583 0.3158589 0.8946881 -0.3158517 -0.3158486 0.894694 -0.3158565 -0.315855 0.89469 0.4466816 5.718264e-08 0.894693 0.4466797 -2.128095e-07 0.894694 -0.4466816 -3.902729e-07 0.894693 -0.4466797 -1.223659e-07 0.894694 1.674021e-06 -0.4466812 0.8946931 -2.287568e-06 -0.4466534 0.8947071 -3.373772e-07 0.4466812 0.8946931 3.622866e-06 0.4466533 0.8947071 -0.6340682 0.7726206 -0.03185878 -0.634049 0.7726373 -0.03183435 -0.955828 -0.2899787 -0.04801254 -0.9558399 -0.2899427 -0.04799333 -0.9939461 -0.09787969 -0.04990651 -0.9939411 -0.0979199 -0.04992701 -0.2902433 -0.956842 -0.0145696 -0.2902523 -0.9568394 -0.01455761 -0.4712618 0.8816761 -0.02365632 -0.4712761 0.8816678 -0.02367929 -0.9939455 0.09787504 -0.04992723 -0.9939427 0.09791469 -0.04990634 -0.4712604 -0.8816761 -0.02367947 -0.4712829 -0.8816647 -0.02365741 -0.6340695 -0.7726204 -0.03183538 -0.6340426 -0.7726415 -0.0318588 -0.2902421 0.9568426 -0.01455701 -0.2902466 0.956841 -0.01456975 -0.9558291 0.2899782 -0.04799278 -0.9558386 0.2899437 -0.04801307 -0.7724519 -0.6338879 -0.03878289 -0.7724515 -0.6338884 -0.03878327 -0.8810478 0.4709544 -0.04423521 -0.8810498 0.4709504 -0.04423806 -0.7724525 0.6338872 -0.03878332 -0.7724522 0.6338877 -0.03878289 -0.881048 -0.4709538 -0.04423798 -0.8810504 -0.4709495 -0.04423536 -0.8661523 -0.4814898 -0.1339686 -0.8661535 -0.481488 -0.1339677 -0.6166376 0.7814489 -0.09537137 -0.6166473 0.7814387 -0.09539186 -0.9434643 -0.2976268 -0.1459225 -0.9434614 -0.2976341 -0.1459261 -0.9832197 -0.1007336 -0.1520912 -0.9832264 -0.1006961 -0.1520724 -0.2797461 -0.9590981 -0.04327943 -0.2797537 -0.9590961 -0.04327304 -0.4559954 0.8871817 -0.07054687 -0.4559892 0.8871866 -0.0705249 -0.9832233 0.1007285 -0.1520719 -0.9832238 0.1006925 -0.1520918 -0.4560048 -0.8871788 -0.07052432 -0.4559754 -0.8871921 -0.07054379 -0.6166299 -0.7814528 -0.09538917 -0.6166596 -0.7814316 -0.09537075 -0.2797475 0.9590979 -0.04327208 -0.2797474 0.9590976 -0.04327961 -0.9434639 0.2976262 -0.1459265 -0.9434625 0.2976327 -0.1459222 -0.7554432 -0.6447116 -0.1168442 -0.7554204 -0.6447356 -0.1168593 -0.8661523 0.4814904 -0.1339675 -0.8661529 0.4814889 -0.1339688 -0.7554392 0.6447129 -0.1168622 -0.7554281 0.6447296 -0.1168418 -0.8338806 0.502983 -0.227269 -0.8338802 0.5029844 -0.2272676 -0.8338815 -0.5029822 -0.2272679 -0.8338799 -0.5029842 -0.2272688 -0.7194684 0.6662714 -0.1960805 -0.7194704 0.6662673 -0.1960872 -0.5807576 0.7985429 -0.1582718 -0.5807585 0.7985412 -0.1582772 -0.9161403 -0.3135985 -0.2496857 -0.9161394 -0.3136006 -0.2496867 -0.258965 -0.9633058 -0.07056204 -0.2589313 -0.9633135 -0.07058086 -0.4252138 0.8976465 -0.1158611 -0.4252128 0.8976444 -0.1158817 -0.9593104 -0.1066061 -0.261455 -0.959312 -0.1065995 -0.2614518 -0.9593118 0.106601 -0.2614518 -0.9593115 0.1065949 -0.2614554 -0.4252006 -0.8976507 -0.1158784 -0.4252292 -0.8976389 -0.1158653 -0.258952 0.9633083 -0.07057732 -0.2589585 0.9633077 -0.07056025 -0.9161401 0.3135979 -0.2496869 -0.91614 0.3135995 -0.2496856 -0.5807557 -0.7985433 -0.1582764 -0.5807629 -0.7985386 -0.1582732 -0.7194651 -0.6662734 -0.1960858 -0.7194733 -0.6662657 -0.1960818 -0.8678839 0.3389413 -0.3631753 -0.8678836 0.3389629 -0.3631561 -0.5244251 -0.8226901 -0.2194518 -0.5244211 -0.8226925 -0.219453 -0.7788098 0.5359536 -0.3258971 -0.7788103 0.5359503 -0.3259016 -0.6606238 -0.6979657 -0.2764416 -0.6606182 -0.6979703 -0.2764434 -0.7788081 -0.5359541 -0.3259006 -0.778813 -0.5359482 -0.3258984 -0.6606219 0.6979662 -0.276445 -0.6606219 0.6979681 -0.2764407 -0.8678915 -0.3389389 -0.3631594 -0.8678749 -0.3389685 -0.3631716 -0.2282737 -0.9688988 -0.09553055 -0.2283016 -0.9688933 -0.09552009 -0.5244224 0.8226915 -0.2194535 -0.5244227 0.822692 -0.2194508 -0.378602 0.9118974 -0.1584416 -0.3786051 0.9118974 -0.1584338 -0.9162507 -0.116159 -0.3833951 -0.9162509 -0.1161585 -0.3833948 -0.3786081 -0.9118959 -0.1584351 -0.3785955 -0.9119005 -0.1584389 -0.2282825 0.9688972 -0.09552618 -0.2282778 0.9688977 -0.09553222 -0.9162514 0.1161536 -0.3833951 -0.9162514 0.1161532 -0.3833954 -0.3162453 -0.9281086 -0.196477 -0.3162354 -0.9281117 -0.1964788 -0.3162396 0.9281097 -0.1964813 -0.3162437 0.9281094 -0.1964761 -0.1885407 0.9750542 -0.1171398 -0.1885396 0.9750543 -0.1171407 -0.842185 0.1300964 -0.5232584 -0.8421972 0.1301394 -0.5232283 -0.4454486 -0.8514625 -0.2767437 -0.4454423 -0.8514655 -0.2767447 -0.7875085 0.3747714 -0.4892615 -0.7875044 0.3747493 -0.4892848 -0.6918702 0.5801353 -0.4298357 -0.6918692 0.5801311 -0.4298429 -0.5732339 -0.7379523 -0.3561309 -0.5732315 -0.737954 -0.3561313 -0.5732331 0.7379522 -0.3561323 -0.5732335 0.7379528 -0.3561307 -0.6918659 -0.5801366 -0.4298409 -0.6918747 -0.5801279 -0.4298384 -0.787495 -0.3747769 -0.4892789 -0.7875179 -0.3747439 -0.4892673 -0.4454441 0.8514642 -0.2767458 -0.4454458 0.8514645 -0.276742 -0.8422015 -0.1300999 -0.523231 -0.8421791 -0.1301487 -0.5232548 -0.1885402 -0.9750542 -0.117141 -0.188542 -0.9750538 -0.1171406 -0.3424335 0.8809258 -0.3266631 -0.3424398 0.8809262 -0.3266558 -0.656522 -0.4204401 -0.6262659 -0.656508 -0.4204561 -0.6262698 -0.7155084 -0.1488017 -0.6825729 -0.7155321 -0.148764 -0.6825564 -0.1409432 -0.9808478 -0.1344345 -0.1409052 -0.9808527 -0.1344391 -0.2390004 0.943881 -0.2279634 -0.2389832 0.9438822 -0.2279771 -0.7155289 0.1487927 -0.6825534 -0.7155129 0.14876 -0.6825773 -0.2389775 -0.9438849 -0.2279716 -0.2390071 -0.9438778 -0.2279699 -0.3424436 -0.8809234 -0.3266594 -0.34243 -0.8809286 -0.3266598 -0.1409115 0.9808509 -0.1344451 -0.1409391 0.9808489 -0.1344305 -0.6565129 0.4204416 -0.6262745 -0.6565181 0.4204519 -0.6262621 -0.4512256 -0.7817479 -0.430425 -0.4512232 -0.7817492 -0.430425 -0.5604821 0.632467 -0.5346448 -0.5604755 0.6324596 -0.5346606 -0.4512246 0.7817478 -0.4304263 -0.4512254 0.7817481 -0.4304247 -0.5604691 -0.6324705 -0.5346544 -0.5604901 -0.6324537 -0.5346524 -0.2918536 0.8210891 -0.4905447 -0.2918473 0.8210877 -0.4905509 -0.2168045 0.9056568 -0.3643922 -0.2168001 0.9056565 -0.3643954 -0.4514344 -0.4694899 -0.7588058 -0.4514529 -0.4694732 -0.7588051 -0.08716983 -0.9853561 -0.1465427 -0.08719695 -0.9853538 -0.1465424 -0.1491167 0.9565158 -0.2506827 -0.1491422 0.9565153 -0.2506694 -0.5038403 -0.170113 -0.8468805 -0.5038338 -0.1701207 -0.8468828 -0.5038351 0.1701057 -0.8468849 -0.5038404 0.1701124 -0.8468806 -0.1491455 -0.9565133 -0.250675 -0.1491109 -0.9565192 -0.2506729 -0.0871935 0.9853549 -0.1465367 -0.08717089 0.9853557 -0.1465446 -0.4514493 0.4694866 -0.758799 -0.4514385 0.4694753 -0.7588125 -0.2167994 -0.9056572 -0.3643943 -0.2168062 -0.9056552 -0.3643951 -0.2918448 -0.821091 -0.4905468 -0.2918558 -0.8210863 -0.4905483 -0.3731131 0.6837208 -0.6271463 -0.3731183 0.6837239 -0.6271399 -0.3731207 -0.6837189 -0.6271439 -0.3731109 -0.6837251 -0.6271429 -0.1321577 0.7172395 -0.6841796 -0.1321529 0.7172373 -0.6841829 -0.101415 -0.8450227 -0.5250252 -0.1013998 -0.8450276 -0.5250202 -0.1321525 -0.7172393 -0.684181 -0.1321583 -0.7172362 -0.684183 -0.1014013 0.8450229 -0.5250278 -0.1014141 0.8450261 -0.5250202 -0.1637698 -0.5043799 -0.8478091 -0.1637573 -0.5043894 -0.8478059 -0.02951438 -0.9878194 -0.1527803 -0.02950713 -0.9878197 -0.1527797 -0.07434842 0.9199425 -0.3849392 -0.07434552 0.9199421 -0.3849406 -0.0507317 0.9635671 -0.2626112 -0.05072225 0.9635668 -0.2626143 -0.1863269 -0.186341 -0.964655 -0.1863407 -0.1863274 -0.964655 -0.0507216 -0.9635676 -0.2626116 -0.05073211 -0.9635664 -0.2626135 -0.02950724 0.9878195 -0.1527804 -0.02951408 0.9878196 -0.1527789 -0.1863406 0.1863323 -0.964654 -0.1863277 0.1863194 -0.9646591 -0.1637585 0.5043794 -0.8478116 -0.163769 0.5043874 -0.8478048 -0.07434546 -0.9199423 -0.3849403 -0.07434877 -0.9199416 -0.3849412 0.07434566 -0.9199418 -0.3849413 0.07434852 -0.9199422 -0.3849399 0.1637574 0.5043883 -0.8478065 0.1637699 0.5043789 -0.8478098 0.1321565 0.7172369 -0.6841825 0.1321526 0.717239 -0.6841813 0.1014126 -0.8450266 -0.5250196 0.101401 -0.8450237 -0.5250264 0.1014 0.8450273 -0.525021 0.1014138 0.8450227 -0.5250255 0.132153 -0.7172368 -0.6841835 0.1321562 -0.7172382 -0.6841812 0.1637689 -0.5043885 -0.8478042 0.1637583 -0.5043805 -0.8478111 0.07434866 0.9199419 -0.3849404 0.07434533 0.9199426 -0.3849396 0.1863273 -0.1863278 -0.9646575 0.1863403 -0.1863408 -0.9646525 0.02951 -0.9878196 -0.1527796 0.02950724 -0.9878196 -0.1527802 0.05072207 -0.963567 -0.2626137 0.05072476 -0.9635671 -0.2626128 0.05072499 0.9635667 -0.2626143 0.05072213 0.963567 -0.2626138 0.02950713 0.9878198 -0.152779 0.02950997 0.9878197 -0.1527792 0.186341 0.1863189 -0.9646566 0.1863272 0.1863326 -0.9646566 0.1491345 0.956515 -0.250675 0.14913 0.9565158 -0.2506747 0.5038345 0.170113 -0.8468839 0.5038171 0.1701337 -0.84689 0.1491301 -0.9565157 -0.2506749 0.1491334 -0.9565157 -0.2506732 0.2167973 -0.9056567 -0.3643966 0.2167886 -0.9056562 -0.364403 0.08717105 0.9853562 -0.146542 0.08718234 0.9853551 -0.1465419 0.4514313 0.4694767 -0.7588158 0.4514402 0.4694687 -0.7588154 0.2918495 -0.8210888 -0.4905478 0.2918503 -0.821089 -0.4905471 0.3731162 0.6837221 -0.627143 0.3730959 0.6837352 -0.6271409 0.291851 0.821088 -0.4905481 0.2918495 0.8210887 -0.490548 0.3731005 -0.6837254 -0.6271487 0.3731116 -0.6837317 -0.6271352 0.2167855 0.9056589 -0.3643979 0.216799 0.9056551 -0.3643995 0.4514381 -0.4694763 -0.758812 0.4514329 -0.4694709 -0.7588185 0.5038183 -0.1701221 -0.8468918 0.5038322 -0.1701404 -0.8468798 0.08718213 -0.9853552 -0.1465415 0.08717269 -0.9853556 -0.1465448 0.6565058 -0.4204294 -0.6262901 0.6565227 -0.4204625 -0.6262502 0.1409249 -0.9808497 -0.1344389 0.140941 -0.9808487 -0.1344305 0.2389711 0.9438862 -0.2279726 0.2389982 0.9438798 -0.227971 0.7155295 -0.1488023 -0.6825507 0.7155105 -0.1487634 -0.6825791 0.7155066 0.1487989 -0.6825753 0.7155348 0.148754 -0.6825557 0.238993 -0.9438823 -0.227966 0.2389773 -0.9438833 -0.2279784 0.1409445 0.9808478 -0.1344337 0.1409223 0.9808505 -0.1344364 0.6565377 0.4204178 -0.6262645 0.6564924 0.4204696 -0.6262771 0.342452 -0.8809193 -0.3266616 0.3424568 -0.8809195 -0.326656 0.4512225 -0.7817478 -0.4304284 0.4512268 -0.7817494 -0.4304209 0.5604722 0.6324772 -0.5346434 0.5604863 0.6324658 -0.534642 0.5604821 -0.632473 -0.534638 0.5604776 -0.632468 -0.5346485 0.4512313 0.7817444 -0.4304253 0.4512196 0.781751 -0.4304256 0.3424594 0.8809176 -0.3266585 0.342449 0.8809215 -0.3266587 0.5732011 0.7379696 -0.3561482 0.5732254 0.7379527 -0.3561439 0.7875085 -0.3747744 -0.4892591 0.7875035 -0.3747466 -0.4892884 0.1885514 -0.9750532 -0.1171306 0.1885402 -0.9750544 -0.1171395 0.445426 0.8514705 -0.2767557 0.4454237 0.8514715 -0.276756 0.3162728 0.9281002 -0.1964728 0.3162272 0.928114 -0.1964808 0.8422015 -0.1300997 -0.5232309 0.8421991 -0.1300912 -0.5232369 0.3162563 -0.9281045 -0.1964789 0.316265 -0.9281039 -0.196468 0.1885346 0.9750558 -0.117136 0.188553 0.9750528 -0.1171316 0.8421988 0.1300944 -0.5232367 0.8422031 0.1300848 -0.523232 0.7874916 0.3747813 -0.489281 0.7875204 0.3747399 -0.4892664 0.4454252 -0.8514705 -0.2767569 0.4454357 -0.8514727 -0.2767335 0.6918601 0.5801357 -0.4298514 0.6918464 0.5801493 -0.4298551 0.5732155 -0.7379633 -0.3561377 0.5732116 -0.7379583 -0.3561547 0.6918525 -0.5801392 -0.4298589 0.6918541 -0.5801458 -0.4298475 0.7788048 0.5359581 -0.3259017 0.7788147 0.5359462 -0.3258973 0.6606215 -0.6979661 -0.2764463 0.6606211 -0.6979698 -0.2764378 0.6606279 0.6979623 -0.2764407 0.6606167 0.6979713 -0.2764443 0.77881 -0.5359545 -0.3258953 0.7788109 -0.5359478 -0.3259043 0.8678837 -0.3389348 -0.3631818 0.8678835 -0.3389498 -0.3631684 0.5244337 0.8226885 -0.2194378 0.5244164 0.8226982 -0.2194428 0.9162397 -0.1161516 -0.3834236 0.9162409 -0.1161606 -0.3834178 0.2282813 -0.9688971 -0.0955294 0.2282869 -0.9688966 -0.09552234 0.3786025 -0.9118978 -0.1584377 0.3786035 -0.9118978 -0.1584351 0.3785942 0.9119024 -0.1584312 0.3786173 0.9118941 -0.1584241 0.2282754 0.9688984 -0.09553171 0.2282814 0.9688972 -0.09552945 0.9162426 0.1161456 -0.3834184 0.9162392 0.1161556 -0.3834234 0.5244085 -0.8227041 -0.2194395 0.5244067 -0.8227014 -0.2194538 0.8678899 0.3389307 -0.363171 0.8678783 0.3389512 -0.3631795 0.5807416 -0.7985532 -0.1582778 0.5807397 -0.7985568 -0.158267 0.2589513 0.9633089 -0.07056876 0.258938 0.963312 -0.07057616 0.9161447 0.3136038 -0.249663 0.9161493 0.313594 -0.2496586 0.7194681 -0.6662717 -0.1960811 0.7194699 -0.6662679 -0.1960873 0.8338867 0.5029751 -0.2272643 0.8339067 0.5029475 -0.2272519 0.7194653 0.6662732 -0.1960861 0.7194729 0.666266 -0.1960825 0.8338948 -0.5029688 -0.2272487 0.8339006 -0.5029503 -0.2272682 0.5807481 0.7985502 -0.1582693 0.5807335 0.7985595 -0.1582756 0.9161463 -0.3136033 -0.2496578 0.9161473 -0.3135954 -0.2496637 0.959311 -0.1065998 -0.2614552 0.9593139 -0.1066568 -0.2614213 0.2589397 -0.9633116 -0.07057662 0.2589404 -0.9633115 -0.07057496 0.4251972 0.8976505 -0.1158918 0.4252167 0.8976424 -0.1158828 0.9593206 0.1065922 -0.2614231 0.9593055 0.1066534 -0.2614537 0.425208 -0.8976468 -0.1158805 0.4252073 -0.8976454 -0.1158945 0.4560147 0.8871742 -0.07051504 0.4559781 0.8871912 -0.0705394 0.9832225 -0.1007492 -0.1520629 0.9832234 -0.1006907 -0.1520953 0.9832179 0.1007464 -0.1520945 0.9832289 0.1006854 -0.1520639 0.4559956 -0.887182 -0.0705421 0.4559867 -0.887189 -0.07051072 0.2797383 0.9591007 -0.04327066 0.2797523 0.9590971 -0.04325902 0.9434617 0.2976333 -0.1459262 0.9434486 0.2976668 -0.1459426 0.6166378 -0.781449 -0.09536999 0.6166495 -0.7814365 -0.09539512 0.7554307 -0.6447255 -0.1168475 0.7554238 -0.644736 -0.1168348 0.8661695 0.481457 -0.1339763 0.8661745 0.4814491 -0.1339721 0.8661712 -0.4814553 -0.1339716 0.8661738 -0.4814489 -0.1339769 0.7554358 0.6447216 -0.1168367 0.7554216 0.6447366 -0.1168461 0.6166254 0.7814562 -0.09539141 0.6166554 0.7814347 -0.09537272 0.9434577 -0.2976372 -0.145944 0.9434515 -0.2976665 -0.1459246 0.2797489 -0.9590982 -0.04325847 0.2797487 -0.9590976 -0.04327222 0.2902403 -0.9568425 -0.01459073 0.2902281 -0.9568468 -0.01455632 0.6340712 0.7726194 -0.03182817 0.6340687 0.7726212 -0.03183033 0.4712505 0.8816813 -0.02369039 0.4712846 0.8816638 -0.02365684 0.9939465 -0.09787584 -0.04990653 0.9939462 -0.0978797 -0.04990448 0.4712602 -0.8816769 -0.0236556 0.4712831 -0.8816637 -0.02369201 0.290251 0.9568399 -0.01455754 0.2902267 0.9568467 -0.01459011 0.993947 0.09787122 -0.04990453 0.9939466 0.09787515 -0.04990653 0.9558257 0.2899847 -0.04802168 0.9558444 0.289928 -0.04799145 0.6340715 -0.772619 -0.03183046 0.6340696 -0.7726207 -0.0318281 0.8810728 0.4709074 -0.04423647 0.8810466 0.4709538 -0.0442647 0.7724301 -0.6339146 -0.0387818 0.7724252 -0.6339208 -0.03877583 0.8810695 -0.4709109 -0.04426585 0.8810481 -0.4709538 -0.04423523 0.7724317 0.633913 -0.03877615 0.7724257 0.6339201 -0.03878158 0.9558279 -0.2899826 -0.04799062 0.9558428 -0.2899284 -0.04802255 0.7724258 0.6339202 0.03877585 0.7724308 0.6339138 0.03878197 0.8810469 -0.4709532 0.04426485 0.8810731 -0.4709068 0.04423664 0.9558442 -0.2899288 0.04799157 0.9558255 -0.2899855 0.04802182 0.6340688 0.7726213 0.03182818 0.6340705 0.7726198 0.03183039 0.9939461 -0.09787969 0.04990664 0.9939466 -0.09787577 0.04990464 0.2902279 -0.9568463 0.01459026 0.2902522 -0.9568395 0.01455782 0.4712835 -0.8816644 0.02365692 0.4712493 -0.8816819 0.02369053 0.4712842 0.8816631 0.02369225 0.4712613 0.8816763 0.02365579 0.2902268 0.9568472 0.01455646 0.290239 0.956843 0.0145908 0.9939467 0.09787516 0.04990466 0.993947 0.0978713 0.04990669 0.6340696 -0.7726206 0.03183034 0.6340718 -0.7726188 0.03182834 0.955843 0.2899276 0.0480227 0.9558281 0.2899818 0.04799078 0.8810478 0.4709544 0.04423536 0.8810691 0.4709115 0.04426597 0.7724251 -0.6339207 0.03878166 0.7724313 -0.6339135 0.03877611 0.7554214 -0.6447368 0.1168461 0.7554356 -0.6447217 0.1168366 0.8661735 0.4814495 0.1339769 0.8661709 0.4814558 0.1339715 0.7554248 0.6447349 0.116835 0.7554317 0.6447244 0.1168477 0.8661749 -0.4814485 0.1339721 0.8661698 -0.4814564 0.1339763 0.6166485 0.7814375 0.09539498 0.6166365 0.7814499 0.0953698 0.9434484 -0.2976676 0.1459425 0.9434614 -0.2976341 0.1459261 0.9832284 -0.10069 0.1520638 0.9832174 -0.1007511 0.1520944 0.2797535 -0.9590967 0.04325921 0.2797395 -0.9591003 0.04327084 0.4559878 0.8871885 0.07051089 0.4559966 0.8871814 0.07054225 0.983224 0.1006861 0.1520954 0.983223 0.1007445 0.152063 0.4559771 -0.8871917 0.07053924 0.4560136 -0.887175 0.07051489 0.6166558 -0.7814344 0.09537278 0.6166257 -0.7814558 0.09539143 0.2797475 0.9590979 0.04327208 0.2797476 0.9590985 0.0432583 0.9434518 0.2976657 0.1459246 0.943458 0.2976364 0.145944 0.2589392 0.9633117 0.07057469 0.2589386 0.9633119 0.07057633 0.9161401 0.3135979 0.2496869 0.9161357 0.3136314 0.2496613 0.5807334 -0.7985595 0.1582762 0.580749 -0.7985496 0.1582695 0.7194734 -0.6662657 0.1960818 0.7194636 -0.6662748 0.1960865 0.8339006 0.5029506 0.2272672 0.8339025 0.5029446 0.2272737 0.833907 -0.5029469 0.227252 0.833888 -0.5029731 0.2272638 0.7194707 0.6662666 0.1960885 0.7194684 0.6662715 0.1960805 0.5807382 0.7985579 0.1582665 0.5807403 0.7985542 0.1582781 0.9161471 -0.3135956 0.2496644 0.9161478 -0.3135942 0.2496638 0.2589392 -0.9633117 0.07057647 0.2589414 -0.9633112 0.07057524 0.4252083 0.8976448 0.1158948 0.4252091 0.8976464 0.1158807 0.9593052 -0.1066583 0.2614528 0.959317 -0.1066104 0.2614289 0.9593127 0.1066521 0.2614277 0.9593105 0.1066076 0.2614543 0.4252157 -0.897643 0.1158825 0.4251962 -0.8976511 0.1158915 0.9162366 -0.1161798 0.3834224 0.9162467 -0.1161498 0.3834074 0.3786013 -0.9118984 0.1584371 0.3786075 -0.9118962 0.1584352 0.2282873 0.9688966 0.09552074 0.2282813 0.9688973 0.09552847 0.9162441 0.1161732 0.3834064 0.9162402 0.1161462 0.3834239 0.8678881 0.3389648 0.3631431 0.8678887 0.3389328 0.3631718 0.5244179 -0.8226973 0.2194423 0.5243949 -0.8227103 0.2194488 0.7788276 0.5359192 0.3259113 0.7788243 0.535945 0.3258769 0.6606153 -0.697973 0.2764437 0.6606284 -0.6979623 0.2764394 0.778816 -0.5359442 0.3258979 0.778806 -0.5359561 0.3259023 0.6606216 0.6979698 0.2764366 0.660622 0.6979654 0.2764466 0.8678879 -0.3389353 0.3631715 0.867889 -0.3389334 0.3631707 0.2282799 -0.9688976 0.09552792 0.2282928 -0.9688952 0.0955231 0.524406 0.8227019 0.2194535 0.5244079 0.8227049 0.2194381 0.3786056 0.9118971 0.1584345 0.3786041 0.9118971 0.1584383 0.4454358 0.8514733 0.2767313 0.4454244 0.8514711 0.2767565 0.8422025 -0.1300908 0.5232316 0.8421981 -0.1301004 0.5232363 0.1885527 -0.9750527 0.1171328 0.1885328 -0.975056 0.1171375 0.3162535 -0.9281062 0.1964756 0.3162691 -0.9281014 0.1964728 0.3162645 0.9281036 0.19647 0.316258 0.9281041 0.1964784 0.1885371 0.9750549 0.1171402 0.1885493 0.9750537 0.1171306 0.8421998 0.1300853 0.5232373 0.8422022 0.1300937 0.5232314 0.4454119 -0.8514801 0.2767486 0.4454533 -0.8514606 0.2767422 0.787503 0.3747481 0.4892881 0.7875081 0.3747759 0.4892587 0.6918534 0.5801451 0.4298494 0.6918521 0.5801398 0.4298587 0.5732237 -0.7379538 0.3561446 0.5732017 -0.7379689 0.3561485 0.5732121 0.7379577 0.356155 0.5732157 0.7379623 0.3561397 0.6918477 -0.5801469 0.429856 0.691859 -0.5801358 0.4298529 0.7875193 -0.3747433 0.4892657 0.7874905 -0.3747847 0.4892803 0.451226 0.7817484 0.4304237 0.4512231 0.7817472 0.4304289 0.5604866 -0.6324652 0.5346423 0.5604726 -0.6324766 0.5346438 0.3424536 0.8809205 0.3266566 0.3424493 0.8809203 0.3266618 0.656489 -0.4204741 0.6262778 0.6565373 -0.4204188 0.6262642 0.715532 -0.148761 0.682557 0.7155038 -0.148806 0.6825768 0.1409229 -0.9808504 0.134437 0.140945 -0.9808476 0.1344343 0.2389773 0.9438833 0.2279785 0.2389916 0.9438824 0.2279671 0.7155092 0.1487568 0.682582 0.7155282 0.1487958 0.6825535 0.2389953 -0.9438807 0.2279706 0.2389705 -0.9438866 0.227972 0.3424475 -0.8809215 0.3266602 0.3424571 -0.8809179 0.3266599 0.1409405 0.9808488 0.1344298 0.1409243 0.98085 0.1344383 0.656522 0.4204645 0.6262496 0.656504 0.4204291 0.6262921 0.4512202 -0.7817504 0.4304262 0.4512283 -0.7817458 0.4304259 0.5604773 0.6324686 0.5346482 0.5604817 0.6324735 0.5346376 0.291852 -0.8210886 0.4905464 0.2918541 -0.8210878 0.4905468 0.3731148 0.6837317 0.6271334 0.3731012 0.6837239 0.6271499 0.3730961 -0.6837345 0.6271414 0.373121 -0.6837186 0.6271439 0.291854 0.8210879 0.4905466 0.2918528 0.8210877 0.4905477 0.2167623 0.9056599 0.3644094 0.216794 0.9056616 0.3643862 0.4514434 -0.4694692 0.7588133 0.4514301 -0.4694812 0.7588137 0.08718279 -0.985355 0.1465425 0.08717153 -0.985356 0.1465427 0.1491337 0.9565155 0.2506739 0.1491147 0.9565158 0.2506837 0.5038165 -0.1701414 0.846889 0.5038379 -0.1701158 0.8468813 0.5038365 0.1701324 0.8468789 0.5038193 0.1701099 0.8468937 0.1491114 -0.9565177 0.2506784 0.1491373 -0.9565133 0.2506799 0.08717229 0.9853557 0.1465441 0.08718171 0.9853553 0.1465408 0.4514332 0.4694698 0.7588189 0.451441 0.469478 0.7588093 0.2168019 -0.9056545 0.3643994 0.2167532 -0.9056683 0.364394 0.02950708 0.9878197 0.1527795 0.02950983 0.9878197 0.152779 0.1863355 0.1863273 0.964656 0.1863326 0.1863244 0.9646572 0.1637581 0.504383 0.8478096 0.1637644 0.5043878 0.8478056 0.07434341 -0.9199468 0.3849297 0.07438292 -0.9199392 0.3849402 0.1321565 0.7172367 0.6841828 0.1321533 0.7172353 0.684185 0.1014136 -0.8450232 0.5250248 0.1013998 -0.8450276 0.5250202 0.132153 -0.7172363 0.6841839 0.1321569 -0.7172343 0.6841852 0.1014012 0.8450233 0.5250271 0.1014128 0.8450261 0.5250203 0.1637648 -0.5043838 0.8478079 0.1637573 -0.5043894 0.8478059 0.02951005 -0.9878196 0.1527799 0.02950713 -0.9878197 0.1527797 0.07437997 0.919946 0.3849247 0.07434552 0.9199421 0.3849406 0.05072603 0.9635652 0.2626197 0.05074538 0.9635658 0.2626133 0.1863322 -0.1863358 0.964655 0.1863353 -0.1863327 0.964655 0.05074608 -0.9635649 0.2626168 0.05072468 -0.9635671 0.2626128 -0.02951425 -0.9878195 0.1527796 -0.0295074 -0.9878194 0.1527811 -0.05074532 -0.963566 0.2626126 -0.05073281 -0.9635655 0.2626167 -0.05073223 0.9635665 0.2626134 -0.05074596 0.9635651 0.262616 -0.02950713 0.9878198 0.152779 -0.0295143 0.9878194 0.1527796 -0.1863356 0.1863243 0.9646566 -0.1863325 0.1863274 0.9646566 -0.07434566 -0.9199418 0.3849413 -0.07438007 -0.9199457 0.3849254 -0.1637574 0.5043883 0.8478065 -0.1637649 0.5043827 0.8478084 -0.1321586 0.7172347 0.6841846 -0.1321528 0.7172377 0.6841825 -0.101414 -0.8450265 0.5250195 -0.1014012 -0.8450233 0.5250271 -0.1014 0.8450273 0.525021 -0.1014152 0.8450223 0.5250259 -0.1321534 -0.7172347 0.6841855 -0.1321582 -0.7172369 0.6841822 -0.1637643 -0.5043889 0.8478049 -0.1637579 -0.5043841 0.847809 -0.07438282 0.9199396 0.3849395 -0.07434329 0.9199472 0.384929 -0.1863323 -0.1863328 0.9646556 -0.1863352 -0.1863357 0.9646544 -0.216773 0.9056653 0.3643898 -0.2168015 0.9056571 0.364393 -0.4514407 -0.469479 0.7588088 -0.451449 -0.4694876 0.7587985 -0.5038401 -0.1701157 0.8468801 -0.5038382 -0.1701132 0.8468817 -0.0871713 -0.9853556 0.1465453 -0.08719391 -0.9853547 0.1465374 -0.1491146 0.9565169 0.2506792 -0.1491278 0.9565147 0.25068 -0.5038386 0.1701081 0.8468825 -0.503841 0.1701053 0.8468816 -0.149126 -0.9565158 0.2506769 -0.1491163 -0.956516 0.250682 -0.2167976 -0.9056608 0.3643863 -0.216779 -0.9056598 0.3643999 -0.08719646 0.9853539 0.1465417 -0.08716939 0.9853563 0.1465421 -0.4514523 0.4694755 0.758804 -0.4514381 0.4694883 0.7588046 -0.2918499 -0.8210875 0.4905496 -0.2918566 -0.8210891 0.490543 -0.3731153 0.6837227 0.6271429 -0.3731205 0.6837194 0.6271434 -0.2918595 0.821085 0.490548 -0.291848 0.8210901 0.4905464 -0.3731196 -0.6837212 0.6271419 -0.3731168 -0.6837195 0.6271453 -0.5604759 -0.632459 0.5346609 -0.5604824 -0.6324665 0.5346452 -0.4512211 0.7817496 0.4304266 -0.4512272 0.7817461 0.4304264 -0.3424268 0.8809296 0.3266601 -0.3424412 0.8809242 0.3266598 -0.6565349 -0.4204471 0.6262478 -0.6565204 -0.4204189 0.6262818 -0.1409397 -0.9808488 0.1344312 -0.1409121 -0.9808508 0.1344457 -0.2390078 0.9438775 0.2279705 -0.2389757 0.9438852 0.2279723 -0.7155286 -0.1487645 0.6825599 -0.7155449 -0.1487977 0.6825355 -0.7155495 0.1487547 0.68254 -0.7155254 0.1487931 0.6825569 -0.2389806 -0.9438828 0.227977 -0.2389992 -0.9438816 0.2279622 -0.1409046 0.9808528 0.1344385 -0.1409426 0.980848 0.1344339 -0.6565083 0.4204551 0.6262702 -0.6565469 0.420411 0.6262593 -0.3424383 -0.8809263 0.326657 -0.3424317 -0.880926 0.3266648 -0.4512249 -0.7817487 0.4304243 -0.4512227 -0.7817478 0.4304282 -0.5604897 0.6324543 0.5346521 -0.5604687 0.6324711 0.5346541 -0.6918729 0.5801292 0.4298396 -0.6918666 0.5801354 0.4298413 -0.5732326 -0.7379528 0.356132 -0.5732326 -0.7379528 0.356132 -0.6918696 -0.5801305 0.4298431 -0.6918703 -0.5801335 0.4298379 -0.5732331 0.7379522 0.3561323 -0.5732332 0.7379522 0.3561324 -0.7875003 -0.3747357 0.489302 -0.7875074 -0.3747747 0.4892608 -0.188539 -0.9750543 0.1171417 -0.1885392 -0.9750543 0.1171416 -0.4454435 0.8514653 0.2767432 -0.445447 0.8514637 0.2767427 -0.3162334 0.9281121 0.1964797 -0.316248 0.9281077 0.1964772 -0.8421869 -0.1301472 0.5232427 -0.8421747 -0.1301038 0.5232732 -0.3162438 -0.9281098 0.1964745 -0.3162376 -0.9281102 0.1964824 -0.1885384 0.9750545 0.1171411 -0.1885382 0.9750546 0.1171411 -0.8421702 0.1301446 0.5232703 -0.8421928 0.1300953 0.5232462 -0.7875249 0.3747238 0.4892716 -0.7874844 0.3747819 0.4892921 -0.4454466 -0.851464 0.2767425 -0.4454456 -0.8514638 0.2767446 -0.9162561 0.116152 0.3833843 -0.9162493 0.1161724 0.3833945 -0.5244236 -0.8226916 0.21945 -0.5244263 -0.8226959 0.2194279 -0.8678746 0.3389694 0.3631715 -0.8679016 0.3389213 0.3631516 -0.7788135 0.5359474 0.3258986 -0.7788086 0.5359532 0.3259008 -0.6606212 -0.6979687 0.2764404 -0.6606213 -0.6979674 0.2764433 -0.6606199 0.6979691 0.2764426 -0.6606236 0.697966 0.2764414 -0.7788115 -0.5359483 0.325902 -0.7788111 -0.5359516 0.3258976 -0.8678879 -0.3389625 0.3631459 -0.8678885 -0.3389274 0.3631773 -0.5244194 0.8226937 0.2194523 -0.5244252 0.8226905 0.2194507 -0.9162507 -0.1161585 0.3833951 -0.9162534 -0.1161769 0.3833832 -0.228302 -0.9688933 0.09551987 -0.2283029 -0.9688932 0.09551877 -0.3786237 -0.9118918 0.1584219 -0.3786266 -0.9118919 0.1584146 -0.3785986 0.9118993 0.1584387 -0.3786091 0.9118955 0.1584354 -0.2283025 0.9688933 0.09551871 -0.2282735 0.968899 0.09552958 -0.4252373 0.8976358 0.1158588 -0.4251969 0.8976525 0.1158774 -0.9593094 0.1066079 0.2614578 -0.9593111 0.1066011 0.2614544 -0.425192 -0.8976525 0.1158955 -0.4251926 -0.8976539 0.1158819 -0.5807401 -0.7985553 0.1582729 -0.580744 -0.7985482 0.1582946 -0.2589301 0.9633139 0.07058059 -0.2589702 0.9633046 0.07055821 -0.9161454 0.3135878 0.2496806 -0.9161349 0.3136101 0.2496907 -0.7194696 -0.6662685 0.1960863 -0.7194681 -0.6662716 0.1960813 -0.8338806 0.5029835 0.2272682 -0.8338889 0.5029719 0.2272629 -0.7194727 0.6662661 0.1960826 -0.7194667 0.6662719 0.1960855 -0.8338842 -0.5029806 0.2272617 -0.8338866 -0.5029728 0.2272698 -0.5807621 0.7985394 0.1582731 -0.5807539 0.7985446 0.1582766 -0.9161409 -0.3135914 0.2496924 -0.9161385 -0.3136093 0.2496787 -0.9593099 -0.1066126 0.2614541 -0.9593096 -0.1066062 0.2614579 -0.2589543 -0.9633077 0.07057535 -0.2589502 -0.963308 0.0705861 -0.6166583 0.7814325 0.09537055 -0.6166286 0.7814538 0.09538899 -0.9434602 -0.2976403 0.1459219 -0.9434629 -0.2976273 0.1459305 -0.2797486 -0.9590971 0.04328277 -0.2797487 -0.9590976 0.04327222 -0.4559706 0.8871943 0.07054789 -0.4560058 0.8871782 0.0705245 -0.9832234 -0.1006972 0.1520918 -0.9832227 -0.1007331 0.1520718 -0.983227 0.1006914 0.1520725 -0.9832202 0.1007289 0.1520913 -0.4559869 -0.887188 0.07052159 -0.4559954 -0.8871812 0.07055177 -0.2797545 0.9590959 0.0432732 -0.2797438 0.9590986 0.04328205 -0.9434588 0.2976409 0.1459299 -0.9434646 0.297626 0.1459225 -0.6166477 -0.7814384 0.0953919 -0.616636 -0.7814506 0.09536707 -0.755428 -0.6447299 0.1168418 -0.755439 -0.6447132 0.1168622 -0.8661563 0.4814829 0.1339681 -0.8661512 0.4814908 0.1339723 -0.8661553 -0.4814835 0.1339729 -0.8661526 -0.4814898 0.1339675 -0.7554213 0.6447344 0.1168594 -0.7554441 0.6447105 0.1168443 -0.09804381 0.9951699 -0.004917372 -0.09804381 -0.9951699 -0.004917382 -0.09429871 -0.9954371 -0.01458638 -0.09429871 0.9954371 -0.01458638 -0.08694945 0.9959309 -0.02369807 -0.08694742 -0.995931 -0.02370059 -0.07626157 0.996577 -0.03191213 -0.07626665 -0.9965768 -0.03190953 -0.06263054 0.997278 -0.03891219 -0.06263056 -0.9972779 -0.03891219 -0.04656234 0.997927 -0.0444256 -0.04656233 -0.997927 -0.04442559 -0.0286957 -0.9984241 -0.04822578 -0.0286957 0.9984242 -0.04822578 -0.009689081 -0.9986938 -0.05016734 -0.009689099 0.9986938 -0.05016734 0.009689099 0.9986938 -0.05016734 0.009689081 -0.9986938 -0.05016734 0.02868775 0.9984244 -0.04822659 0.02868776 -0.9984244 -0.04822659 0.04657326 0.9979267 -0.04442186 0.04657326 -0.9979267 -0.04442186 0.06263056 -0.9972779 -0.03891219 0.06263054 0.997278 -0.03891219 0.07626361 -0.9965769 -0.03191108 0.07625854 0.9965772 -0.03191369 0.08695132 0.9959307 -0.02369575 0.08694929 -0.9959309 -0.02369828 0.09429871 0.9954371 -0.01458638 0.09429871 -0.9954371 -0.01458638 0.09804381 -0.9951699 -0.004917382 0.09804381 0.9951699 -0.004917372 0.09804382 -0.9951699 0.004917453 0.09804382 0.9951699 0.004917443 0.09429877 -0.995437 0.01458639 0.09429878 0.9954371 0.01458639 0.0869494 0.9959309 0.02369831 0.0869494 -0.9959309 0.02369831 0.07626425 0.9965769 0.03191076 0.07626424 -0.9965769 0.03191075 0.06262977 0.9972779 0.03891259 0.06262979 -0.9972779 0.0389126 0.04657337 -0.9979267 0.04442197 0.04657338 0.9979267 0.04442197 0.02868783 0.9984244 0.04822672 0.02868784 -0.9984244 0.04822672 0.009689126 0.9986938 0.05016748 0.009689108 -0.9986938 0.05016748 -0.009689126 0.9986938 0.05016748 -0.009689108 -0.9986938 0.05016748 -0.02869578 0.9984242 0.04822591 -0.02869578 -0.9984241 0.04822591 -0.04656245 -0.997927 0.0444257 -0.04656246 0.997927 0.04442571 -0.06262977 0.9972779 0.03891259 -0.06262979 -0.9972779 0.0389126 -0.07626729 0.9965767 0.0319092 -0.07626728 -0.9965767 0.03190921 -0.08694753 0.995931 0.02370063 -0.08694753 -0.995931 0.02370062 -0.09429878 0.9954371 0.01458639 -0.09429877 -0.995437 0.01458639 -0.8810501 -0.4709499 0.04423821 -0.8810481 -0.4709538 0.04423538 -0.7724522 0.6338876 0.03878331 -0.7724525 0.6338873 0.03878304 -0.9558383 -0.2899445 0.04801319 -0.9558289 -0.289979 0.04799292 -0.09804382 -0.9951699 0.004917453 -0.2902478 -0.9568406 0.01456993 -0.2902433 -0.9568422 0.01455738 -0.6340416 0.7726424 0.03185889 -0.6340687 0.7726212 0.03183534 -0.4712839 0.8816642 0.02365764 -0.4712615 0.8816755 0.02367966 -0.9939422 -0.09791923 0.04990645 -0.9939451 -0.09787959 0.04992735 -0.4712757 -0.881668 0.02368036 -0.4712607 -0.8816767 0.02365647 -0.290251 0.9568399 0.01455775 -0.290242 0.9568424 0.01456967 -0.9939415 0.09791537 0.04992718 -0.9939466 0.09787515 0.04990667 -0.9558401 0.2899419 0.04799347 -0.9558282 0.2899779 0.04801269 -0.6340486 -0.7726377 0.03183431 -0.634069 -0.7726199 0.03186026 -0.09804382 0.9951699 0.004917443 -0.8810501 0.4709501 0.04423548 -0.8810477 0.4709544 0.04423809 -0.7724517 -0.6338882 0.03878299 -0.7724519 -0.6338879 0.03878328 0.09147908 0.9287853 0.3591509 0.0914769 0.928785 0.3591525 0.2709166 0.893092 0.3591531 0.2709156 0.893092 0.3591538 0.4399412 0.8230798 0.3591537 0.4399393 0.8230802 0.359155 0.5920677 0.7214314 0.3591556 0.5920648 0.7214326 0.3591577 0.7214341 0.5920632 0.3591575 0.7214293 0.5920666 0.3591615 0.8230717 0.4399495 0.3591623 0.823081 0.4399395 0.3591531 0.8930942 0.2709095 0.3591529 0.8930904 0.2709156 0.3591577 0.9287819 0.09148243 0.3591592 0.9287828 0.09147996 0.3591574 0.9287829 -0.09147875 0.3591574 0.9287822 -0.09147438 0.3591605 0.8930916 -0.2709053 0.3591626 0.8930913 -0.2709158 0.3591555 0.8230737 -0.4399504 0.3591565 0.8230765 -0.4399384 0.3591648 0.7214344 -0.5920583 0.3591647 0.7214332 -0.5920611 0.3591626 0.5920693 -0.7214256 0.3591641 0.5920619 -0.721436 0.3591555 0.4399404 -0.8230797 0.3591548 0.4399467 -0.8230739 0.3591606 0.2709158 -0.8930888 0.3591615 0.2709148 -0.8930895 0.3591607 0.09147809 -0.9287817 0.3591603 0.09147618 -0.9287825 0.359159 -0.09147932 -0.9287822 0.3591588 -0.09147745 -0.928782 0.3591601 -0.270916 -0.8930893 0.3591601 -0.2709139 -0.8930894 0.3591614 -0.4399488 -0.8230727 0.3591605 -0.4399526 -0.8230719 0.3591579 -0.5920643 -0.7214341 0.3591557 -0.5920612 -0.7214355 0.3591579 -0.7214366 -0.59206 0.3591577 -0.7214352 -0.5920609 0.3591588 -0.8230779 -0.4399412 0.3591582 -0.8230763 -0.4399429 0.3591597 -0.8930892 -0.270916 0.3591605 -0.8930897 -0.2709152 0.3591599 -0.928782 -0.09147862 0.3591598 -0.9287831 -0.09147552 0.3591576 -0.9287825 0.09148251 0.3591573 -0.928782 0.09147993 0.3591591 -0.8930893 0.2709194 0.3591576 -0.8930892 0.2709223 0.3591557 -0.8230783 0.4399416 0.3591567 -0.8230779 0.4399437 0.3591553 -0.7214338 0.5920645 0.3591557 -0.7214319 0.5920687 0.3591526 -0.5920602 0.7214397 0.3591513 -0.592064 0.7214343 0.3591557 -0.4399421 0.8230788 0.3591551 -0.4399396 0.823081 0.3591529 -0.09147903 0.9287848 0.3591523 -0.09147722 0.9287856 0.359151 -0.2709166 0.8930919 0.3591532 -0.2709157 0.8930924 0.3591526 -0.2830586 0.9331223 0.2217216 -0.2830559 0.9331236 0.2217197 -0.09557738 0.9704152 0.2217191 -0.09557324 0.9704162 0.2217163 -0.4596593 0.8599744 0.2217143 -0.4596693 0.859967 0.2217223 -0.6186032 0.7537698 0.2217234 -0.6185943 0.7537795 0.2217149 -0.7537681 0.6186066 0.2217195 -0.7537712 0.6186016 0.2217233 -0.85997 0.4596629 0.2217243 -0.8599679 0.4596687 0.2217204 -0.9331207 0.2830659 0.2217195 -0.933122 0.2830569 0.2217254 -0.9704139 0.09557848 0.221724 -0.9704142 0.09558536 0.2217195 -0.9704152 -0.09557585 0.2217198 -0.9704136 -0.09558199 0.2217239 -0.9331225 -0.283059 0.2217208 -0.9331219 -0.2830601 0.2217215 -0.8599697 -0.4596647 0.2217219 -0.8599701 -0.4596641 0.2217214 -0.753773 -0.6185996 0.2217221 -0.7537726 -0.6186 0.2217224 -0.6185985 -0.7537717 0.2217302 -0.6186064 -0.7537668 0.2217242 -0.4596731 -0.8599653 0.2217214 -0.45966 -0.85997 0.2217303 -0.2830575 -0.9331214 0.2217268 -0.283066 -0.9331203 0.2217212 -0.09557789 -0.9704142 0.2217232 -0.09557283 -0.9704139 0.2217264 0.09557649 -0.9704137 0.2217263 0.09557191 -0.9704148 0.2217233 0.2830586 -0.9331225 0.2217211 0.2830657 -0.9331191 0.2217261 0.4596669 -0.8599673 0.2217264 0.4596609 -0.8599717 0.2217216 0.6185995 -0.7537726 0.2217242 0.6186001 -0.7537719 0.2217247 0.7537721 -0.6186008 0.2217224 0.7537736 -0.6185982 0.2217243 0.8599717 -0.4596611 0.2217215 0.8599718 -0.4596606 0.2217217 0.9331213 -0.2830586 0.2217259 0.9331202 -0.2830664 0.2217209 0.9704141 -0.09557462 0.2217248 0.970414 -0.09557293 0.2217259 0.9704136 0.09557848 0.2217255 0.9704143 0.09557524 0.2217233 0.9331228 0.2830592 0.221719 0.9331195 0.2830662 0.221724 0.8599734 0.4596586 0.2217201 0.8599747 0.4596566 0.2217186 0.753768 0.6186064 0.2217202 0.7537688 0.6186059 0.2217196 0.6186059 0.7537704 0.2217135 0.6185988 0.7537746 0.2217188 0.4596586 0.859973 0.2217218 0.4596703 0.8599687 0.2217138 0.2830588 0.9331229 0.2217191 0.2830558 0.9331234 0.221721 0.09557717 0.9704158 0.2217163 0.09557317 0.9704157 0.2217188 0.09741354 0.9891018 0.1104001 0.09741747 0.9891017 0.1103978 0.2885066 0.9510922 0.1103974 0.2885153 0.9510902 0.1103922 0.4685214 0.8765279 0.1103922 0.4685161 0.8765303 0.1103957 0.6305118 0.7682887 0.1103968 0.6305147 0.7682865 0.1103947 0.7682837 0.630518 0.1103955 0.7682826 0.6305193 0.1103965 0.8765346 0.4685078 0.1103972 0.8765334 0.4685096 0.1103984 0.9510888 0.2885173 0.1103989 0.9510899 0.2885145 0.1103971 0.989102 0.09741458 0.1103975 0.9891014 0.09741854 0.1103999 0.9891018 -0.09741346 0.1103999 0.9891018 -0.09741631 0.1103983 0.9510887 -0.2885173 0.1103991 0.9510894 -0.2885145 0.1104008 0.8765318 -0.4685121 0.1104015 0.8765314 -0.4685128 0.110401 0.7682883 -0.6305114 0.1104014 0.7682871 -0.630513 0.1104002 0.6305127 -0.7682874 0.1104003 0.6305141 -0.768286 0.1104015 0.4685123 -0.8765317 0.110401 0.468516 -0.8765294 0.1104036 0.2885167 -0.9510883 0.1104044 0.2885059 -0.9510924 0.1103976 0.09741235 -0.9891022 0.1103979 0.0974163 -0.9891016 0.1104003 -0.09741333 -0.9891018 0.1104003 -0.09741729 -0.9891017 0.110398 -0.2885169 -0.9510891 0.1103975 -0.2885056 -0.9510917 0.1104043 -0.4685122 -0.8765314 0.1104036 -0.4685162 -0.8765297 0.1104011 -0.6305189 -0.7682822 0.1104015 -0.630519 -0.7682821 0.1104014 -0.768287 -0.6305131 0.1104014 -0.768287 -0.630513 0.1104014 -0.8765299 -0.4685155 0.1104011 -0.8765296 -0.4685161 0.1104014 -0.9510905 -0.2885108 0.1104007 -0.9510925 -0.2885055 0.1103974 -0.9891012 -0.09742266 0.1103977 -0.9891024 -0.09741494 0.1103931 -0.9891016 0.09742488 0.1103918 -0.9891019 0.09741505 0.1103975 -0.9510918 0.288508 0.1103972 -0.9510917 0.2885084 0.110397 -0.8765281 0.4685204 0.1103954 -0.8765295 0.4685175 0.1103974 -0.7682867 0.6305141 0.1103966 -0.7682868 0.6305141 0.1103966 -0.6305067 0.768293 0.1103955 -0.6305131 0.768287 0.1104007 -0.468521 0.8765271 0.1104005 -0.4685092 0.8765345 0.1103924 -0.09741355 0.9891021 0.1103977 -0.09741742 0.9891015 0.1104 -0.2885067 0.9510928 0.1103921 -0.2885151 0.9510896 0.1103973 -0.2881277 0.9498127 -0.1218127 -0.2881232 0.949814 -0.1218132 -0.0972866 0.9877737 -0.1218134 -0.09728897 0.9877735 -0.1218131 -0.4678799 0.8753572 -0.1218129 -0.4678839 0.875355 -0.1218123 -0.6296667 0.7672558 -0.1218127 -0.6296676 0.7672551 -0.1218126 -0.7672553 0.6296676 -0.1218113 -0.7672492 0.6296747 -0.1218124 -0.8753539 0.4678864 -0.1218111 -0.8753552 0.467884 -0.1218108 -0.949815 0.2881211 -0.1218105 -0.9498143 0.2881233 -0.1218107 -0.9877744 0.09728432 -0.1218092 -0.9877741 0.09728742 -0.1218096 -0.9877742 -0.09728668 -0.1218087 -0.9877741 -0.09728771 -0.1218086 -0.949816 -0.2881182 -0.121809 -0.9498135 -0.288127 -0.1218079 -0.8753538 -0.4678876 -0.1218074 -0.8753583 -0.4678786 -0.1218086 -0.7672549 -0.629669 -0.1218067 -0.7672549 -0.6296691 -0.1218067 -0.6296732 -0.7672514 -0.1218071 -0.6296681 -0.7672557 -0.1218063 -0.4678876 -0.8753539 -0.1218061 -0.4678932 -0.8753508 -0.1218069 -0.2881187 -0.949816 -0.1218067 -0.2881117 -0.9498184 -0.1218058 -0.09728658 -0.9877746 -0.1218063 -0.09728891 -0.9877743 -0.1218065 0.09728561 -0.9877747 -0.1218065 0.09728773 -0.9877744 -0.1218062 0.2881187 -0.9498162 -0.1218059 0.2881117 -0.9498183 -0.1218068 0.4678876 -0.8753538 -0.1218068 0.4678932 -0.8753509 -0.1218061 0.6296683 -0.7672554 -0.1218071 0.6296681 -0.7672556 -0.1218072 0.7672548 -0.6296689 -0.1218077 0.7672547 -0.629669 -0.1218077 0.8753555 -0.4678842 -0.1218073 0.8753504 -0.4678935 -0.1218086 0.9498132 -0.2881274 -0.1218096 0.949818 -0.2881123 -0.1218077 0.9877739 -0.09728817 -0.1218101 0.9877738 -0.09728893 -0.1218102 0.9877739 0.09728777 -0.1218108 0.987774 0.09728612 -0.121811 0.9498131 0.2881272 -0.1218099 0.9498165 0.2881156 -0.1218114 0.8753578 0.4678786 -0.1218125 0.8753502 0.4678933 -0.1218105 0.7672511 0.6296726 -0.1218124 0.7672551 0.6296675 -0.1218132 0.629668 0.7672549 -0.1218115 0.6296767 0.7672476 -0.1218128 0.467887 0.8753533 -0.1218123 0.4678827 0.8753558 -0.1218117 0.2881277 0.9498126 -0.1218132 0.2881233 0.9498141 -0.1218126 0.09728666 0.9877737 -0.1218131 0.09728903 0.9877734 -0.1218134 -0.09139895 -0.9278975 -0.3614588 -0.09139805 -0.9278978 -0.3614582 -0.2706697 -0.8922356 -0.3614605 -0.2706648 -0.8922385 -0.3614569 -0.4395287 -0.8222838 -0.3614745 -0.4395147 -0.8222966 -0.3614624 -0.5914746 -0.7207647 -0.3614638 -0.5914869 -0.7207479 -0.361477 -0.7207589 -0.5914729 -0.361478 -0.7207507 -0.5914904 -0.3614657 -0.8222886 -0.4395314 -0.3614604 -0.8222945 -0.4395074 -0.3614762 -0.8922358 -0.2706738 -0.3614567 -0.8922361 -0.2706679 -0.3614605 -0.9278942 -0.09138465 -0.3614711 -0.9278969 -0.09140352 -0.361459 -0.9278975 0.09138505 -0.3614623 -0.927893 0.09139737 -0.3614706 -0.8922371 0.2706648 -0.3614603 -0.8922353 0.2706678 -0.3614625 -0.8222829 0.4395284 -0.361477 -0.8222998 0.43951 -0.3614612 -0.7207561 0.5914819 -0.3614689 -0.7207455 0.5914897 -0.3614773 -0.5914849 0.7207521 -0.3614721 -0.5914907 0.7207493 -0.361468 -0.4395189 0.8222899 -0.3614725 -0.439522 0.8222892 -0.3614706 -0.270669 0.8922327 -0.3614678 -0.2706636 0.892233 -0.3614713 -0.09139704 0.9278934 -0.3614697 -0.09139605 0.9278933 -0.3614703 0.09139831 0.927893 -0.3614703 0.09139725 0.9278935 -0.3614697 0.2706689 0.8922322 -0.3614691 0.2706672 0.8922332 -0.3614679 0.439528 0.8222827 -0.3614779 0.4395174 0.8222924 -0.3614688 0.5914783 0.7207598 -0.3614675 0.5914882 0.7207463 -0.3614781 0.7207592 0.591473 -0.3614772 0.7207537 0.5914847 -0.361469 0.8222872 0.4395308 -0.3614644 0.8222906 0.4395168 -0.3614735 0.8922389 0.2706695 -0.3614523 0.8922396 0.2706536 -0.3614624 0.9278942 0.09138469 -0.3614711 0.9278981 0.09141079 -0.3614543 0.9278976 -0.09139799 -0.3614588 0.9278916 -0.09141471 -0.3614701 0.8922311 -0.2706715 -0.3614702 0.8922415 -0.2706542 -0.3614574 0.8222843 -0.439526 -0.3614768 0.8222919 -0.4395177 -0.3614697 0.7207572 -0.5914828 -0.3614654 0.7207425 -0.5914935 -0.361477 0.5914806 -0.7207555 -0.3614722 0.5914916 -0.7207504 -0.3614645 0.4395204 -0.8222936 -0.3614622 0.4395087 -0.8222966 -0.3614699 0.09139895 -0.9278977 -0.3614582 0.09139799 -0.9278976 -0.3614588 0.2706701 -0.892237 -0.3614566 0.2706644 -0.8922372 -0.3614603 0.2830983 -0.9332255 -0.2212362 0.2830851 -0.9332276 -0.2212446 0.09559676 -0.9705246 -0.2212308 0.09559254 -0.9705244 -0.2212335 0.4597019 -0.8600727 -0.2212443 0.4597079 -0.8600706 -0.2212402 0.6186643 -0.7538611 -0.2212415 0.6186794 -0.753852 -0.2212305 0.7538585 -0.6186709 -0.2212323 0.7538511 -0.6186776 -0.2212386 0.8600694 -0.4597099 -0.2212409 0.8600678 -0.459712 -0.2212425 0.9332274 -0.283087 -0.2212431 0.9332288 -0.2830839 -0.221241 0.9705206 -0.09561248 -0.2212419 0.9705221 -0.09560653 -0.2212381 0.9705218 0.09560986 -0.221238 0.9705215 0.09560409 -0.2212416 0.9332272 0.2830869 -0.2212439 0.9332275 0.2830845 -0.2212454 0.8600683 0.4597091 -0.2212463 0.8600684 0.459709 -0.2212465 0.7538639 0.6186594 -0.2212459 0.7538555 0.6186731 -0.2212357 0.6186647 0.7538616 -0.2212388 0.6186689 0.753857 -0.2212427 0.4597092 0.8600691 -0.2212437 0.4597124 0.8600666 -0.2212462 0.2831016 0.9332222 -0.2212459 0.2830955 0.933225 -0.2212417 0.09559619 0.9705225 -0.2212407 0.09559321 0.9705232 -0.2212388 -0.09559501 0.970523 -0.2212387 -0.0955909 0.9705229 -0.2212414 -0.2830984 0.9332237 -0.2212438 -0.2830985 0.9332237 -0.2212437 -0.4597144 0.8600665 -0.2212427 -0.4596961 0.8600731 -0.2212549 -0.6186624 0.7538587 -0.221255 -0.6186696 0.7538545 -0.2212497 -0.7538574 0.6186663 -0.2212486 -0.7538617 0.6186625 -0.221245 -0.860074 0.4596999 -0.2212434 -0.8600711 0.4597038 -0.2212464 -0.9332223 0.2831016 -0.2212457 -0.9332238 0.2830983 -0.2212435 -0.9705223 0.09559634 -0.2212414 -0.9705231 0.09559283 -0.2212391 -0.9705229 -0.09560043 -0.2212374 -0.9705225 -0.09559271 -0.2212423 -0.9332229 -0.2831016 -0.2212429 -0.9332235 -0.2830974 -0.2212456 -0.8600733 -0.4596998 -0.2212464 -0.8600687 -0.4597125 -0.221238 -0.7538625 -0.6186639 -0.221238 -0.7538629 -0.6186633 -0.2212386 -0.6186633 -0.7538633 -0.2212373 -0.6186703 -0.7538556 -0.2212439 -0.4597068 -0.8600701 -0.2212445 -0.4596977 -0.8600768 -0.2212374 -0.2830983 -0.9332253 -0.2212374 -0.2830966 -0.933226 -0.2212363 -0.09559672 -0.9705241 -0.2212336 -0.09559262 -0.9705251 -0.221231 -0.09737997 -0.9886715 -0.114218 -0.09737105 -0.988673 -0.1142127 -0.2883911 -0.9506748 -0.1142284 -0.2883716 -0.9506822 -0.1142162 -0.4682936 -0.8761594 -0.1142183 -0.4683052 -0.8761522 -0.1142263 -0.6302406 -0.7679541 -0.114207 -0.6302544 -0.7679412 -0.114218 -0.7679591 -0.6302313 -0.1142249 -0.7679413 -0.6302562 -0.114207 -0.8761507 -0.4683084 -0.1142245 -0.8761515 -0.4683064 -0.1142257 -0.9506764 -0.2883904 -0.1142161 -0.9506808 -0.2883711 -0.1142277 -0.988672 -0.09738037 -0.1142135 -0.9886723 -0.09737251 -0.1142181 -0.9886705 0.0973803 -0.1142263 -0.9886741 0.09735908 -0.1142137 -0.9506741 0.288392 -0.114232 -0.9506781 0.2883815 -0.1142254 -0.8761538 0.4683017 -0.1142282 -0.8761511 0.468306 -0.1142311 -0.7679605 0.6302328 -0.1142067 -0.7679355 0.6302595 -0.1142281 -0.6302395 0.7679526 -0.1142243 -0.6302631 0.7679356 -0.1142073 -0.4682934 0.8761583 -0.1142271 -0.4682964 0.876157 -0.1142252 -0.2883925 0.950675 -0.1142223 -0.2883815 0.9506776 -0.1142289 -0.09737846 0.9886715 -0.1142196 -0.09737008 0.9886718 -0.1142245 0.09738068 0.9886706 -0.1142253 0.09737124 0.9886723 -0.1142197 0.288389 0.9506752 -0.114229 0.2883817 0.9506782 -0.1142244 0.468309 0.8761497 -0.1142296 0.4683051 0.8761521 -0.114227 0.6302387 0.7679549 -0.1142123 0.6302603 0.7679346 -0.1142296 0.7679504 0.6302405 -0.1142329 0.7679312 0.6302673 -0.1142137 0.8761511 0.4683069 -0.1142271 0.8761542 0.4683 -0.1142315 0.950679 0.2883783 -0.1142255 0.9506791 0.2883775 -0.1142259 0.9886708 0.09739193 -0.114214 0.9886714 0.09737116 -0.1142262 0.9886693 -0.09739422 -0.1142257 0.9886729 -0.09737256 -0.1142128 0.9506801 -0.2883761 -0.1142218 0.9506783 -0.2883808 -0.1142247 0.8761508 -0.4683084 -0.1142232 0.8761532 -0.4683045 -0.1142205 0.7679481 -0.6302469 -0.1142126 0.7679351 -0.6302608 -0.1142238 0.6302471 -0.7679471 -0.1142181 0.6302534 -0.7679427 -0.1142136 0.4683039 -0.8761528 -0.1142264 0.4683162 -0.8761473 -0.1142185 0.09738003 -0.9886721 -0.1142126 0.097371 -0.9886724 -0.1142179 0.2883804 -0.9506795 -0.1142161 0.288365 -0.950683 -0.1142252 0.2880678 -0.9497031 0.1228047 0.2880913 -0.9496956 0.1228074 0.09727059 -0.9876527 0.1228036 0.09727828 -0.9876518 0.1228045 0.467833 -0.8752433 0.1228069 0.4678236 -0.8752484 0.1228057 0.6296052 -0.7671481 0.1228051 0.6295892 -0.7671616 0.1228029 0.7671435 -0.6296112 0.1228026 0.7671639 -0.6295857 0.1228061 0.8752496 -0.4678215 0.1228054 0.8752364 -0.4678471 0.1228023 0.9496986 -0.2880836 0.1228022 0.9497007 -0.2880763 0.122803 0.987653 -0.09726934 0.1228021 0.9876519 -0.09728075 0.1228009 0.987653 0.09727085 0.1228004 0.9876518 0.09728115 0.1228016 0.9496997 0.2880805 0.1228009 0.949697 0.2880893 0.1228019 0.8752521 0.4678179 0.1228012 0.8752494 0.4678228 0.1228019 0.7671373 0.6296192 0.1228009 0.767155 0.6295983 0.122798 0.6296116 0.767144 0.1227978 0.6295981 0.7671548 0.1227996 0.4678228 0.8752498 0.1227994 0.4678459 0.8752378 0.1227965 0.2880847 0.949699 0.1227969 0.2880649 0.9497048 0.1227991 0.09727094 0.9876533 0.1227985 0.09727824 0.9876526 0.1227977 -0.09726974 0.9876534 0.1227978 -0.09727671 0.9876527 0.1227986 -0.2880845 0.9496987 0.1227988 -0.288065 0.9497051 0.1227966 -0.4678141 0.8752547 0.122797 -0.4678456 0.8752373 0.1228009 -0.6296125 0.7671428 0.1228005 -0.6295981 0.7671549 0.1227984 -0.767143 0.6296126 0.1227992 -0.7671546 0.629598 0.1228012 -0.8752489 0.4678237 0.1228019 -0.875238 0.4678447 0.1227993 -0.9496986 0.2880843 0.1228005 -0.9497001 0.2880796 0.122801 -0.9876541 0.09725858 0.1228011 -0.9876536 0.09726533 0.1228004 -0.987653 -0.09726943 0.1228011 -0.9876519 -0.09727934 0.1228022 -0.9497014 -0.2880741 0.1228031 -0.9497035 -0.2880675 0.1228023 -0.8752487 -0.4678238 0.1228029 -0.8752408 -0.4678382 0.1228047 -0.7671482 -0.6296052 0.1228047 -0.7671555 -0.6295964 0.1228034 -0.6296066 -0.7671471 0.122804 -0.6295977 -0.7671543 0.1228053 -0.4678226 -0.875249 0.1228057 -0.4678451 -0.8752373 0.122803 -0.288074 -0.9497014 0.1228037 -0.2880645 -0.9497041 0.1228048 -0.09727051 -0.9876526 0.1228044 -0.09727821 -0.9876518 0.1228035 -0.02224272 -0.2258299 -0.9739127 -0.02224304 -0.2258302 -0.9739127 -0.05782573 -0.5871037 0.8074438 -0.05782987 -0.5870986 0.8074471 -0.06587418 -0.2171578 -0.9739112 -0.06586679 -0.2171526 -0.9739129 -0.1712513 -0.5645396 0.8074453 -0.1712565 -0.5645299 0.8074511 -0.1069701 -0.200129 -0.9739127 -0.1069778 -0.2001324 -0.9739111 -0.2780913 -0.5202771 0.807451 -0.2780943 -0.5202672 0.8074562 -0.1439402 -0.1754086 -0.9739164 -0.1439602 -0.1754131 -0.9739125 -0.3742583 -0.4560118 0.8074552 -0.3742534 -0.4560612 0.8074297 -0.1754165 -0.14396 -0.9739119 -0.1753889 -0.1439593 -0.9739171 -0.4560472 -0.3742667 0.8074314 -0.4560448 -0.3742418 0.8074443 -0.20013 -0.1069737 -0.9739121 -0.2001289 -0.1069739 -0.9739122 -0.520283 -0.2781025 0.8074431 -0.5202832 -0.278103 0.807443 -0.217151 -0.0658702 -0.973913 -0.2171557 -0.06586844 -0.9739121 -0.5645444 -0.1712478 0.8074428 -0.5645449 -0.1712486 0.8074424 -0.2258131 -0.02225309 -0.9739164 -0.2258289 -0.02224315 -0.973913 -0.5871073 -0.05781414 0.8074419 -0.5871143 -0.0578226 0.8074363 -0.2258343 0.02224312 -0.9739117 -0.2258133 0.02222324 -0.9739171 -0.5871141 0.0578267 0.807436 -0.5871186 0.05782305 0.8074331 -0.2171553 0.06587064 -0.973912 -0.217156 0.06587154 -0.9739118 -0.5645588 0.17125 0.8074322 -0.5645446 0.1712576 0.8074405 -0.200128 0.1069727 -0.9739125 -0.2001296 0.1069761 -0.9739118 -0.5202879 0.278105 0.8074392 -0.5202874 0.2781052 0.8074396 -0.1754082 0.1439368 -0.9739169 -0.1754136 0.1439606 -0.9739124 -0.4560334 0.3742684 0.8074384 -0.4560647 0.3742653 0.8074222 -0.1439475 0.1754012 -0.9739166 -0.1439474 0.1753976 -0.9739173 -0.3742797 0.4560529 0.8074221 -0.3742351 0.4560486 0.8074452 -0.1069658 0.2001152 -0.9739159 -0.1069665 0.200111 -0.9739166 -0.2780958 0.5202864 0.8074433 -0.2780963 0.5202866 0.8074431 -0.06586457 0.2171359 -0.9739168 -0.06586301 0.21714 -0.973916 -0.1712524 0.5645428 0.8074428 -0.1712621 0.5645481 0.8074372 -0.02224077 0.2258134 -0.9739166 -0.02224098 0.2258131 -0.9739167 -0.05782599 0.58711 0.8074391 -0.05783043 0.5871137 0.8074362 0.02224101 0.2258131 -0.9739168 0.02224133 0.2258134 -0.9739166 0.05782707 0.5871139 0.8074363 0.0578308 0.5871093 0.8074394 0.06586549 0.2171389 -0.973916 0.06586193 0.2171364 -0.9739168 0.1712545 0.5645499 0.8074375 0.1712597 0.5645401 0.8074432 0.1069643 0.2001125 -0.9739166 0.1069682 0.2001142 -0.9739159 0.2781021 0.5202839 0.8074428 0.2781025 0.5202827 0.8074434 0.1439458 0.1753992 -0.9739172 0.1439494 0.1754 -0.9739165 0.3742563 0.4560338 0.8074437 0.3742518 0.4560789 0.8074204 0.175422 0.1439481 -0.9739127 0.1753976 0.1439475 -0.9739172 0.4560495 0.3742816 0.8074232 0.4560456 0.3742425 0.8074435 0.2001307 0.1069697 -0.9739123 0.2001299 0.1069699 -0.9739125 0.5202876 0.2780976 0.807442 0.5202903 0.2781067 0.8074371 0.217151 0.065873 -0.9739128 0.2171518 0.06587268 -0.9739127 0.564551 0.1712549 0.8074367 0.5645556 0.1712636 0.8074315 0.2258132 0.02224075 -0.9739167 0.2258322 0.02222878 -0.9739126 0.5871179 0.05782707 0.8074332 0.5871143 0.05782263 0.8074363 0.2258267 -0.02225471 -0.9739133 0.2258132 -0.02224194 -0.9739166 0.5871146 -0.05781485 0.8074366 0.5870972 -0.05782913 0.8074482 0.2171538 -0.06587292 -0.9739122 0.2171512 -0.06586931 -0.973913 0.5645364 -0.1712526 0.8074474 0.5645449 -0.171248 0.8074424 0.2001252 -0.1069685 -0.9739136 0.2001288 -0.1069765 -0.9739119 0.5202879 -0.2780979 0.8074417 0.5202813 -0.2780999 0.8074452 0.1753997 -0.143949 -0.9739167 0.1754039 -0.1439676 -0.9739131 0.4560333 -0.3742563 0.8074439 0.4560516 -0.3742546 0.8074346 0.1439475 -0.1754217 -0.973913 0.1439469 -0.175401 -0.9739167 0.3742701 -0.4560372 0.8074355 0.3742399 -0.4560343 0.8074512 0.10697 -0.200128 -0.9739128 0.1069698 -0.2001292 -0.9739126 0.2780926 -0.5202777 0.8074501 0.278091 -0.5202772 0.8074509 0.06587225 -0.2171515 -0.9739127 0.06587277 -0.2171502 -0.973913 0.1712492 -0.5645326 0.8074507 0.1712589 -0.5645378 0.807445 0.02224275 -0.2258303 -0.9739127 0.022243 -0.2258298 -0.9739128 0.05782531 -0.5870993 0.807447 0.05783036 -0.5871035 0.8074436 0.09563144 0.970916 -0.2194922 0.09562942 0.9709161 -0.2194922 0.2832001 0.9336063 -0.2194922 0.2832215 0.9335997 -0.2194931 0.4599026 0.8604142 -0.2194925 0.4598976 0.8604169 -0.2194922 0.6189196 0.754163 -0.2194924 0.6189359 0.7541493 -0.2194932 0.7541616 0.6189209 -0.2194927 0.7541444 0.6189422 -0.2194919 0.8604217 0.4598889 -0.2194921 0.8604153 0.4599009 -0.2194916 0.9336016 0.2832163 -0.2194919 0.9336034 0.2832101 -0.2194921 0.970916 0.09563112 -0.2194923 0.9709231 0.09555263 -0.219495 0.9709157 -0.09563109 -0.2194933 0.9709249 -0.09554472 -0.2194904 0.9336033 -0.2832106 -0.2194918 0.9335966 -0.2832317 -0.2194927 0.8604215 -0.4598892 -0.2194924 0.8604156 -0.4598999 -0.2194927 0.7541544 -0.6189298 -0.2194927 0.7541434 -0.6189431 -0.2194932 0.618919 -0.7541633 -0.2194927 0.6189353 -0.7541502 -0.2194919 0.4599031 -0.860414 -0.2194924 0.4598976 -0.8604169 -0.2194926 0.2831992 -0.9336066 -0.2194925 0.2832229 -0.9335995 -0.2194916 0.09563239 -0.9709159 -0.2194922 0.09563075 -0.970916 -0.2194922 -0.0956303 -0.9709161 -0.2194922 -0.09562187 -0.970917 -0.2194919 -0.2831977 -0.9336072 -0.2194923 -0.2832378 -0.9335945 -0.2194939 -0.4599031 -0.8604138 -0.219493 -0.4598656 -0.8604342 -0.2194916 -0.6189191 -0.7541632 -0.2194924 -0.6189359 -0.7541493 -0.219493 -0.7541729 -0.6189073 -0.2194924 -0.754191 -0.618885 -0.2194934 -0.8604143 -0.4599026 -0.2194924 -0.8603842 -0.4599597 -0.2194903 -0.9336066 -0.2831995 -0.2194915 -0.9336179 -0.2831616 -0.2194929 -0.970916 -0.09563113 -0.2194922 -0.9709169 -0.09562186 -0.2194925 -0.9709161 0.09562928 -0.2194923 -0.9709161 0.09562986 -0.2194923 -0.9336065 0.2831994 -0.2194926 -0.9336254 0.2831388 -0.2194903 -0.8604143 0.4599026 -0.2194921 -0.8603831 0.4599601 -0.2194942 -0.7541561 0.6189277 -0.2194928 -0.7541922 0.6188844 -0.2194907 -0.6189283 0.7541558 -0.2194923 -0.6189353 0.7541502 -0.2194919 -0.4599026 0.8604142 -0.2194924 -0.4598651 0.8604339 -0.2194938 -0.09563176 0.9709159 -0.2194921 -0.09562321 0.9709167 -0.2194924 -0.2831937 0.9336082 -0.2194927 -0.2832379 0.9335952 -0.2194912 0.09801587 0.9951849 -0 0.09801587 0.9951849 0 0.2902767 0.9569427 -0 0.2902767 0.9569427 0 0.4714021 0.8819184 -0 0.4714021 0.8819184 0 0.6343913 0.7730121 -0 0.6343913 0.7730121 0 0.7730119 0.6343915 -0 0.7730119 0.6343915 0 0.8819233 0.4713928 -0 0.8819233 0.4713928 0 0.9569407 0.2902839 -0 0.9569407 0.2902839 0 0.9951848 0.09801596 -0 0.9951848 0.09801596 0 0.995185 -0.09801444 0 0.995185 -0.09801444 0 0.9569407 -0.2902839 0 0.9569407 -0.2902839 0 0.8819198 -0.4713996 0 0.8819198 -0.4713996 0 0.7730116 -0.6343918 0 0.7730117 -0.6343918 0 0.6344018 -0.7730035 0 0.6344018 -0.7730035 0 0.4713819 -0.8819292 0 0.4713952 -0.8819221 1.478945e-06 0.2902968 -0.9569367 1.604741e-06 0.2902811 -0.9569414 0 0.09801511 -0.9951849 0 0.09801511 -0.9951849 0 -0.09801354 -0.9951851 0 -0.09801354 -0.9951851 -0 -0.2902968 -0.9569367 0 -0.2902968 -0.9569367 -0 -0.4713902 -0.8819246 0 -0.4713902 -0.8819246 -0 -0.6343998 -0.773005 0 -0.6343998 -0.773005 -0 -0.7730038 -0.6344014 0 -0.7730038 -0.6344014 -0 -0.8819265 -0.4713871 0 -0.8819265 -0.4713871 -0 -0.9569374 -0.2902941 0 -0.9569361 -0.2902986 4.581817e-07 -0.9951849 -0.09801602 1.546998e-07 -0.995185 -0.09801444 -0 -0.9951848 0.09801596 0 -0.9951848 0.09801596 0 -0.9569374 0.290294 0 -0.9569374 0.290294 0 -0.881918 0.4714029 0 -0.881918 0.4714029 0 -0.7730138 0.6343892 0 -0.7730138 0.6343892 0 -0.6343893 0.7730137 0 -0.6343893 0.7730137 0 -0.4714038 0.8819175 0 -0.4714038 0.8819175 0 -0.09801587 0.9951849 0 -0.09801587 0.9951849 0 -0.2902767 0.9569427 0 -0.2902767 0.9569427 0 0.9905058 -0.1287433 -0.04820154 0.2380064 0 -0.9712635 -0.9987961 0 -0.04905404 0.2558306 -0.9053481 -0.3389627 0.4226248 -0.8487668 -0.3177786 0.4226253 -0.8487666 -0.3177785 0.582137 -0.7614706 -0.2850949 0.5821298 -0.7614753 -0.2850971 0.7283638 -0.6416902 -0.2402494 0.7283638 -0.6416902 -0.2402494 0.8526857 -0.4892573 -0.1831784 0.8526888 -0.4892528 -0.1831764 0.9445324 -0.3075682 -0.1151537 0.9445311 -0.3075716 -0.1151551 0.9936852 -0.1050805 -0.03934222 0.9936854 -0.1050793 -0.03934173 0.9936852 0.1050807 0.03934226 0.9936852 0.1050807 0.03934226 0.944531 0.3075721 0.1151551 0.944531 0.3075721 0.1151551 0.8526886 0.4892531 0.1831766 0.8526886 0.4892531 0.1831766 0.7283637 0.6416904 0.2402492 0.7283637 0.6416904 0.2402492 0.5821288 0.761476 0.2850969 0.5821283 0.7614763 0.2850971 0.4226248 0.8487668 0.3177786 0.4226248 0.8487668 0.3177786 0.2558306 0.9053479 0.3389627 0.2558319 0.9053478 0.3389625 0.08560625 0.9330758 0.3493439 0.08560625 0.9330758 0.3493439 -0.08560625 0.9330758 0.3493439 -0.08560625 0.9330758 0.3493439 -0.2558312 0.9053479 0.3389626 -0.2558326 0.9053476 0.3389625 -0.4226248 0.8487668 0.3177786 -0.4226248 0.8487668 0.3177786 -0.5821294 0.7614757 0.2850968 -0.5821376 0.7614701 0.2850952 -0.7283643 0.6416898 0.2402494 -0.7283635 0.6416906 0.2402496 -0.8526889 0.4892526 0.1831766 -0.8526855 0.4892579 0.1831784 -0.9445324 0.3075682 0.1151537 -0.9445324 0.3075682 0.1151537 -0.9936891 0.1050486 0.03933024 -0.9936891 0.1050486 0.03933024 -0.993689 -0.1050487 -0.03933027 -0.993689 -0.1050487 -0.03933027 -0.944531 -0.3075718 -0.115155 -0.9445309 -0.3075721 -0.1151551 -0.8526736 -0.4892759 -0.1831851 -0.8526738 -0.4892755 -0.183185 -0.7283637 -0.6416904 -0.2402492 -0.7283633 -0.6416908 -0.2402493 -0.5821443 -0.7614657 -0.285093 -0.5821443 -0.7614657 -0.285093 -0.4226129 -0.848772 -0.3177806 -0.4226135 -0.8487717 -0.3177805 -0.08560625 -0.9330758 -0.349344 -0.08560625 -0.9330758 -0.349344 -0.2558394 -0.9053458 -0.3389618 -0.2558394 -0.9053458 -0.3389618 0.9905058 -0.1287433 -0.04820154 0.2380073 0 -0.9712633 -0.9987961 0 -0.04905412 0.2558316 -0.9053476 -0.3389631 0.4226159 -0.8487705 -0.3177805 0.4226248 -0.8487668 -0.3177786 0.582137 -0.7614706 -0.2850949 0.582137 -0.7614706 -0.2850949 0.7283634 -0.6416908 -0.2402493 0.7283634 -0.6416908 -0.2402493 0.8526888 -0.4892528 -0.1831764 0.8526857 -0.4892573 -0.1831784 0.9445311 -0.3075716 -0.1151551 0.9445324 -0.3075682 -0.1151537 0.9936852 -0.1050806 -0.03934222 0.9936852 -0.1050807 -0.03934226 0.9936852 0.1050807 0.03934226 0.9936852 0.1050807 0.03934226 0.944531 0.3075721 0.1151551 0.944531 0.3075721 0.1151551 0.8526888 0.4892528 0.1831764 0.852689 0.4892525 0.1831763 0.7283633 0.6416908 0.2402493 0.728363 0.6416911 0.2402494 0.582137 0.7614706 0.2850949 0.5821303 0.7614749 0.2850969 0.4226159 0.8487705 0.3177805 0.4226247 0.8487668 0.3177786 0.2558312 0.9053479 0.3389626 0.2558306 0.9053481 0.3389627 0.08561724 0.9330749 0.3493436 0.08560705 0.9330755 0.3493444 -0.08561666 0.9330747 0.3493441 -0.08560625 0.9330758 0.349344 -0.2558319 0.9053477 0.3389626 -0.2558312 0.9053479 0.3389626 -0.4226247 0.8487668 0.3177786 -0.4226247 0.8487668 0.3177786 -0.5821293 0.7614757 0.2850968 -0.5821298 0.7614753 0.2850967 -0.7283634 0.6416908 0.2402493 -0.728363 0.6416911 0.2402494 -0.8526888 0.4892528 0.1831764 -0.852689 0.4892524 0.1831763 -0.944531 0.3075721 0.1151551 -0.944531 0.3075721 0.1151551 -0.9936892 0.1050474 0.03932978 -0.9936892 0.1050474 0.03932978 -0.993689 -0.1050487 -0.03933027 -0.993689 -0.1050487 -0.03933027 -0.944531 -0.3075718 -0.115155 -0.944531 -0.3075718 -0.115155 -0.8526738 -0.4892755 -0.183185 -0.8526736 -0.4892759 -0.1831851 -0.7283633 -0.6416908 -0.2402493 -0.7283637 -0.6416904 -0.2402492 -0.5821443 -0.7614656 -0.285093 -0.5821443 -0.7614656 -0.285093 -0.4226129 -0.8487719 -0.3177806 -0.4226129 -0.8487719 -0.3177806 -0.08560556 -0.9330758 -0.349344 -0.08560625 -0.9330758 -0.349344 -0.2558394 -0.9053458 -0.3389618 -0.2558388 -0.905346 -0.3389619 0.09563144 0.970916 -0.2194922 0.09562942 0.9709161 -0.2194922 0.2832001 0.9336063 -0.2194922 0.2832215 0.9335997 -0.2194931 0.4599007 0.8604153 -0.2194926 0.4598897 0.8604212 -0.2194922 0.6189217 0.7541611 -0.2194923 0.6189452 0.7541416 -0.2194935 0.7541616 0.6189209 -0.2194927 0.7541444 0.6189422 -0.2194919 0.8604217 0.4598889 -0.2194921 0.8604153 0.4599009 -0.2194916 0.9336016 0.2832163 -0.2194919 0.9336244 0.2831386 -0.2194946 0.9709158 0.09563109 -0.2194933 0.9709158 0.09562985 -0.2194933 0.9709157 -0.09563109 -0.2194933 0.9709167 -0.09562185 -0.219493 0.933603 -0.2832108 -0.2194927 0.9336183 -0.2831618 -0.219491 0.8604215 -0.4598892 -0.2194924 0.8604156 -0.4598999 -0.2194927 0.7541544 -0.6189298 -0.2194927 0.7541434 -0.6189431 -0.2194932 0.6189211 -0.7541615 -0.2194927 0.6189447 -0.7541425 -0.2194916 0.4599012 -0.860415 -0.2194924 0.4598896 -0.860421 -0.2194929 0.2831992 -0.9336066 -0.2194925 0.2832229 -0.9335995 -0.2194916 0.09563239 -0.9709159 -0.2194922 0.09563075 -0.970916 -0.2194922 -0.0956303 -0.9709161 -0.2194922 -0.09562187 -0.970917 -0.2194919 -0.2831977 -0.9336072 -0.2194923 -0.2832378 -0.9335945 -0.2194939 -0.4599031 -0.8604138 -0.219493 -0.4598656 -0.8604342 -0.2194916 -0.6189191 -0.7541632 -0.2194924 -0.6189359 -0.7541493 -0.219493 -0.7541729 -0.6189073 -0.2194924 -0.754191 -0.618885 -0.2194934 -0.8604143 -0.4599026 -0.2194924 -0.8603842 -0.4599597 -0.2194903 -0.9336066 -0.2831995 -0.2194915 -0.9336179 -0.2831616 -0.2194929 -0.970916 -0.09563113 -0.2194922 -0.9709169 -0.09562186 -0.2194925 -0.9709161 0.09562928 -0.2194923 -0.9709161 0.09562986 -0.2194923 -0.9336065 0.2831994 -0.2194926 -0.9336254 0.2831388 -0.2194903 -0.8604143 0.4599026 -0.2194921 -0.8603831 0.4599601 -0.2194942 -0.754154 0.6189304 -0.2194927 -0.7541925 0.6188841 -0.2194907 -0.6189306 0.7541539 -0.2194922 -0.6189353 0.7541502 -0.2194919 -0.4599026 0.8604142 -0.2194924 -0.4598651 0.8604339 -0.2194938 -0.09563176 0.9709159 -0.2194921 -0.09562321 0.9709167 -0.2194924 -0.2831937 0.9336082 -0.2194927 -0.2832379 0.9335952 -0.2194912 0.09801586 0.9951848 -0 0.09801586 0.9951848 0 0.2902767 0.9569427 -0 0.2902767 0.9569427 0 0.4714021 0.8819184 -0 0.4714021 0.8819184 0 0.6343913 0.7730122 -0 0.6343913 0.7730122 0 0.7730119 0.6343916 -0 0.7730119 0.6343916 0 0.8819217 0.471396 -0 0.8819217 0.471396 0 0.9569417 0.2902802 -0 0.9569417 0.2902802 0 0.9951849 0.09801597 -0 0.9951849 0.09801597 0 0.995185 -0.09801445 0 0.995185 -0.09801445 0 0.9569417 -0.2902802 0 0.9569417 -0.2902802 0 0.8819181 -0.4714027 0 0.8819181 -0.4714027 0 0.7730117 -0.6343918 0 0.7730117 -0.6343918 0 0.6344018 -0.7730035 0 0.6344018 -0.7730035 0 0.4713819 -0.8819292 0 0.4713952 -0.8819221 1.478945e-06 0.2902968 -0.9569367 1.604741e-06 0.2902811 -0.9569414 0 0.09801511 -0.9951849 0 0.09801511 -0.9951849 0 -0.09801354 -0.9951851 0 -0.09801354 -0.9951851 -0 -0.290298 -0.9569363 0 -0.290298 -0.9569363 -0 -0.4713886 -0.8819256 0 -0.4713886 -0.8819256 -0 -0.6343998 -0.773005 0 -0.6343998 -0.773005 -0 -0.7730038 -0.6344014 0 -0.7730038 -0.6344014 -0 -0.8819265 -0.471387 0 -0.8819265 -0.471387 -0 -0.9569374 -0.2902941 0 -0.9569361 -0.2902986 4.581817e-07 -0.9951849 -0.09801603 1.546998e-07 -0.995185 -0.09801445 -0 -0.9951849 0.09801597 0 -0.9951849 0.09801597 0 -0.9569376 0.290294 0 -0.9569376 0.290294 0 -0.881918 0.4714029 0 -0.881918 0.4714029 0 -0.7730138 0.6343891 0 -0.7730138 0.6343891 0 -0.6343893 0.7730137 0 -0.6343893 0.7730137 0 -0.4714021 0.8819184 0 -0.4714021 0.8819184 0 -0.09801586 0.9951848 0 -0.09801586 0.9951848 0 -0.2902778 0.9569424 0 -0.2902778 0.9569424 0 0.09147416 0.9287857 0.3591511 0.09147245 0.9287854 0.3591523 0.2709166 0.893092 0.3591531 0.2709156 0.893092 0.3591538 0.4399412 0.8230798 0.3591537 0.4399393 0.8230802 0.359155 0.5920711 0.7214286 0.3591554 0.5920678 0.7214301 0.3591578 0.7214341 0.5920632 0.3591575 0.7214293 0.5920666 0.3591615 0.8230717 0.4399495 0.3591623 0.823081 0.4399395 0.3591531 0.8930929 0.2709137 0.359153 0.8930893 0.2709194 0.3591576 0.9287823 0.09147748 0.359159 0.9287831 0.09147549 0.3591576 0.9287829 -0.09147875 0.3591574 0.9287822 -0.09147438 0.3591605 0.8930916 -0.2709053 0.3591626 0.8930913 -0.2709158 0.3591555 0.8230757 -0.4399465 0.3591566 0.8230774 -0.439939 0.3591619 0.7214326 -0.5920625 0.3591616 0.7214332 -0.5920611 0.3591626 0.5920693 -0.7214256 0.3591641 0.5920619 -0.721436 0.3591555 0.4399404 -0.8230797 0.3591548 0.4399467 -0.8230739 0.3591606 0.2709158 -0.8930888 0.3591615 0.2709148 -0.8930895 0.3591607 0.09147809 -0.9287817 0.3591603 0.09147618 -0.9287825 0.359159 -0.09147932 -0.9287822 0.3591588 -0.09147745 -0.928782 0.3591601 -0.270916 -0.8930893 0.3591601 -0.2709139 -0.8930894 0.3591614 -0.43995 -0.8230721 0.3591604 -0.4399525 -0.8230715 0.3591588 -0.5920626 -0.7214349 0.3591569 -0.5920612 -0.7214355 0.3591579 -0.7214337 -0.5920634 0.3591579 -0.7214361 -0.5920617 0.3591559 -0.8230822 -0.4399357 0.359155 -0.8230758 -0.4399426 0.3591613 -0.8930886 -0.2709157 0.3591623 -0.8930889 -0.2709151 0.3591617 -0.9287813 -0.0914786 0.3591617 -0.9287824 -0.0914755 0.3591594 -0.9287822 0.09147747 0.3591594 -0.9287819 0.09147536 0.3591608 -0.8930875 0.2709235 0.3591593 -0.8930874 0.2709258 0.3591576 -0.8230789 0.4399391 0.3591585 -0.8230779 0.4399437 0.3591553 -0.7214338 0.5920645 0.3591557 -0.7214319 0.5920687 0.3591526 -0.5920635 0.7214367 0.3591514 -0.5920671 0.7214317 0.3591555 -0.4399421 0.8230788 0.3591551 -0.4399396 0.823081 0.3591529 -0.09147414 0.9287853 0.3591522 -0.09147274 0.9287859 0.3591512 -0.2709166 0.8930919 0.3591532 -0.2709157 0.8930924 0.3591526 -0.2830587 0.9331226 0.2217201 -0.2830554 0.9331242 0.2217177 -0.09557466 0.9704159 0.2217173 -0.09557348 0.9704162 0.2217165 -0.4596593 0.8599744 0.2217143 -0.4596674 0.8599684 0.2217208 -0.6186051 0.7537681 0.2217232 -0.6185964 0.7537779 0.2217149 -0.7537681 0.6186066 0.2217194 -0.7537712 0.6186016 0.2217231 -0.85997 0.4596629 0.2217241 -0.8599679 0.4596688 0.2217202 -0.93312 0.2830683 0.2217193 -0.9331214 0.2830592 0.2217253 -0.9704142 0.09557573 0.221724 -0.9704145 0.09558309 0.2217193 -0.9704152 -0.09557585 0.2217198 -0.9704136 -0.09558199 0.2217239 -0.9331225 -0.283059 0.2217208 -0.9331219 -0.2830601 0.2217215 -0.8599693 -0.4596645 0.2217236 -0.8599713 -0.4596618 0.2217214 -0.753773 -0.6185996 0.2217223 -0.7537709 -0.6186016 0.2217241 -0.6185985 -0.7537716 0.2217304 -0.6186064 -0.7537668 0.2217244 -0.459673 -0.8599653 0.2217216 -0.45966 -0.8599699 0.2217305 -0.2830574 -0.9331214 0.221727 -0.283066 -0.9331202 0.2217214 -0.09557782 -0.9704138 0.2217249 -0.09557511 -0.9704137 0.2217266 0.09557647 -0.9704136 0.2217265 0.09557417 -0.9704142 0.221725 0.2830586 -0.9331225 0.2217212 0.2830656 -0.9331191 0.2217263 0.4596668 -0.8599674 0.2217266 0.4596609 -0.8599716 0.2217218 0.6185995 -0.7537726 0.2217244 0.6186001 -0.7537719 0.221725 0.7537718 -0.6186005 0.2217242 0.753772 -0.6185999 0.2217246 0.8599717 -0.4596611 0.2217215 0.8599728 -0.4596582 0.2217235 0.9331213 -0.2830586 0.2217259 0.9331202 -0.2830664 0.2217209 0.9704141 -0.09557462 0.2217248 0.970414 -0.09557293 0.2217259 0.9704139 0.09557572 0.2217252 0.9704146 0.09557293 0.2217234 0.9331221 0.2830616 0.2217188 0.9331189 0.2830685 0.2217237 0.8599735 0.4596587 0.22172 0.8599748 0.4596567 0.2217184 0.753768 0.6186064 0.22172 0.7537688 0.6186059 0.2217194 0.6186078 0.7537689 0.2217135 0.6186009 0.753773 0.2217187 0.4596587 0.8599733 0.2217202 0.4596682 0.8599698 0.2217137 0.2830589 0.9331233 0.2217176 0.2830559 0.9331236 0.2217195 0.09557442 0.9704161 0.2217165 0.0955732 0.970416 0.2217173 0.09741352 0.9891018 0.1104 0.09741744 0.9891017 0.1103977 0.2885066 0.9510922 0.1103973 0.2885153 0.9510902 0.1103921 0.4685204 0.8765285 0.1103922 0.4685162 0.8765304 0.1103949 0.6305128 0.7682879 0.1103961 0.6305147 0.7682865 0.1103947 0.7682837 0.630518 0.1103955 0.7682818 0.6305201 0.1103972 0.8765345 0.4685078 0.110398 0.8765339 0.4685086 0.1103985 0.9510884 0.2885184 0.110399 0.9510899 0.2885146 0.1103966 0.9891022 0.09741343 0.1103969 0.9891012 0.09741963 0.1104006 0.9891018 -0.09741345 0.1104007 0.9891016 -0.09741754 0.1103983 0.9510887 -0.2885173 0.1103991 0.9510894 -0.2885145 0.1104008 0.8765324 -0.4685109 0.1104015 0.8765315 -0.4685128 0.1104003 0.7682875 -0.6305124 0.1104006 0.7682872 -0.6305129 0.1104002 0.6305127 -0.7682874 0.1104003 0.6305141 -0.768286 0.1104015 0.4685123 -0.8765317 0.110401 0.468516 -0.8765294 0.1104036 0.2885167 -0.9510883 0.1104044 0.2885059 -0.9510924 0.1103976 0.09741348 -0.9891021 0.1103979 0.0974163 -0.9891016 0.1103996 -0.09741447 -0.9891018 0.1103996 -0.09741729 -0.9891017 0.110398 -0.2885169 -0.9510891 0.1103975 -0.2885056 -0.9510917 0.1104043 -0.4685122 -0.8765314 0.1104036 -0.4685162 -0.8765297 0.1104011 -0.6305189 -0.7682822 0.1104015 -0.630519 -0.7682821 0.1104014 -0.7682862 -0.6305139 0.1104014 -0.7682872 -0.630513 0.1104006 -0.8765306 -0.4685144 0.1104003 -0.8765296 -0.4685161 0.1104014 -0.9510905 -0.2885108 0.1104007 -0.9510925 -0.2885055 0.1103974 -0.9891012 -0.09742266 0.1103977 -0.9891022 -0.09741617 0.1103939 -0.9891017 0.09742373 0.1103925 -0.9891019 0.09741617 0.110397 -0.9510915 0.2885091 0.1103966 -0.9510917 0.2885084 0.1103971 -0.8765281 0.4685204 0.1103955 -0.8765299 0.4685164 0.1103981 -0.7682866 0.6305141 0.1103973 -0.768286 0.630515 0.1103966 -0.6305077 0.7682922 0.1103956 -0.6305131 0.7682871 0.1103999 -0.46852 0.8765278 0.1103998 -0.4685092 0.8765344 0.1103923 -0.09741381 0.9891021 0.1103978 -0.09741743 0.9891015 0.1104 -0.288506 0.951093 0.110392 -0.2885151 0.9510896 0.1103977 -0.2881277 0.9498126 -0.1218128 -0.2881232 0.949814 -0.1218134 -0.09728669 0.9877737 -0.1218136 -0.0972905 0.9877733 -0.1218131 -0.4678798 0.8753571 -0.1218131 -0.4678839 0.875355 -0.1218125 -0.6296667 0.7672558 -0.1218127 -0.6296663 0.7672561 -0.1218127 -0.7672563 0.6296666 -0.1218111 -0.7672493 0.6296748 -0.1218124 -0.8753533 0.4678875 -0.1218114 -0.8753564 0.4678816 -0.1218106 -0.9498149 0.288121 -0.1218109 -0.9498147 0.2881217 -0.121811 -0.9877746 0.09728309 -0.1218094 -0.9877738 0.09728899 -0.1218101 -0.9877743 -0.09728535 -0.1218091 -0.9877741 -0.09728764 -0.1218088 -0.949816 -0.2881182 -0.1218093 -0.9498135 -0.288127 -0.1218082 -0.8753537 -0.4678876 -0.1218075 -0.8753588 -0.4678776 -0.1218089 -0.7672549 -0.6296691 -0.1218067 -0.7672558 -0.6296679 -0.1218069 -0.6296732 -0.7672514 -0.1218073 -0.6296667 -0.7672569 -0.1218062 -0.4678877 -0.8753539 -0.1218061 -0.4678944 -0.8753501 -0.1218071 -0.2881187 -0.9498162 -0.1218067 -0.2881117 -0.9498184 -0.1218058 -0.09728663 -0.9877746 -0.1218062 -0.0972889 -0.9877743 -0.1218065 0.09728566 -0.9877747 -0.1218065 0.09728771 -0.9877744 -0.1218062 0.2881187 -0.9498162 -0.1218059 0.2881117 -0.9498183 -0.1218068 0.4678876 -0.8753538 -0.1218068 0.4678932 -0.875351 -0.1218061 0.6296682 -0.7672554 -0.1218071 0.6296681 -0.7672555 -0.1218071 0.7672547 -0.629669 -0.1218079 0.7672557 -0.6296678 -0.1218077 0.8753555 -0.4678842 -0.1218074 0.8753496 -0.4678948 -0.1218088 0.9498132 -0.2881274 -0.1218096 0.949818 -0.2881123 -0.1218077 0.987774 -0.09728677 -0.12181 0.9877738 -0.09728894 -0.1218102 0.987774 0.09728656 -0.1218109 0.9877738 0.09728771 -0.1218108 0.9498131 0.2881272 -0.1218099 0.949817 0.2881141 -0.1218115 0.8753573 0.4678796 -0.1218124 0.8753502 0.4678933 -0.1218105 0.7672519 0.6296716 -0.1218124 0.7672551 0.6296675 -0.121813 0.6296681 0.7672549 -0.1218116 0.6296755 0.7672486 -0.1218128 0.467887 0.8753533 -0.1218125 0.4678828 0.8753557 -0.1218119 0.2881277 0.9498126 -0.1218134 0.2881233 0.9498141 -0.1218128 0.09728666 0.9877737 -0.1218131 0.0972906 0.9877732 -0.1218136 -0.09139895 -0.9278974 -0.361459 -0.09139776 -0.9278979 -0.3614582 -0.2706693 -0.8922343 -0.3614636 -0.2706611 -0.8922393 -0.3614576 -0.4395294 -0.8222851 -0.3614707 -0.4395231 -0.8222909 -0.3614652 -0.5914746 -0.7207647 -0.3614638 -0.5914825 -0.7207541 -0.3614721 -0.7207584 -0.5914725 -0.3614796 -0.7207492 -0.5914922 -0.3614658 -0.8222886 -0.4395314 -0.3614604 -0.8222951 -0.4395048 -0.3614779 -0.8922345 -0.2706735 -0.3614602 -0.8922346 -0.2706728 -0.3614607 -0.927894 -0.09138464 -0.3614715 -0.9278961 -0.09139886 -0.3614624 -0.9278974 0.09138506 -0.3614627 -0.9278929 0.09139738 -0.3614711 -0.8922369 0.2706648 -0.3614607 -0.8922352 0.2706677 -0.3614629 -0.8222851 0.4395232 -0.3614786 -0.8223028 0.4395036 -0.3614617 -0.7207572 0.5914828 -0.3614654 -0.7207404 0.5914952 -0.3614786 -0.5914805 0.7207556 -0.3614723 -0.5914916 0.7207504 -0.3614645 -0.4395189 0.8222899 -0.3614725 -0.439522 0.8222892 -0.3614706 -0.270669 0.8922325 -0.3614684 -0.2706644 0.8922327 -0.3614714 -0.09139704 0.9278934 -0.3614697 -0.09139575 0.9278933 -0.3614705 0.09139831 0.927893 -0.3614703 0.09139725 0.9278935 -0.3614697 0.2706689 0.8922322 -0.3614691 0.2706672 0.8922332 -0.3614679 0.439528 0.8222827 -0.3614779 0.4395174 0.8222924 -0.3614688 0.5914748 0.7207645 -0.3614638 0.5914882 0.7207463 -0.3614781 0.7207592 0.591473 -0.3614772 0.7207515 0.5914896 -0.3614657 0.8222897 0.4395256 -0.3614649 0.8222928 0.4395128 -0.3614733 0.8922359 0.2706687 -0.3614604 0.8922361 0.2706642 -0.3614631 0.927894 0.09138469 -0.3614715 0.9278961 0.09139889 -0.3614624 0.9278963 -0.09139785 -0.3614623 0.9278918 -0.09141016 -0.3614706 0.8922311 -0.2706715 -0.3614702 0.8922388 -0.2706587 -0.3614607 0.8222843 -0.439526 -0.3614768 0.8222919 -0.4395177 -0.3614697 0.7207572 -0.5914828 -0.3614654 0.7207425 -0.5914935 -0.361477 0.5914806 -0.7207555 -0.3614722 0.5914916 -0.7207504 -0.3614645 0.4395184 -0.8222929 -0.3614663 0.4395127 -0.8222944 -0.36147 0.09139895 -0.9278977 -0.3614582 0.09139799 -0.9278976 -0.3614588 0.270671 -0.8922367 -0.3614566 0.2706596 -0.8922372 -0.3614639 0.2830956 -0.9332259 -0.221238 0.2830877 -0.9332271 -0.221243 0.09559674 -0.9705243 -0.2212326 0.09559252 -0.9705241 -0.2212352 0.4597045 -0.8600718 -0.2212425 0.4597079 -0.8600706 -0.2212402 0.6186643 -0.7538611 -0.2212415 0.6186794 -0.753852 -0.2212305 0.7538585 -0.6186709 -0.2212323 0.7538511 -0.6186776 -0.2212386 0.8600694 -0.4597099 -0.2212409 0.860066 -0.4597144 -0.2212444 0.933226 -0.2830898 -0.2212451 0.9332299 -0.2830815 -0.2212394 0.9705213 -0.09560975 -0.2212401 0.9705221 -0.09560653 -0.2212381 0.9705229 0.09559768 -0.2212382 0.9705232 0.09560424 -0.2212341 0.9332254 0.2830986 -0.2212365 0.933228 0.283082 -0.221247 0.8600693 0.4597065 -0.2212481 0.8600674 0.4597118 -0.2212446 0.7538623 0.6186621 -0.2212439 0.7538555 0.6186731 -0.2212357 0.6186647 0.7538616 -0.2212388 0.6186689 0.753857 -0.2212427 0.4597092 0.8600691 -0.2212437 0.4597124 0.8600666 -0.2212462 0.2831016 0.9332222 -0.2212459 0.2830955 0.933225 -0.2212417 0.09559619 0.9705225 -0.2212407 0.09559321 0.9705232 -0.2212388 -0.09559472 0.9705231 -0.2212388 -0.0955909 0.9705229 -0.2212412 -0.2830993 0.9332236 -0.2212432 -0.2830985 0.9332237 -0.2212437 -0.4597144 0.8600665 -0.2212427 -0.4596961 0.8600731 -0.2212549 -0.6186624 0.7538587 -0.221255 -0.6186696 0.7538545 -0.2212497 -0.7538539 0.6186706 -0.2212488 -0.7538623 0.618663 -0.2212417 -0.8600774 0.4596955 -0.2212397 -0.8600694 0.4597063 -0.2212481 -0.9332219 0.2831015 -0.2212475 -0.9332246 0.2830959 -0.2212436 -0.9705223 0.09559634 -0.2212414 -0.9705231 0.09559283 -0.2212391 -0.9705231 -0.09559765 -0.2212375 -0.9705229 -0.09559274 -0.2212406 -0.9332224 -0.2831048 -0.2212411 -0.933224 -0.2830948 -0.2212474 -0.8600742 -0.4596972 -0.2212484 -0.8600676 -0.4597152 -0.2212364 -0.7538612 -0.6186659 -0.2212365 -0.7538629 -0.6186633 -0.2212386 -0.6186573 -0.7538682 -0.2212372 -0.6186696 -0.7538548 -0.2212487 -0.4597139 -0.8600653 -0.2212482 -0.4596978 -0.8600771 -0.2212357 -0.2830966 -0.9332261 -0.2212357 -0.2830991 -0.933225 -0.2212374 -0.0955964 -0.9705237 -0.2212351 -0.0955926 -0.9705247 -0.2212327 -0.09737998 -0.9886715 -0.1142173 -0.09737106 -0.9886731 -0.114212 -0.2883924 -0.9506742 -0.1142292 -0.2883704 -0.9506826 -0.1142155 -0.4682935 -0.8761593 -0.1142191 -0.4683052 -0.876152 -0.1142271 -0.6302406 -0.7679541 -0.114207 -0.6302555 -0.7679402 -0.1142188 -0.7679591 -0.6302313 -0.1142249 -0.7679413 -0.6302562 -0.114207 -0.8761501 -0.4683098 -0.1142236 -0.8761515 -0.4683064 -0.1142257 -0.9506767 -0.2883891 -0.1142168 -0.9506806 -0.2883724 -0.1142268 -0.988672 -0.09738037 -0.1142134 -0.9886723 -0.0973712 -0.1142187 -0.9886705 0.0973803 -0.1142262 -0.9886741 0.09735908 -0.1142136 -0.9506745 0.2883907 -0.1142311 -0.9506781 0.2883814 -0.1142253 -0.8761531 0.468303 -0.1142291 -0.8761519 0.4683048 -0.1142303 -0.7679605 0.6302328 -0.1142068 -0.7679346 0.6302604 -0.1142289 -0.6302395 0.7679525 -0.1142244 -0.6302631 0.7679356 -0.1142074 -0.4682935 0.8761584 -0.1142272 -0.4682965 0.876157 -0.1142253 -0.2883925 0.950675 -0.1142224 -0.2883815 0.9506776 -0.114229 -0.09737843 0.9886715 -0.1142197 -0.09737007 0.9886717 -0.1142246 0.09738067 0.9886706 -0.1142254 0.09737124 0.9886721 -0.1142198 0.288389 0.9506752 -0.1142291 0.2883817 0.9506781 -0.1142245 0.468309 0.8761497 -0.1142297 0.4683051 0.8761521 -0.114227 0.6302384 0.7679546 -0.1142167 0.6302547 0.7679391 -0.1142298 0.7679502 0.6302404 -0.1142337 0.7679355 0.6302612 -0.1142189 0.8761505 0.4683083 -0.1142262 0.8761549 0.4682987 -0.1142324 0.9506794 0.288377 -0.1142254 0.9506792 0.2883776 -0.114225 0.988671 0.09739195 -0.1142123 0.9886718 0.09736838 -0.114226 0.9886692 -0.09739421 -0.1142263 0.9886734 -0.09736851 -0.1142111 0.9506805 -0.2883749 -0.1142209 0.9506779 -0.288382 -0.1142254 0.8761501 -0.4683098 -0.1142232 0.8761534 -0.4683046 -0.1142197 0.7679481 -0.6302469 -0.1142126 0.7679351 -0.6302608 -0.1142238 0.6302471 -0.7679471 -0.114219 0.6302545 -0.7679418 -0.1142136 0.4683038 -0.8761528 -0.1142273 0.4683161 -0.8761472 -0.1142194 0.09738003 -0.9886722 -0.1142119 0.097371 -0.9886725 -0.1142172 0.2883817 -0.9506792 -0.1142154 0.2883638 -0.9506833 -0.1142261 0.2880691 -0.9497027 0.1228048 0.2880903 -0.9496959 0.1228072 0.09727058 -0.9876527 0.1228036 0.09727863 -0.9876518 0.1228045 0.4678329 -0.8752433 0.1228067 0.4678253 -0.8752475 0.1228058 0.6296039 -0.7671492 0.1228051 0.6295891 -0.7671616 0.122803 0.7671435 -0.6296112 0.1228028 0.7671627 -0.6295872 0.1228061 0.8752496 -0.4678214 0.1228054 0.8752364 -0.4678471 0.1228023 0.949699 -0.2880823 0.1228022 0.9497007 -0.2880763 0.1228029 0.9876531 -0.09726799 0.1228019 0.987652 -0.09728076 0.1228006 0.9876533 0.0972681 0.1228001 0.9876518 0.09728116 0.1228016 0.9496997 0.2880805 0.122801 0.949697 0.2880892 0.122802 0.8752514 0.4678192 0.1228012 0.8752494 0.4678228 0.1228017 0.7671438 0.6296113 0.1228009 0.7671549 0.6295981 0.122799 0.6296059 0.7671486 0.1227986 0.629598 0.7671549 0.1227996 0.4678227 0.8752497 0.1227993 0.4678443 0.8752387 0.1227967 0.2880847 0.949699 0.122797 0.2880649 0.9497047 0.1227993 0.09727082 0.9876532 0.1227986 0.09727805 0.9876527 0.1227979 -0.0972698 0.9876534 0.122798 -0.09727675 0.9876526 0.1227987 -0.2880846 0.9496987 0.122799 -0.288065 0.949705 0.1227968 -0.4678141 0.8752547 0.1227971 -0.4678441 0.8752381 0.1228008 -0.6296124 0.7671428 0.1228004 -0.6295982 0.7671549 0.1227984 -0.7671439 0.6296115 0.1227992 -0.7671546 0.6295981 0.1228011 -0.8752482 0.4678251 0.1228017 -0.8752381 0.4678447 0.1227993 -0.9496986 0.2880843 0.1228005 -0.9497 0.2880796 0.122801 -0.9876541 0.09725858 0.1228011 -0.9876536 0.09726526 0.1228004 -0.9876529 -0.09727082 0.1228011 -0.9876523 -0.09727592 0.1228017 -0.9497018 -0.2880728 0.1228026 -0.9497024 -0.2880707 0.1228024 -0.8752487 -0.4678238 0.1228029 -0.8752408 -0.4678383 0.1228047 -0.7671481 -0.6296052 0.1228047 -0.7671543 -0.6295978 0.1228036 -0.6296054 -0.7671481 0.1228042 -0.6295977 -0.7671543 0.1228053 -0.4678226 -0.875249 0.1228057 -0.4678468 -0.8752365 0.1228028 -0.2880753 -0.949701 0.1228035 -0.2880645 -0.9497041 0.1228048 -0.09727056 -0.9876525 0.1228044 -0.09727829 -0.9876519 0.1228035 -0.02222895 -0.2258153 -0.9739164 -0.02224304 -0.2258302 -0.9739127 -0.05783685 -0.5871032 0.8074433 -0.05783103 -0.5871103 0.8074386 -0.06586924 -0.2171416 -0.9739151 -0.06586187 -0.2171364 -0.9739168 -0.1712547 -0.5645509 0.8074367 -0.1712599 -0.5645412 0.8074425 -0.1069703 -0.2001294 -0.9739125 -0.1069563 -0.2001231 -0.9739153 -0.2780968 -0.5202875 0.8074423 -0.2780998 -0.5202776 0.8074476 -0.1439607 -0.1754135 -0.9739124 -0.1439605 -0.1754135 -0.9739124 -0.3742578 -0.4560268 0.8074471 -0.3742542 -0.4560622 0.8074287 -0.1754169 -0.1439604 -0.9739118 -0.1754132 -0.1439603 -0.9739126 -0.4560481 -0.3742675 0.8074304 -0.4560457 -0.3742426 0.8074433 -0.2001304 -0.106974 -0.9739119 -0.2001293 -0.1069742 -0.9739121 -0.5202843 -0.2781031 0.8074422 -0.5202844 -0.2781036 0.807442 -0.2171331 -0.065878 -0.9739165 -0.2171559 -0.06586932 -0.973912 -0.5645491 -0.1712389 0.8074413 -0.5645561 -0.171252 0.8074337 -0.2258132 -0.02224076 -0.9739167 -0.2258131 -0.0222408 -0.9739167 -0.5871173 -0.05782628 0.8074338 -0.5871143 -0.0578226 0.8074363 -0.2258338 0.02224307 -0.9739118 -0.2258133 0.02222367 -0.9739171 -0.5871141 0.0578267 0.807436 -0.5871186 0.05782305 0.8074331 -0.2171548 0.06587049 -0.9739121 -0.2171555 0.0658714 -0.9739119 -0.5645588 0.17125 0.8074322 -0.5645446 0.1712576 0.8074405 -0.2001192 0.1069536 -0.9739165 -0.2001291 0.1069759 -0.9739119 -0.5202839 0.278114 0.8074387 -0.5202795 0.2781153 0.8074411 -0.1753988 0.1439455 -0.9739172 -0.1753997 0.1439492 -0.9739166 -0.4560382 0.3742596 0.8074397 -0.4560556 0.3742578 0.8074307 -0.1439472 0.1754008 -0.9739167 -0.1439471 0.1753972 -0.9739174 -0.3742722 0.4560438 0.8074307 -0.3742454 0.4560412 0.8074446 -0.1069738 0.2001302 -0.9739119 -0.1069785 0.2001025 -0.9739172 -0.2780958 0.5202864 0.8074433 -0.2780963 0.5202866 0.8074431 -0.06586951 0.2171521 -0.9739128 -0.06586794 0.2171562 -0.973912 -0.1712524 0.5645428 0.8074428 -0.1712621 0.5645481 0.8074372 -0.02224244 0.2258303 -0.9739127 -0.02224265 0.22583 -0.9739128 -0.05782599 0.58711 0.8074391 -0.05783043 0.5871137 0.8074362 0.02224268 0.22583 -0.9739127 0.022243 0.2258303 -0.9739127 0.05782707 0.5871139 0.8074363 0.0578308 0.5871093 0.8074394 0.06587043 0.2171552 -0.9739121 0.06586685 0.2171526 -0.9739128 0.1712545 0.5645499 0.8074375 0.1712597 0.5645401 0.8074432 0.1069645 0.2001122 -0.9739166 0.1069897 0.2001235 -0.9739116 0.2781029 0.5202835 0.8074428 0.2781029 0.5202836 0.8074428 0.1439452 0.1753991 -0.9739174 0.1439495 0.1754 -0.9739165 0.3742562 0.4560354 0.807443 0.3742536 0.4560612 0.8074295 0.175401 0.1439472 -0.9739166 0.1753972 0.1439472 -0.9739174 0.4560471 0.3742669 0.8074313 0.4560446 0.3742417 0.8074444 0.2001361 0.1069576 -0.9739125 0.200114 0.1069614 -0.9739166 0.5202821 0.278104 0.8074434 0.5202866 0.2781191 0.8074353 0.2171514 0.06587311 -0.9739127 0.2171522 0.0658728 -0.9739126 0.5645527 0.1712554 0.8074353 0.5645574 0.1712641 0.8074303 0.2258141 0.02224085 -0.9739165 0.2258326 0.02222924 -0.9739125 0.5871198 0.05782726 0.8074319 0.5871162 0.05782281 0.8074349 0.2258131 -0.02224104 -0.9739167 0.2258141 -0.02224203 -0.9739165 0.5871161 -0.05782616 0.8074347 0.5871109 -0.05783047 0.8074382 0.2171503 -0.06588509 -0.9739121 0.2171358 -0.06586464 -0.9739168 0.5645516 -0.1712469 0.8074379 0.564548 -0.1712489 0.8074401 0.200126 -0.1069682 -0.9739134 0.20013 -0.1069771 -0.9739116 0.5202912 -0.2780978 0.8074396 0.5202824 -0.2781005 0.8074443 0.1754136 -0.1439604 -0.9739125 0.1754126 -0.1439558 -0.9739133 0.4560344 -0.3742572 0.807443 0.4560526 -0.3742554 0.8074335 0.1439584 -0.175415 -0.9739125 0.1439584 -0.1754149 -0.9739125 0.3742637 -0.4560449 0.807434 0.3742473 -0.4560433 0.8074425 0.106962 -0.2001131 -0.9739168 0.1069578 -0.2001377 -0.9739122 0.2780981 -0.5202881 0.8074415 0.2780952 -0.5202872 0.8074431 0.06586725 -0.217135 -0.9739168 0.06586763 -0.217134 -0.9739169 0.1712524 -0.5645434 0.8074425 0.1712629 -0.564549 0.8074363 0.02223042 -0.2258303 -0.973913 0.02224141 -0.2258128 -0.9739168 0.05783744 -0.5871093 0.8074388 0.05783036 -0.5871035 0.8074436</float_array>
          <technique_common>
            <accessor count="6764" source="#normals_airplane2_0-array" stride="3">
              <param type="float" name="X"/>
              <param type="float" name="Y"/>
              <param type="float" name="Z"/>
            </accessor>
          </technique_common>
        </source>
        <vertices id="vertices_airplane2_0-vertices">
          <input semantic="POSITION" source="#vertices_airplane2_0"/>
        </vertices>
        <triangles count="6764" material="mat_airplane2_0">
          <input offset="0" semantic="VERTEX" source="#vertices_airplane2_0-vertices"/>
          <input offset="1" semantic="NORMAL" source="#normals_airplane2_0"/>
          <p>4 0 3 0 18 0 18 1 19 1 4 1 9 2 8 2 23 2 23 3 24 3 9 3 14 4 13 4 28 4 28 5 29 5 14 5 3 6 2 6 17 6 17 7 18 7 3 7 2 8 1 8 16 8 16 9 17 9 2 9 8 10 7 10 22 10 22 11 23 11 8 11 13 12 12 12 27 12 27 13 28 13 13 13 1 14 0 14 15 14 15 15 16 15 1 15 7 16 6 16 21 16 21 17 22 17 7 17 6 18 5 18 20 18 20 19 21 19 6 19 12 20 11 20 26 20 26 21 27 21 12 21 5 22 4 22 19 22 19 23 20 23 5 23 11 24 10 24 25 24 25 25 26 25 11 25 10 26 9 26 24 26 24 27 25 27 10 27 20 28 19 28 34 28 34 29 35 29 20 29 26 30 25 30 40 30 40 31 41 31 26 31 25 32 24 32 39 32 39 33 40 33 25 33 19 34 18 34 33 34 33 35 34 35 19 35 24 36 23 36 38 36 38 37 39 37 24 37 29 38 28 38 43 38 43 39 44 39 29 39 18 40 17 40 32 40 32 41 33 41 18 41 17 42 16 42 31 42 31 43 32 43 17 43 23 44 22 44 37 44 37 45 38 45 23 45 28 46 27 46 42 46 42 47 43 47 28 47 16 48 15 48 30 48 30 49 31 49 16 49 22 50 21 50 36 50 36 51 37 51 22 51 21 52 20 52 35 52 35 53 36 53 21 53 27 54 26 54 41 54 41 55 42 55 27 55 42 56 41 56 56 56 56 57 57 57 42 57 36 58 35 58 50 58 50 59 51 59 36 59 35 60 34 60 49 60 49 61 50 61 35 61 41 62 40 62 55 62 55 63 56 63 41 63 34 64 33 64 48 64 48 65 49 65 34 65 40 66 39 66 54 66 54 67 55 67 40 67 39 68 38 68 53 68 53 69 54 69 39 69 33 70 32 70 47 70 47 71 48 71 33 71 38 72 37 72 52 72 52 73 53 73 38 73 44 74 43 74 58 74 58 75 59 75 44 75 43 76 42 76 57 76 57 77 58 77 43 77 32 78 31 78 46 78 46 79 47 79 32 79 31 80 30 80 45 80 45 81 46 81 31 81 37 82 36 82 51 82 51 83 52 83 37 83 47 84 46 84 61 84 61 85 62 85 47 85 52 86 51 86 66 86 66 87 67 87 52 87 58 88 57 88 72 88 72 89 73 89 58 89 57 90 56 90 71 90 71 91 72 91 57 91 46 92 45 92 60 92 60 93 61 93 46 93 51 94 50 94 65 94 65 95 66 95 51 95 56 96 55 96 70 96 70 97 71 97 56 97 50 98 49 98 64 98 64 99 65 99 50 99 49 100 48 100 63 100 63 101 64 101 49 101 55 102 54 102 69 102 69 103 70 103 55 103 48 104 47 104 62 104 62 105 63 105 48 105 54 106 53 106 68 106 68 107 69 107 54 107 53 108 52 108 67 108 67 109 68 109 53 109 59 110 58 110 73 110 73 111 74 111 59 111 69 112 68 112 83 112 83 113 84 113 69 113 74 114 73 114 88 114 88 115 89 115 74 115 62 116 61 116 76 116 76 117 77 117 62 117 68 118 67 118 82 118 82 119 83 119 68 119 67 120 66 120 81 120 81 121 82 121 67 121 73 122 72 122 87 122 87 123 88 123 73 123 61 124 60 124 75 124 75 125 76 125 61 125 66 126 65 126 80 126 80 127 81 127 66 127 72 128 71 128 86 128 86 129 87 129 72 129 71 130 70 130 85 130 85 131 86 131 71 131 65 132 64 132 79 132 79 133 80 133 65 133 70 134 69 134 84 134 84 135 85 135 70 135 64 136 63 136 78 136 78 137 79 137 64 137 63 138 62 138 77 138 77 139 78 139 63 139 79 140 78 140 93 140 93 141 94 141 79 141 84 142 83 142 98 142 98 143 99 143 84 143 89 144 88 144 103 144 103 145 104 145 89 145 78 146 77 146 92 146 92 147 93 147 78 147 77 148 76 148 91 148 91 149 92 149 77 149 83 150 82 150 97 150 97 151 98 151 83 151 88 152 87 152 102 152 102 153 103 153 88 153 76 154 75 154 90 154 90 155 91 155 76 155 82 156 81 156 96 156 96 157 97 157 82 157 81 158 80 158 95 158 95 159 96 159 81 159 87 160 86 160 101 160 101 161 102 161 87 161 80 162 79 162 94 162 94 163 95 163 80 163 86 164 85 164 100 164 100 165 101 165 86 165 85 166 84 166 99 166 99 167 100 167 85 167 95 168 94 168 109 168 109 169 110 169 95 169 101 170 100 170 115 170 115 171 116 171 101 171 94 172 93 172 108 172 108 173 109 173 94 173 100 174 99 174 114 174 114 175 115 175 100 175 99 176 98 176 113 176 113 177 114 177 99 177 93 178 92 178 107 178 107 179 108 179 93 179 98 180 97 180 112 180 112 181 113 181 98 181 104 182 103 182 118 182 118 183 119 183 104 183 103 184 102 184 117 184 117 185 118 185 103 185 92 186 91 186 106 186 106 187 107 187 92 187 91 188 90 188 105 188 105 189 106 189 91 189 97 190 96 190 111 190 111 191 112 191 97 191 102 192 101 192 116 192 116 193 117 193 102 193 96 194 95 194 110 194 110 195 111 195 96 195 117 196 116 196 927 196 927 197 928 197 117 197 106 198 105 198 916 198 916 199 917 199 106 199 111 200 110 200 921 200 921 201 922 201 111 201 116 202 115 202 926 202 926 203 927 203 116 203 110 204 109 204 920 204 920 205 921 205 110 205 109 206 108 206 919 206 919 207 920 207 109 207 115 208 114 208 925 208 925 209 926 209 115 209 108 210 107 210 918 210 918 211 919 211 108 211 114 212 113 212 924 212 924 213 925 213 114 213 113 214 112 214 923 214 923 215 924 215 113 215 119 216 118 216 929 216 929 217 930 217 119 217 107 218 106 218 917 218 917 219 918 219 107 219 112 220 111 220 922 220 922 221 923 221 112 221 118 222 117 222 928 222 928 223 929 223 118 223 918 224 917 224 121 224 121 225 122 225 918 225 924 226 923 226 127 226 127 227 128 227 924 227 923 228 922 228 126 228 126 229 127 229 923 229 929 230 928 230 132 230 132 231 133 231 929 231 917 232 916 232 120 232 120 233 121 233 917 233 922 234 921 234 125 234 125 235 126 235 922 235 928 236 927 236 131 236 131 237 132 237 928 237 927 238 926 238 130 238 130 239 131 239 927 239 921 240 920 240 124 240 124 241 125 241 921 241 926 242 925 242 129 242 129 243 130 243 926 243 920 244 919 244 123 244 123 245 124 245 920 245 919 246 918 246 122 246 122 247 123 247 919 247 925 248 924 248 128 248 128 249 129 249 925 249 930 250 929 250 133 250 133 251 134 251 930 251 134 252 133 252 148 252 148 253 149 253 134 253 123 254 122 254 137 254 137 255 138 255 123 255 122 256 121 256 136 256 136 257 137 257 122 257 128 258 127 258 142 258 142 259 143 259 128 259 133 260 132 260 147 260 147 261 148 261 133 261 121 262 120 262 135 262 135 263 136 263 121 263 127 264 126 264 141 264 141 265 142 265 127 265 126 266 125 266 140 266 140 267 141 267 126 267 132 268 131 268 146 268 146 269 147 269 132 269 125 270 124 270 139 270 139 271 140 271 125 271 131 272 130 272 145 272 145 273 146 273 131 273 130 274 129 274 144 274 144 275 145 275 130 275 124 276 123 276 138 276 138 277 139 277 124 277 129 278 128 278 143 278 143 279 144 279 129 279 139 280 138 280 153 280 153 281 154 281 139 281 145 282 144 282 159 282 159 283 160 283 145 283 144 284 143 284 158 284 158 285 159 285 144 285 138 286 137 286 152 286 152 287 153 287 138 287 143 288 142 288 157 288 157 289 158 289 143 289 149 290 148 290 163 290 163 291 164 291 149 291 148 292 147 292 162 292 162 293 163 293 148 293 137 294 136 294 151 294 151 295 152 295 137 295 136 296 135 296 150 296 150 297 151 297 136 297 142 298 141 298 156 298 156 299 157 299 142 299 147 300 146 300 161 300 161 301 162 301 147 301 141 302 140 302 155 302 155 303 156 303 141 303 140 304 139 304 154 304 154 305 155 305 140 305 146 306 145 306 160 306 160 307 161 307 146 307 161 308 160 308 175 308 175 309 176 309 161 309 155 310 154 310 169 310 169 311 170 311 155 311 154 312 153 312 168 312 168 313 169 313 154 313 160 314 159 314 174 314 174 315 175 315 160 315 153 316 152 316 167 316 167 317 168 317 153 317 159 318 158 318 173 318 173 319 174 319 159 319 158 320 157 320 172 320 172 321 173 321 158 321 164 322 163 322 178 322 178 323 179 323 164 323 152 324 151 324 166 324 166 325 167 325 152 325 157 326 156 326 171 326 171 327 172 327 157 327 163 328 162 328 177 328 177 329 178 329 163 329 162 330 161 330 176 330 176 331 177 331 162 331 151 332 150 332 165 332 165 333 166 333 151 333 156 334 155 334 170 334 170 335 171 335 156 335 166 336 165 336 180 336 180 337 181 337 166 337 171 338 170 338 185 338 185 339 186 339 171 339 177 340 176 340 191 340 191 341 192 341 177 341 176 342 175 342 190 342 190 343 191 343 176 343 170 344 169 344 184 344 184 345 185 345 170 345 175 346 174 346 189 346 189 347 190 347 175 347 169 348 168 348 183 348 183 349 184 349 169 349 168 350 167 350 182 350 182 351 183 351 168 351 174 352 173 352 188 352 188 353 189 353 174 353 179 354 178 354 193 354 193 355 194 355 179 355 167 356 166 356 181 356 181 357 182 357 167 357 173 358 172 358 187 358 187 359 188 359 173 359 172 360 171 360 186 360 186 361 187 361 172 361 178 362 177 362 192 362 192 363 193 363 178 363 188 364 187 364 202 364 202 365 203 365 188 365 193 366 192 366 207 366 207 367 208 367 193 367 181 368 180 368 195 368 195 369 196 369 181 369 187 370 186 370 201 370 201 371 202 371 187 371 186 372 185 372 200 372 200 373 201 373 186 373 192 374 191 374 206 374 206 375 207 375 192 375 185 376 184 376 199 376 199 377 200 377 185 377 191 378 190 378 205 378 205 379 206 379 191 379 190 380 189 380 204 380 204 381 205 381 190 381 184 382 183 382 198 382 198 383 199 383 184 383 189 384 188 384 203 384 203 385 204 385 189 385 194 386 193 386 208 386 208 387 209 387 194 387 183 388 182 388 197 388 197 389 198 389 183 389 182 390 181 390 196 390 196 391 197 391 182 391 198 392 197 392 212 392 212 393 213 393 198 393 203 394 202 394 217 394 217 395 218 395 203 395 209 396 208 396 223 396 223 397 224 397 209 397 208 398 207 398 222 398 222 399 223 399 208 399 197 400 196 400 211 400 211 401 212 401 197 401 196 402 195 402 210 402 210 403 211 403 196 403 202 404 201 404 216 404 216 405 217 405 202 405 207 406 206 406 221 406 221 407 222 407 207 407 201 408 200 408 215 408 215 409 216 409 201 409 200 410 199 410 214 410 214 411 215 411 200 411 206 412 205 412 220 412 220 413 221 413 206 413 199 414 198 414 213 414 213 415 214 415 199 415 205 416 204 416 219 416 219 417 220 417 205 417 204 418 203 418 218 418 218 419 219 419 204 419 214 420 213 420 228 420 228 421 229 421 214 421 220 422 219 422 234 422 234 423 235 423 220 423 213 424 212 424 227 424 227 425 228 425 213 425 219 426 218 426 233 426 233 427 234 427 219 427 218 428 217 428 232 428 232 429 233 429 218 429 224 430 223 430 238 430 238 431 239 431 224 431 212 432 211 432 226 432 226 433 227 433 212 433 217 434 216 434 231 434 231 435 232 435 217 435 223 436 222 436 237 436 237 437 238 437 223 437 222 438 221 438 236 438 236 439 237 439 222 439 211 440 210 440 225 440 225 441 226 441 211 441 216 442 215 442 230 442 230 443 231 443 216 443 221 444 220 444 235 444 235 445 236 445 221 445 215 446 214 446 229 446 229 447 230 447 215 447 236 448 235 448 250 448 250 449 251 449 236 449 230 450 229 450 244 450 244 451 245 451 230 451 235 452 234 452 249 452 249 453 250 453 235 453 229 454 228 454 243 454 243 455 244 455 229 455 228 456 227 456 242 456 242 457 243 457 228 457 234 458 233 458 248 458 248 459 249 459 234 459 239 460 238 460 253 460 253 461 254 461 239 461 227 462 226 462 241 462 241 463 242 463 227 463 233 464 232 464 247 464 247 465 248 465 233 465 232 466 231 466 246 466 246 467 247 467 232 467 238 468 237 468 252 468 252 469 253 469 238 469 226 470 225 470 240 470 240 471 241 471 226 471 231 472 230 472 245 472 245 473 246 473 231 473 237 474 236 474 251 474 251 475 252 475 237 475 241 476 240 476 255 476 255 477 256 477 241 477 247 478 246 478 261 478 261 479 262 479 247 479 246 480 245 480 260 480 260 481 261 481 246 481 252 482 251 482 266 482 266 483 267 483 252 483 245 484 244 484 259 484 259 485 260 485 245 485 251 486 250 486 265 486 265 487 266 487 251 487 250 488 249 488 264 488 264 489 265 489 250 489 244 490 243 490 258 490 258 491 259 491 244 491 249 492 248 492 263 492 263 493 264 493 249 493 254 494 253 494 268 494 268 495 269 495 254 495 243 496 242 496 257 496 257 497 258 497 243 497 242 498 241 498 256 498 256 499 257 499 242 499 248 500 247 500 262 500 262 501 263 501 248 501 253 502 252 502 267 502 267 503 268 503 253 503 269 504 268 504 283 504 283 505 284 505 269 505 268 506 267 506 282 506 282 507 283 507 268 507 257 508 256 508 271 508 271 509 272 509 257 509 256 510 255 510 270 510 270 511 271 511 256 511 262 512 261 512 276 512 276 513 277 513 262 513 267 514 266 514 281 514 281 515 282 515 267 515 261 516 260 516 275 516 275 517 276 517 261 517 260 518 259 518 274 518 274 519 275 519 260 519 266 520 265 520 280 520 280 521 281 521 266 521 259 522 258 522 273 522 273 523 274 523 259 523 265 524 264 524 279 524 279 525 280 525 265 525 264 526 263 526 278 526 278 527 279 527 264 527 258 528 257 528 272 528 272 529 273 529 258 529 263 530 262 530 277 530 277 531 278 531 263 531 273 532 272 532 287 532 287 533 288 533 273 533 279 534 278 534 293 534 293 535 294 535 279 535 278 536 277 536 292 536 292 537 293 537 278 537 284 538 283 538 298 538 298 539 299 539 284 539 272 540 271 540 286 540 286 541 287 541 272 541 277 542 276 542 291 542 291 543 292 543 277 543 283 544 282 544 297 544 297 545 298 545 283 545 282 546 281 546 296 546 296 547 297 547 282 547 271 548 270 548 285 548 285 549 286 549 271 549 276 550 275 550 290 550 290 551 291 551 276 551 281 552 280 552 295 552 295 553 296 553 281 553 275 554 274 554 289 554 289 555 290 555 275 555 274 556 273 556 288 556 288 557 289 557 274 557 280 558 279 558 294 558 294 559 295 559 280 559 295 560 294 560 309 560 309 561 310 561 295 561 289 562 288 562 303 562 303 563 304 563 289 563 288 564 287 564 302 564 302 565 303 565 288 565 294 566 293 566 308 566 308 567 309 567 294 567 299 568 298 568 313 568 313 569 314 569 299 569 287 570 286 570 301 570 301 571 302 571 287 571 293 572 292 572 307 572 307 573 308 573 293 573 292 574 291 574 306 574 306 575 307 575 292 575 298 576 297 576 312 576 312 577 313 577 298 577 286 578 285 578 300 578 300 579 301 579 286 579 291 580 290 580 305 580 305 581 306 581 291 581 297 582 296 582 311 582 311 583 312 583 297 583 296 584 295 584 310 584 310 585 311 585 296 585 290 586 289 586 304 586 304 587 305 587 290 587 305 588 304 588 319 588 319 589 320 589 305 589 311 590 310 590 325 590 325 591 326 591 311 591 310 592 309 592 324 592 324 593 325 593 310 593 304 594 303 594 318 594 318 595 319 595 304 595 309 596 308 596 323 596 323 597 324 597 309 597 314 598 313 598 328 598 328 599 329 599 314 599 303 600 302 600 317 600 317 601 318 601 303 601 302 602 301 602 316 602 316 603 317 603 302 603 308 604 307 604 322 604 322 605 323 605 308 605 313 606 312 606 327 606 327 607 328 607 313 607 301 608 300 608 315 608 315 609 316 609 301 609 307 610 306 610 321 610 321 611 322 611 307 611 306 612 305 612 320 612 320 613 321 613 306 613 312 614 311 614 326 614 326 615 327 615 312 615 322 616 321 616 336 616 336 617 337 617 322 617 327 618 326 618 341 618 341 619 342 619 327 619 321 620 320 620 335 620 335 621 336 621 321 621 320 622 319 622 334 622 334 623 335 623 320 623 326 624 325 624 340 624 340 625 341 625 326 625 319 626 318 626 333 626 333 627 334 627 319 627 325 628 324 628 339 628 339 629 340 629 325 629 324 630 323 630 338 630 338 631 339 631 324 631 318 632 317 632 332 632 332 633 333 633 318 633 323 634 322 634 337 634 337 635 338 635 323 635 329 636 328 636 343 636 343 637 344 637 329 637 328 638 327 638 342 638 342 639 343 639 328 639 317 640 316 640 331 640 331 641 332 641 317 641 316 642 315 642 330 642 330 643 331 643 316 643 332 644 331 644 1158 644 1158 645 1159 645 332 645 337 646 336 646 1163 646 1163 647 1164 647 337 647 343 648 342 648 1169 648 1169 649 1170 649 343 649 342 650 341 650 1168 650 1168 651 1169 651 342 651 331 652 330 652 1157 652 1157 653 1158 653 331 653 336 654 335 654 1162 654 1162 655 1163 655 336 655 341 656 340 656 1167 656 1167 657 1168 657 341 657 335 658 334 658 1161 658 1161 659 1162 659 335 659 334 660 333 660 1160 660 1160 661 1161 661 334 661 340 662 339 662 1166 662 1166 663 1167 663 340 663 333 664 332 664 1159 664 1159 665 1160 665 333 665 339 666 338 666 1165 666 1165 667 1166 667 339 667 338 668 337 668 1164 668 1164 669 1165 669 338 669 344 670 343 670 1170 670 1170 671 1171 671 344 671 1160 672 1159 672 347 672 347 673 348 673 1160 673 1166 674 1165 674 353 674 353 675 354 675 1166 675 1171 676 1170 676 358 676 358 677 359 677 1171 677 1159 678 1158 678 346 678 346 679 347 679 1159 679 1165 680 1164 680 352 680 352 681 353 681 1165 681 1164 682 1163 682 351 682 351 683 352 683 1164 683 1170 684 1169 684 357 684 357 685 358 685 1170 685 1158 686 1157 686 345 686 345 687 346 687 1158 687 1163 688 1162 688 350 688 350 689 351 689 1163 689 1169 690 1168 690 356 690 356 691 357 691 1169 691 1168 692 1167 692 355 692 355 693 356 693 1168 693 1162 694 1161 694 349 694 349 695 350 695 1162 695 1167 696 1166 696 354 696 354 697 355 697 1167 697 1161 698 1160 698 348 698 348 699 349 699 1161 699 355 700 354 700 369 700 369 701 370 701 355 701 349 702 348 702 363 702 363 703 364 703 349 703 354 704 353 704 368 704 368 705 369 705 354 705 359 706 358 706 373 706 373 707 374 707 359 707 348 708 347 708 362 708 362 709 363 709 348 709 347 710 346 710 361 710 361 711 362 711 347 711 353 712 352 712 367 712 367 713 368 713 353 713 358 714 357 714 372 714 372 715 373 715 358 715 346 716 345 716 360 716 360 717 361 717 346 717 352 718 351 718 366 718 366 719 367 719 352 719 351 720 350 720 365 720 365 721 366 721 351 721 357 722 356 722 371 722 371 723 372 723 357 723 350 724 349 724 364 724 364 725 365 725 350 725 356 726 355 726 370 726 370 727 371 727 356 727 366 728 365 728 380 728 380 729 381 729 366 729 365 730 364 730 379 730 379 731 380 731 365 731 371 732 370 732 385 732 385 733 386 733 371 733 364 734 363 734 378 734 378 735 379 735 364 735 370 736 369 736 384 736 384 737 385 737 370 737 369 738 368 738 383 738 383 739 384 739 369 739 363 740 362 740 377 740 377 741 378 741 363 741 368 742 367 742 382 742 382 743 383 743 368 743 374 744 373 744 388 744 388 745 389 745 374 745 373 746 372 746 387 746 387 747 388 747 373 747 362 748 361 748 376 748 376 749 377 749 362 749 361 750 360 750 375 750 375 751 376 751 361 751 367 752 366 752 381 752 381 753 382 753 367 753 372 754 371 754 386 754 386 755 387 755 372 755 388 756 387 756 402 756 402 757 403 757 388 757 387 758 386 758 401 758 401 759 402 759 387 759 376 760 375 760 390 760 390 761 391 761 376 761 381 762 380 762 395 762 395 763 396 763 381 763 386 764 385 764 400 764 400 765 401 765 386 765 380 766 379 766 394 766 394 767 395 767 380 767 379 768 378 768 393 768 393 769 394 769 379 769 385 770 384 770 399 770 399 771 400 771 385 771 378 772 377 772 392 772 392 773 393 773 378 773 384 774 383 774 398 774 398 775 399 775 384 775 383 776 382 776 397 776 397 777 398 777 383 777 389 778 388 778 403 778 403 779 404 779 389 779 377 780 376 780 391 780 391 781 392 781 377 781 382 782 381 782 396 782 396 783 397 783 382 783 392 784 391 784 406 784 406 785 407 785 392 785 398 786 397 786 412 786 412 787 413 787 398 787 397 788 396 788 411 788 411 789 412 789 397 789 403 790 402 790 417 790 417 791 418 791 403 791 391 792 390 792 405 792 405 793 406 793 391 793 396 794 395 794 410 794 410 795 411 795 396 795 402 796 401 796 416 796 416 797 417 797 402 797 401 798 400 798 415 798 415 799 416 799 401 799 395 800 394 800 409 800 409 801 410 801 395 801 400 802 399 802 414 802 414 803 415 803 400 803 394 804 393 804 408 804 408 805 409 805 394 805 393 806 392 806 407 806 407 807 408 807 393 807 399 808 398 808 413 808 413 809 414 809 399 809 404 810 403 810 418 810 418 811 419 811 404 811 414 812 413 812 428 812 428 813 429 813 414 813 419 814 418 814 433 814 433 815 434 815 419 815 408 816 407 816 422 816 422 817 423 817 408 817 407 818 406 818 421 818 421 819 422 819 407 819 413 820 412 820 427 820 427 821 428 821 413 821 418 822 417 822 432 822 432 823 433 823 418 823 406 824 405 824 420 824 420 825 421 825 406 825 412 826 411 826 426 826 426 827 427 827 412 827 411 828 410 828 425 828 425 829 426 829 411 829 417 830 416 830 431 830 431 831 432 831 417 831 410 832 409 832 424 832 424 833 425 833 410 833 416 834 415 834 430 834 430 835 431 835 416 835 415 836 414 836 429 836 429 837 430 837 415 837 409 838 408 838 423 838 423 839 424 839 409 839 424 840 423 840 438 840 438 841 439 841 424 841 430 842 429 842 444 842 444 843 445 843 430 843 429 844 428 844 443 844 443 845 444 845 429 845 423 846 422 846 437 846 437 847 438 847 423 847 428 848 427 848 442 848 442 849 443 849 428 849 434 850 433 850 448 850 448 851 449 851 434 851 433 852 432 852 447 852 447 853 448 853 433 853 422 854 421 854 436 854 436 855 437 855 422 855 421 856 420 856 435 856 435 857 436 857 421 857 427 858 426 858 441 858 441 859 442 859 427 859 432 860 431 860 446 860 446 861 447 861 432 861 426 862 425 862 440 862 440 863 441 863 426 863 425 864 424 864 439 864 439 865 440 865 425 865 431 866 430 866 445 866 445 867 446 867 431 867 1126 868 14 868 29 868 0 869 1247 869 15 869 1126 870 29 870 44 870 15 871 1247 871 30 871 30 872 1247 872 45 872 1126 873 44 873 59 873 45 874 1247 874 60 874 1126 875 59 875 74 875 60 876 1247 876 75 876 1126 877 74 877 89 877 1126 878 89 878 104 878 75 879 1247 879 90 879 1126 880 104 880 119 880 90 881 1247 881 105 881 105 882 1247 882 916 882 1126 883 119 883 930 883 916 884 1247 884 120 884 1126 885 930 885 134 885 1126 886 134 886 149 886 120 887 1247 887 135 887 1126 888 149 888 164 888 135 889 1247 889 150 889 1126 890 164 890 179 890 150 891 1247 891 165 891 165 892 1247 892 180 892 1126 893 179 893 194 893 180 894 1247 894 195 894 1126 895 194 895 209 895 195 896 1247 896 210 896 1126 897 209 897 224 897 1126 898 224 898 239 898 210 899 1247 899 225 899 225 900 1247 900 240 900 1126 901 239 901 254 901 240 902 1247 902 255 902 1126 903 254 903 269 903 255 904 1247 904 270 904 1126 905 269 905 284 905 270 906 1247 906 285 906 1126 907 284 907 299 907 1126 908 299 908 314 908 285 909 1247 909 300 909 300 910 1247 910 315 910 1126 911 314 911 329 911 315 912 1247 912 330 912 1126 913 329 913 344 913 330 914 1247 914 1157 914 1126 915 344 915 1171 915 1157 916 1247 916 345 916 1126 917 1171 917 359 917 1126 918 359 918 374 918 345 919 1247 919 360 919 360 920 1247 920 375 920 1126 921 374 921 389 921 375 922 1247 922 390 922 1126 923 389 923 404 923 390 924 1247 924 405 924 1126 925 404 925 419 925 1126 926 419 926 434 926 405 927 1247 927 420 927 1126 928 434 928 449 928 420 929 1247 929 435 929 441 930 440 930 5 930 5 931 6 931 441 931 446 932 445 932 10 932 10 933 11 933 446 933 440 934 439 934 4 934 4 935 5 935 440 935 439 936 438 936 3 936 3 937 4 937 439 937 445 938 444 938 9 938 9 939 10 939 445 939 1126 940 449 940 14 940 438 941 437 941 2 941 2 942 3 942 438 942 444 943 443 943 8 943 8 944 9 944 444 944 443 945 442 945 7 945 7 946 8 946 443 946 449 947 448 947 13 947 13 948 14 948 449 948 437 949 436 949 1 949 1 950 2 950 437 950 442 951 441 951 6 951 6 952 7 952 442 952 448 953 447 953 12 953 12 954 13 954 448 954 447 955 446 955 11 955 11 956 12 956 447 956 436 957 435 957 0 957 0 958 1 958 436 958 435 959 1247 959 0 959 455 960 454 960 458 960 458 961 459 961 455 961 451 962 450 962 456 962 456 963 457 963 451 963 457 964 456 964 460 964 460 965 461 965 457 965 459 966 458 966 462 966 462 967 463 967 459 967 461 968 460 968 464 968 464 969 465 969 461 969 463 970 462 970 467 970 467 971 468 971 463 971 468 972 467 972 473 972 473 973 474 973 468 973 467 974 466 974 472 974 472 975 473 975 467 975 465 976 464 976 469 976 469 977 470 977 465 977 474 978 473 978 479 978 479 979 480 979 474 979 473 980 472 980 478 980 478 981 479 981 473 981 471 982 470 982 476 982 476 983 477 983 471 983 470 984 469 984 475 984 475 985 476 985 470 985 480 986 479 986 487 986 487 987 488 987 480 987 477 988 476 988 482 988 482 989 483 989 477 989 479 990 478 990 486 990 486 991 487 991 479 991 476 992 475 992 481 992 481 993 482 993 476 993 482 994 481 994 489 994 489 995 490 995 482 995 486 996 485 996 498 996 498 997 499 997 486 997 484 998 483 998 491 998 491 999 492 999 484 999 488 1000 487 1000 500 1000 500 1001 501 1001 488 1001 483 1002 482 1002 490 1002 490 1003 491 1003 483 1003 487 1004 486 1004 499 1004 499 1005 500 1005 487 1005 491 1006 490 1006 503 1006 503 1007 504 1007 491 1007 500 1008 499 1008 514 1008 514 1009 515 1009 500 1009 490 1010 489 1010 502 1010 502 1011 503 1011 490 1011 499 1012 498 1012 513 1012 513 1013 514 1013 499 1013 494 1014 493 1014 506 1014 506 1015 507 1015 494 1015 498 1016 497 1016 512 1016 512 1017 513 1017 498 1017 497 1018 496 1018 511 1018 511 1019 512 1019 497 1019 493 1020 492 1020 505 1020 505 1021 506 1021 493 1021 496 1022 495 1022 510 1022 510 1023 511 1023 496 1023 501 1024 500 1024 515 1024 515 1025 516 1025 501 1025 492 1026 491 1026 504 1026 504 1027 505 1027 492 1027 505 1028 504 1028 519 1028 519 1029 520 1029 505 1029 510 1030 509 1030 524 1030 524 1031 525 1031 510 1031 516 1032 515 1032 530 1032 530 1033 531 1033 516 1033 515 1034 514 1034 529 1034 529 1035 530 1035 515 1035 504 1036 503 1036 518 1036 518 1037 519 1037 504 1037 503 1038 502 1038 517 1038 517 1039 518 1039 503 1039 509 1040 508 1040 523 1040 523 1041 524 1041 509 1041 514 1042 513 1042 528 1042 528 1043 529 1043 514 1043 508 1044 507 1044 522 1044 522 1045 523 1045 508 1045 507 1046 506 1046 521 1046 521 1047 522 1047 507 1047 513 1048 512 1048 527 1048 527 1049 528 1049 513 1049 506 1050 505 1050 520 1050 520 1051 521 1051 506 1051 512 1052 511 1052 526 1052 526 1053 527 1053 512 1053 511 1054 510 1054 525 1054 525 1055 526 1055 511 1055 522 1056 521 1056 536 1056 536 1057 537 1057 522 1057 521 1058 520 1058 535 1058 535 1059 536 1059 521 1059 527 1060 526 1060 541 1060 541 1061 542 1061 527 1061 520 1062 519 1062 534 1062 534 1063 535 1063 520 1063 526 1064 525 1064 540 1064 540 1065 541 1065 526 1065 525 1066 524 1066 539 1066 539 1067 540 1067 525 1067 531 1068 530 1068 545 1068 545 1069 546 1069 531 1069 519 1070 518 1070 533 1070 533 1071 534 1071 519 1071 524 1072 523 1072 538 1072 538 1073 539 1073 524 1073 530 1074 529 1074 544 1074 544 1075 545 1075 530 1075 529 1076 528 1076 543 1076 543 1077 544 1077 529 1077 518 1078 517 1078 532 1078 532 1079 533 1079 518 1079 523 1080 522 1080 537 1080 537 1081 538 1081 523 1081 528 1082 527 1082 542 1082 542 1083 543 1083 528 1083 543 1084 542 1084 557 1084 557 1085 558 1085 543 1085 537 1086 536 1086 551 1086 551 1087 552 1087 537 1087 542 1088 541 1088 556 1088 556 1089 557 1089 542 1089 536 1090 535 1090 550 1090 550 1091 551 1091 536 1091 535 1092 534 1092 549 1092 549 1093 550 1093 535 1093 541 1094 540 1094 555 1094 555 1095 556 1095 541 1095 546 1096 545 1096 560 1096 560 1097 561 1097 546 1097 534 1098 533 1098 548 1098 548 1099 549 1099 534 1099 540 1100 539 1100 554 1100 554 1101 555 1101 540 1101 539 1102 538 1102 553 1102 553 1103 554 1103 539 1103 545 1104 544 1104 559 1104 559 1105 560 1105 545 1105 533 1106 532 1106 547 1106 547 1107 548 1107 533 1107 538 1108 537 1108 552 1108 552 1109 553 1109 538 1109 544 1110 543 1110 558 1110 558 1111 559 1111 544 1111 548 1112 547 1112 562 1112 562 1113 563 1113 548 1113 554 1114 553 1114 568 1114 568 1115 569 1115 554 1115 553 1116 552 1116 567 1116 567 1117 568 1117 553 1117 559 1118 558 1118 573 1118 573 1119 574 1119 559 1119 552 1120 551 1120 566 1120 566 1121 567 1121 552 1121 558 1122 557 1122 572 1122 572 1123 573 1123 558 1123 557 1124 556 1124 571 1124 571 1125 572 1125 557 1125 551 1126 550 1126 565 1126 565 1127 566 1127 551 1127 556 1128 555 1128 570 1128 570 1129 571 1129 556 1129 561 1130 560 1130 575 1130 575 1131 576 1131 561 1131 550 1132 549 1132 564 1132 564 1133 565 1133 550 1133 549 1134 548 1134 563 1134 563 1135 564 1135 549 1135 555 1136 554 1136 569 1136 569 1137 570 1137 555 1137 560 1138 559 1138 574 1138 574 1139 575 1139 560 1139 570 1140 569 1140 584 1140 584 1141 585 1141 570 1141 576 1142 575 1142 590 1142 590 1143 591 1143 576 1143 575 1144 574 1144 589 1144 589 1145 590 1145 575 1145 564 1146 563 1146 578 1146 578 1147 579 1147 564 1147 563 1148 562 1148 577 1148 577 1149 578 1149 563 1149 569 1150 568 1150 583 1150 583 1151 584 1151 569 1151 574 1152 573 1152 588 1152 588 1153 589 1153 574 1153 568 1154 567 1154 582 1154 582 1155 583 1155 568 1155 567 1156 566 1156 581 1156 581 1157 582 1157 567 1157 573 1158 572 1158 587 1158 587 1159 588 1159 573 1159 566 1160 565 1160 580 1160 580 1161 581 1161 566 1161 572 1162 571 1162 586 1162 586 1163 587 1163 572 1163 571 1164 570 1164 585 1164 585 1165 586 1165 571 1165 565 1166 564 1166 579 1166 579 1167 580 1167 565 1167 580 1168 579 1168 594 1168 594 1169 595 1169 580 1169 586 1170 585 1170 600 1170 600 1171 601 1171 586 1171 585 1172 584 1172 599 1172 599 1173 600 1173 585 1173 591 1174 590 1174 605 1174 605 1175 606 1175 591 1175 579 1176 578 1176 593 1176 593 1177 594 1177 579 1177 584 1178 583 1178 598 1178 598 1179 599 1179 584 1179 590 1180 589 1180 604 1180 604 1181 605 1181 590 1181 589 1182 588 1182 603 1182 603 1183 604 1183 589 1183 578 1184 577 1184 592 1184 592 1185 593 1185 578 1185 583 1186 582 1186 597 1186 597 1187 598 1187 583 1187 588 1188 587 1188 602 1188 602 1189 603 1189 588 1189 582 1190 581 1190 596 1190 596 1191 597 1191 582 1191 581 1192 580 1192 595 1192 595 1193 596 1193 581 1193 587 1194 586 1194 601 1194 601 1195 602 1195 587 1195 602 1196 601 1196 616 1196 616 1197 617 1197 602 1197 596 1198 595 1198 610 1198 610 1199 611 1199 596 1199 595 1200 594 1200 609 1200 609 1201 610 1201 595 1201 601 1202 600 1202 615 1202 615 1203 616 1203 601 1203 606 1204 605 1204 620 1204 620 1205 621 1205 606 1205 594 1206 593 1206 608 1206 608 1207 609 1207 594 1207 600 1208 599 1208 614 1208 614 1209 615 1209 600 1209 599 1210 598 1210 613 1210 613 1211 614 1211 599 1211 605 1212 604 1212 619 1212 619 1213 620 1213 605 1213 593 1214 592 1214 607 1214 607 1215 608 1215 593 1215 598 1216 597 1216 612 1216 612 1217 613 1217 598 1217 604 1218 603 1218 618 1218 618 1219 619 1219 604 1219 603 1220 602 1220 617 1220 617 1221 618 1221 603 1221 597 1222 596 1222 611 1222 611 1223 612 1223 597 1223 612 1224 611 1224 626 1224 626 1225 627 1225 612 1225 618 1226 617 1226 632 1226 632 1227 633 1227 618 1227 617 1228 616 1228 631 1228 631 1229 632 1229 617 1229 611 1230 610 1230 625 1230 625 1231 626 1231 611 1231 616 1232 615 1232 630 1232 630 1233 631 1233 616 1233 621 1234 620 1234 635 1234 635 1235 636 1235 621 1235 610 1236 609 1236 624 1236 624 1237 625 1237 610 1237 609 1238 608 1238 623 1238 623 1239 624 1239 609 1239 615 1240 614 1240 629 1240 629 1241 630 1241 615 1241 620 1242 619 1242 634 1242 634 1243 635 1243 620 1243 608 1244 607 1244 622 1244 622 1245 623 1245 608 1245 614 1246 613 1246 628 1246 628 1247 629 1247 614 1247 613 1248 612 1248 627 1248 627 1249 628 1249 613 1249 619 1250 618 1250 633 1250 633 1251 634 1251 619 1251 623 1252 622 1252 637 1252 637 1253 638 1253 623 1253 629 1254 628 1254 643 1254 643 1255 644 1255 629 1255 634 1256 633 1256 648 1256 648 1257 649 1257 634 1257 628 1258 627 1258 642 1258 642 1259 643 1259 628 1259 627 1260 626 1260 641 1260 641 1261 642 1261 627 1261 633 1262 632 1262 647 1262 647 1263 648 1263 633 1263 626 1264 625 1264 640 1264 640 1265 641 1265 626 1265 632 1266 631 1266 646 1266 646 1267 647 1267 632 1267 631 1268 630 1268 645 1268 645 1269 646 1269 631 1269 625 1270 624 1270 639 1270 639 1271 640 1271 625 1271 630 1272 629 1272 644 1272 644 1273 645 1273 630 1273 636 1274 635 1274 650 1274 650 1275 651 1275 636 1275 635 1276 634 1276 649 1276 649 1277 650 1277 635 1277 624 1278 623 1278 638 1278 638 1279 639 1279 624 1279 651 1280 650 1280 665 1280 665 1281 666 1281 651 1281 639 1282 638 1282 653 1282 653 1283 654 1283 639 1283 644 1284 643 1284 658 1284 658 1285 659 1285 644 1285 650 1286 649 1286 664 1286 664 1287 665 1287 650 1287 649 1288 648 1288 663 1288 663 1289 664 1289 649 1289 638 1290 637 1290 652 1290 652 1291 653 1291 638 1291 643 1292 642 1292 657 1292 657 1293 658 1293 643 1293 648 1294 647 1294 662 1294 662 1295 663 1295 648 1295 642 1296 641 1296 656 1296 656 1297 657 1297 642 1297 641 1298 640 1298 655 1298 655 1299 656 1299 641 1299 647 1300 646 1300 661 1300 661 1301 662 1301 647 1301 640 1302 639 1302 654 1302 654 1303 655 1303 640 1303 646 1304 645 1304 660 1304 660 1305 661 1305 646 1305 645 1306 644 1306 659 1306 659 1307 660 1307 645 1307 656 1308 655 1308 670 1308 670 1309 671 1309 656 1309 655 1310 654 1310 669 1310 669 1311 670 1311 655 1311 661 1312 660 1312 675 1312 675 1313 676 1313 661 1313 666 1314 665 1314 680 1314 680 1315 681 1315 666 1315 654 1316 653 1316 668 1316 668 1317 669 1317 654 1317 660 1318 659 1318 674 1318 674 1319 675 1319 660 1319 659 1320 658 1320 673 1320 673 1321 674 1321 659 1321 665 1322 664 1322 679 1322 679 1323 680 1323 665 1323 653 1324 652 1324 667 1324 667 1325 668 1325 653 1325 658 1326 657 1326 672 1326 672 1327 673 1327 658 1327 664 1328 663 1328 678 1328 678 1329 679 1329 664 1329 663 1330 662 1330 677 1330 677 1331 678 1331 663 1331 657 1332 656 1332 671 1332 671 1333 672 1333 657 1333 662 1334 661 1334 676 1334 676 1335 677 1335 662 1335 677 1336 676 1336 691 1336 691 1337 692 1337 677 1337 671 1338 670 1338 685 1338 685 1339 686 1339 671 1339 676 1340 675 1340 690 1340 690 1341 691 1341 676 1341 681 1342 680 1342 695 1342 695 1343 696 1343 681 1343 670 1344 669 1344 684 1344 684 1345 685 1345 670 1345 669 1346 668 1346 683 1346 683 1347 684 1347 669 1347 675 1348 674 1348 689 1348 689 1349 690 1349 675 1349 680 1350 679 1350 694 1350 694 1351 695 1351 680 1351 668 1352 667 1352 682 1352 682 1353 683 1353 668 1353 674 1354 673 1354 688 1354 688 1355 689 1355 674 1355 673 1356 672 1356 687 1356 687 1357 688 1357 673 1357 679 1358 678 1358 693 1358 693 1359 694 1359 679 1359 672 1360 671 1360 686 1360 686 1361 687 1361 672 1361 678 1362 677 1362 692 1362 692 1363 693 1363 678 1363 687 1364 686 1364 701 1364 701 1365 702 1365 687 1365 693 1366 692 1366 704 1366 704 1367 705 1367 693 1367 686 1368 685 1368 700 1368 700 1369 701 1369 686 1369 692 1370 691 1370 703 1370 703 1371 704 1371 692 1371 685 1372 684 1372 699 1372 699 1373 700 1373 685 1373 696 1374 695 1374 707 1374 707 1375 708 1375 696 1375 695 1376 694 1376 706 1376 706 1377 707 1377 695 1377 684 1378 683 1378 698 1378 698 1379 699 1379 684 1379 683 1380 682 1380 697 1380 697 1381 698 1381 683 1381 689 1382 688 1382 783 1382 783 1383 782 1383 689 1383 694 1384 693 1384 705 1384 705 1385 706 1385 694 1385 707 1386 706 1386 717 1386 717 1387 718 1387 707 1387 706 1388 705 1388 716 1388 716 1389 717 1389 706 1389 698 1390 697 1390 710 1390 710 1391 711 1391 698 1391 779 1392 702 1392 780 1392 705 1393 704 1393 715 1393 715 1394 716 1394 705 1394 701 1395 700 1395 713 1395 713 1396 714 1396 701 1396 700 1397 699 1397 712 1397 712 1398 713 1398 700 1398 708 1399 707 1399 718 1399 718 1400 719 1400 708 1400 699 1401 698 1401 711 1401 711 1402 712 1402 699 1402 712 1403 711 1403 721 1403 721 1404 722 1404 712 1404 718 1405 717 1405 725 1405 725 1406 726 1406 718 1406 711 1407 710 1407 720 1407 720 1408 721 1408 711 1408 717 1409 716 1409 724 1409 724 1410 725 1410 717 1410 781 1411 714 1411 787 1411 713 1412 712 1412 722 1412 722 1413 723 1413 713 1413 719 1414 718 1414 726 1414 726 1415 727 1415 719 1415 727 1416 726 1416 734 1416 734 1417 735 1417 727 1417 723 1418 722 1418 730 1418 730 1419 731 1419 723 1419 722 1420 721 1420 729 1420 729 1421 730 1421 722 1421 726 1422 725 1422 733 1422 733 1423 734 1423 726 1423 721 1424 720 1424 728 1424 728 1425 729 1425 721 1425 725 1426 724 1426 732 1426 732 1427 733 1427 725 1427 784 1428 723 1428 731 1428 731 1429 785 1429 784 1429 785 1430 731 1430 739 1430 739 1431 786 1431 785 1431 731 1432 730 1432 738 1432 738 1433 739 1433 731 1433 735 1434 734 1434 742 1434 742 1435 743 1435 735 1435 734 1436 733 1436 741 1436 741 1437 742 1437 734 1437 730 1438 729 1438 737 1438 737 1439 738 1439 730 1439 729 1440 728 1440 736 1440 736 1441 737 1441 729 1441 733 1442 732 1442 740 1442 740 1443 741 1443 733 1443 739 1444 738 1444 746 1444 746 1445 747 1445 739 1445 743 1446 742 1446 750 1446 750 1447 751 1447 743 1447 738 1448 737 1448 745 1448 745 1449 746 1449 738 1449 742 1450 741 1450 749 1450 749 1451 750 1451 742 1451 741 1452 740 1452 748 1452 748 1453 749 1453 741 1453 737 1454 736 1454 744 1454 744 1455 745 1455 737 1455 750 1456 749 1456 755 1456 755 1457 756 1457 750 1457 745 1458 744 1458 752 1458 752 1459 753 1459 745 1459 751 1460 750 1460 756 1460 756 1461 757 1461 751 1461 746 1462 745 1462 753 1462 753 1463 754 1463 746 1463 754 1464 753 1464 759 1464 759 1465 760 1465 754 1465 756 1466 755 1466 761 1466 761 1467 762 1467 756 1467 753 1468 752 1468 758 1468 758 1469 759 1469 753 1469 757 1470 756 1470 762 1470 762 1471 763 1471 757 1471 763 1472 762 1472 766 1472 766 1473 767 1473 763 1473 759 1474 758 1474 764 1474 764 1475 765 1475 759 1475 767 1476 766 1476 771 1476 771 1477 772 1477 767 1477 765 1478 764 1478 769 1478 769 1479 770 1479 765 1479 772 1480 771 1480 777 1480 777 1481 778 1481 772 1481 709 1482 455 1482 459 1482 450 1483 768 1483 456 1483 456 1484 768 1484 460 1484 709 1485 459 1485 463 1485 460 1486 768 1486 464 1486 709 1487 463 1487 468 1487 709 1488 468 1488 474 1488 464 1489 768 1489 469 1489 709 1490 474 1490 480 1490 469 1491 768 1491 475 1491 709 1492 480 1492 488 1492 475 1493 768 1493 481 1493 481 1494 768 1494 489 1494 709 1495 488 1495 501 1495 489 1496 768 1496 502 1496 709 1497 501 1497 516 1497 709 1498 516 1498 531 1498 502 1499 768 1499 517 1499 709 1500 531 1500 546 1500 517 1501 768 1501 532 1501 532 1502 768 1502 547 1502 709 1503 546 1503 561 1503 547 1504 768 1504 562 1504 709 1505 561 1505 576 1505 562 1506 768 1506 577 1506 709 1507 576 1507 591 1507 577 1508 768 1508 592 1508 709 1509 591 1509 606 1509 709 1510 606 1510 621 1510 592 1511 768 1511 607 1511 607 1512 768 1512 622 1512 709 1513 621 1513 636 1513 622 1514 768 1514 637 1514 709 1515 636 1515 651 1515 637 1516 768 1516 652 1516 709 1517 651 1517 666 1517 652 1518 768 1518 667 1518 709 1519 666 1519 681 1519 709 1520 681 1520 696 1520 667 1521 768 1521 682 1521 682 1522 768 1522 697 1522 709 1523 696 1523 708 1523 697 1524 768 1524 710 1524 709 1525 708 1525 719 1525 710 1526 768 1526 720 1526 709 1527 719 1527 727 1527 709 1528 727 1528 735 1528 720 1529 768 1529 728 1529 709 1530 735 1530 743 1530 728 1531 768 1531 736 1531 736 1532 768 1532 744 1532 709 1533 743 1533 751 1533 744 1534 768 1534 752 1534 709 1535 751 1535 757 1535 752 1536 768 1536 758 1536 709 1537 757 1537 763 1537 709 1538 763 1538 767 1538 758 1539 768 1539 764 1539 709 1540 767 1540 772 1540 764 1541 768 1541 769 1541 769 1542 768 1542 773 1542 709 1543 772 1543 778 1543 773 1544 768 1544 450 1544 709 1545 778 1545 455 1545 775 1546 774 1546 451 1546 451 1547 452 1547 775 1547 777 1548 776 1548 453 1548 453 1549 454 1549 777 1549 690 1550 689 1550 782 1550 782 1551 788 1551 690 1551 703 1552 791 1552 794 1552 724 1553 789 1553 790 1553 790 1554 732 1554 724 1554 715 1555 793 1555 792 1555 732 1556 790 1556 795 1556 795 1557 740 1557 732 1557 800 1558 815 1558 814 1558 814 1559 799 1559 800 1559 805 1560 820 1560 819 1560 819 1561 804 1561 805 1561 810 1562 825 1562 824 1562 824 1563 809 1563 810 1563 799 1564 814 1564 813 1564 813 1565 798 1565 799 1565 798 1566 813 1566 812 1566 812 1567 797 1567 798 1567 804 1568 819 1568 818 1568 818 1569 803 1569 804 1569 809 1570 824 1570 823 1570 823 1571 808 1571 809 1571 797 1572 812 1572 811 1572 811 1573 796 1573 797 1573 803 1574 818 1574 817 1574 817 1575 802 1575 803 1575 802 1576 817 1576 816 1576 816 1577 801 1577 802 1577 808 1578 823 1578 822 1578 822 1579 807 1579 808 1579 801 1580 816 1580 815 1580 815 1581 800 1581 801 1581 807 1582 822 1582 821 1582 821 1583 806 1583 807 1583 806 1584 821 1584 820 1584 820 1585 805 1585 806 1585 816 1586 831 1586 830 1586 830 1587 815 1587 816 1587 822 1588 837 1588 836 1588 836 1589 821 1589 822 1589 821 1590 836 1590 835 1590 835 1591 820 1591 821 1591 815 1592 830 1592 829 1592 829 1593 814 1593 815 1593 820 1594 835 1594 834 1594 834 1595 819 1595 820 1595 825 1596 840 1596 839 1596 839 1597 824 1597 825 1597 814 1598 829 1598 828 1598 828 1599 813 1599 814 1599 813 1600 828 1600 827 1600 827 1601 812 1601 813 1601 819 1602 834 1602 833 1602 833 1603 818 1603 819 1603 824 1604 839 1604 838 1604 838 1605 823 1605 824 1605 812 1606 827 1606 826 1606 826 1607 811 1607 812 1607 818 1608 833 1608 832 1608 832 1609 817 1609 818 1609 817 1610 832 1610 831 1610 831 1611 816 1611 817 1611 823 1612 838 1612 837 1612 837 1613 822 1613 823 1613 838 1614 853 1614 852 1614 852 1615 837 1615 838 1615 832 1616 847 1616 846 1616 846 1617 831 1617 832 1617 831 1618 846 1618 845 1618 845 1619 830 1619 831 1619 837 1620 852 1620 851 1620 851 1621 836 1621 837 1621 830 1622 845 1622 844 1622 844 1623 829 1623 830 1623 836 1624 851 1624 850 1624 850 1625 835 1625 836 1625 835 1626 850 1626 849 1626 849 1627 834 1627 835 1627 829 1628 844 1628 843 1628 843 1629 828 1629 829 1629 834 1630 849 1630 848 1630 848 1631 833 1631 834 1631 840 1632 855 1632 854 1632 854 1633 839 1633 840 1633 839 1634 854 1634 853 1634 853 1635 838 1635 839 1635 828 1636 843 1636 842 1636 842 1637 827 1637 828 1637 827 1638 842 1638 841 1638 841 1639 826 1639 827 1639 833 1640 848 1640 847 1640 847 1641 832 1641 833 1641 843 1642 858 1642 857 1642 857 1643 842 1643 843 1643 848 1644 863 1644 862 1644 862 1645 847 1645 848 1645 854 1646 869 1646 868 1646 868 1647 853 1647 854 1647 853 1648 868 1648 867 1648 867 1649 852 1649 853 1649 842 1650 857 1650 856 1650 856 1651 841 1651 842 1651 847 1652 862 1652 861 1652 861 1653 846 1653 847 1653 852 1654 867 1654 866 1654 866 1655 851 1655 852 1655 846 1656 861 1656 860 1656 860 1657 845 1657 846 1657 845 1658 860 1658 859 1658 859 1659 844 1659 845 1659 851 1660 866 1660 865 1660 865 1661 850 1661 851 1661 844 1662 859 1662 858 1662 858 1663 843 1663 844 1663 850 1664 865 1664 864 1664 864 1665 849 1665 850 1665 849 1666 864 1666 863 1666 863 1667 848 1667 849 1667 855 1668 870 1668 869 1668 869 1669 854 1669 855 1669 865 1670 880 1670 879 1670 879 1671 864 1671 865 1671 870 1672 885 1672 884 1672 884 1673 869 1673 870 1673 858 1674 873 1674 872 1674 872 1675 857 1675 858 1675 864 1676 879 1676 878 1676 878 1677 863 1677 864 1677 863 1678 878 1678 877 1678 877 1679 862 1679 863 1679 869 1680 884 1680 883 1680 883 1681 868 1681 869 1681 857 1682 872 1682 871 1682 871 1683 856 1683 857 1683 862 1684 877 1684 876 1684 876 1685 861 1685 862 1685 868 1686 883 1686 882 1686 882 1687 867 1687 868 1687 867 1688 882 1688 881 1688 881 1689 866 1689 867 1689 861 1690 876 1690 875 1690 875 1691 860 1691 861 1691 866 1692 881 1692 880 1692 880 1693 865 1693 866 1693 860 1694 875 1694 874 1694 874 1695 859 1695 860 1695 859 1696 874 1696 873 1696 873 1697 858 1697 859 1697 875 1698 890 1698 889 1698 889 1699 874 1699 875 1699 880 1700 895 1700 894 1700 894 1701 879 1701 880 1701 885 1702 900 1702 899 1702 899 1703 884 1703 885 1703 874 1704 889 1704 888 1704 888 1705 873 1705 874 1705 873 1706 888 1706 887 1706 887 1707 872 1707 873 1707 879 1708 894 1708 893 1708 893 1709 878 1709 879 1709 884 1710 899 1710 898 1710 898 1711 883 1711 884 1711 872 1712 887 1712 886 1712 886 1713 871 1713 872 1713 878 1714 893 1714 892 1714 892 1715 877 1715 878 1715 877 1716 892 1716 891 1716 891 1717 876 1717 877 1717 883 1718 898 1718 897 1718 897 1719 882 1719 883 1719 876 1720 891 1720 890 1720 890 1721 875 1721 876 1721 882 1722 897 1722 896 1722 896 1723 881 1723 882 1723 881 1724 896 1724 895 1724 895 1725 880 1725 881 1725 891 1726 906 1726 905 1726 905 1727 890 1727 891 1727 897 1728 912 1728 911 1728 911 1729 896 1729 897 1729 890 1730 905 1730 904 1730 904 1731 889 1731 890 1731 896 1732 911 1732 910 1732 910 1733 895 1733 896 1733 895 1734 910 1734 909 1734 909 1735 894 1735 895 1735 889 1736 904 1736 903 1736 903 1737 888 1737 889 1737 894 1738 909 1738 908 1738 908 1739 893 1739 894 1739 900 1740 915 1740 914 1740 914 1741 899 1741 900 1741 899 1742 914 1742 913 1742 913 1743 898 1743 899 1743 888 1744 903 1744 902 1744 902 1745 887 1745 888 1745 887 1746 902 1746 901 1746 901 1747 886 1747 887 1747 893 1748 908 1748 907 1748 907 1749 892 1749 893 1749 898 1750 913 1750 912 1750 912 1751 897 1751 898 1751 892 1752 907 1752 906 1752 906 1753 891 1753 892 1753 913 1754 928 1754 927 1754 927 1755 912 1755 913 1755 902 1756 917 1756 916 1756 916 1757 901 1757 902 1757 907 1758 922 1758 921 1758 921 1759 906 1759 907 1759 912 1760 927 1760 926 1760 926 1761 911 1761 912 1761 906 1762 921 1762 920 1762 920 1763 905 1763 906 1763 905 1764 920 1764 919 1764 919 1765 904 1765 905 1765 911 1766 926 1766 925 1766 925 1767 910 1767 911 1767 904 1768 919 1768 918 1768 918 1769 903 1769 904 1769 910 1770 925 1770 924 1770 924 1771 909 1771 910 1771 909 1772 924 1772 923 1772 923 1773 908 1773 909 1773 915 1774 930 1774 929 1774 929 1775 914 1775 915 1775 903 1776 918 1776 917 1776 917 1777 902 1777 903 1777 908 1778 923 1778 922 1778 922 1779 907 1779 908 1779 914 1780 929 1780 928 1780 928 1781 913 1781 914 1781 918 1782 933 1782 932 1782 932 1783 917 1783 918 1783 924 1784 939 1784 938 1784 938 1785 923 1785 924 1785 923 1786 938 1786 937 1786 937 1787 922 1787 923 1787 929 1788 944 1788 943 1788 943 1789 928 1789 929 1789 917 1790 932 1790 931 1790 931 1791 916 1791 917 1791 922 1792 937 1792 936 1792 936 1793 921 1793 922 1793 928 1794 943 1794 942 1794 942 1795 927 1795 928 1795 927 1796 942 1796 941 1796 941 1797 926 1797 927 1797 921 1798 936 1798 935 1798 935 1799 920 1799 921 1799 926 1800 941 1800 940 1800 940 1801 925 1801 926 1801 920 1802 935 1802 934 1802 934 1803 919 1803 920 1803 919 1804 934 1804 933 1804 933 1805 918 1805 919 1805 925 1806 940 1806 939 1806 939 1807 924 1807 925 1807 930 1808 945 1808 944 1808 944 1809 929 1809 930 1809 945 1810 960 1810 959 1810 959 1811 944 1811 945 1811 934 1812 949 1812 948 1812 948 1813 933 1813 934 1813 933 1814 948 1814 947 1814 947 1815 932 1815 933 1815 939 1816 954 1816 953 1816 953 1817 938 1817 939 1817 944 1818 959 1818 958 1818 958 1819 943 1819 944 1819 932 1820 947 1820 946 1820 946 1821 931 1821 932 1821 938 1822 953 1822 952 1822 952 1823 937 1823 938 1823 937 1824 952 1824 951 1824 951 1825 936 1825 937 1825 943 1826 958 1826 957 1826 957 1827 942 1827 943 1827 936 1828 951 1828 950 1828 950 1829 935 1829 936 1829 942 1830 957 1830 956 1830 956 1831 941 1831 942 1831 941 1832 956 1832 955 1832 955 1833 940 1833 941 1833 935 1834 950 1834 949 1834 949 1835 934 1835 935 1835 940 1836 955 1836 954 1836 954 1837 939 1837 940 1837 950 1838 965 1838 964 1838 964 1839 949 1839 950 1839 956 1840 971 1840 970 1840 970 1841 955 1841 956 1841 955 1842 970 1842 969 1842 969 1843 954 1843 955 1843 949 1844 964 1844 963 1844 963 1845 948 1845 949 1845 954 1846 969 1846 968 1846 968 1847 953 1847 954 1847 960 1848 975 1848 974 1848 974 1849 959 1849 960 1849 959 1850 974 1850 973 1850 973 1851 958 1851 959 1851 948 1852 963 1852 962 1852 962 1853 947 1853 948 1853 947 1854 962 1854 961 1854 961 1855 946 1855 947 1855 953 1856 968 1856 967 1856 967 1857 952 1857 953 1857 958 1858 973 1858 972 1858 972 1859 957 1859 958 1859 952 1860 967 1860 966 1860 966 1861 951 1861 952 1861 951 1862 966 1862 965 1862 965 1863 950 1863 951 1863 957 1864 972 1864 971 1864 971 1865 956 1865 957 1865 972 1866 987 1866 986 1866 986 1867 971 1867 972 1867 966 1868 981 1868 980 1868 980 1869 965 1869 966 1869 965 1870 980 1870 979 1870 979 1871 964 1871 965 1871 971 1872 986 1872 985 1872 985 1873 970 1873 971 1873 964 1874 979 1874 978 1874 978 1875 963 1875 964 1875 970 1876 985 1876 984 1876 984 1877 969 1877 970 1877 969 1878 984 1878 983 1878 983 1879 968 1879 969 1879 975 1880 990 1880 989 1880 989 1881 974 1881 975 1881 963 1882 978 1882 977 1882 977 1883 962 1883 963 1883 968 1884 983 1884 982 1884 982 1885 967 1885 968 1885 974 1886 989 1886 988 1886 988 1887 973 1887 974 1887 973 1888 988 1888 987 1888 987 1889 972 1889 973 1889 962 1890 977 1890 976 1890 976 1891 961 1891 962 1891 967 1892 982 1892 981 1892 981 1893 966 1893 967 1893 977 1894 992 1894 991 1894 991 1895 976 1895 977 1895 982 1896 997 1896 996 1896 996 1897 981 1897 982 1897 988 1898 1003 1898 1002 1898 1002 1899 987 1899 988 1899 987 1900 1002 1900 1001 1900 1001 1901 986 1901 987 1901 981 1902 996 1902 995 1902 995 1903 980 1903 981 1903 986 1904 1001 1904 1000 1904 1000 1905 985 1905 986 1905 980 1906 995 1906 994 1906 994 1907 979 1907 980 1907 979 1908 994 1908 993 1908 993 1909 978 1909 979 1909 985 1910 1000 1910 999 1910 999 1911 984 1911 985 1911 990 1912 1005 1912 1004 1912 1004 1913 989 1913 990 1913 978 1914 993 1914 992 1914 992 1915 977 1915 978 1915 984 1916 999 1916 998 1916 998 1917 983 1917 984 1917 983 1918 998 1918 997 1918 997 1919 982 1919 983 1919 989 1920 1004 1920 1003 1920 1003 1921 988 1921 989 1921 999 1922 1014 1922 1013 1922 1013 1923 998 1923 999 1923 1004 1924 1019 1924 1018 1924 1018 1925 1003 1925 1004 1925 992 1926 1007 1926 1006 1926 1006 1927 991 1927 992 1927 998 1928 1013 1928 1012 1928 1012 1929 997 1929 998 1929 997 1930 1012 1930 1011 1930 1011 1931 996 1931 997 1931 1003 1932 1018 1932 1017 1932 1017 1933 1002 1933 1003 1933 996 1934 1011 1934 1010 1934 1010 1935 995 1935 996 1935 1002 1936 1017 1936 1016 1936 1016 1937 1001 1937 1002 1937 1001 1938 1016 1938 1015 1938 1015 1939 1000 1939 1001 1939 995 1940 1010 1940 1009 1940 1009 1941 994 1941 995 1941 1000 1942 1015 1942 1014 1942 1014 1943 999 1943 1000 1943 1005 1944 1020 1944 1019 1944 1019 1945 1004 1945 1005 1945 994 1946 1009 1946 1008 1946 1008 1947 993 1947 994 1947 993 1948 1008 1948 1007 1948 1007 1949 992 1949 993 1949 1009 1950 1024 1950 1023 1950 1023 1951 1008 1951 1009 1951 1014 1952 1029 1952 1028 1952 1028 1953 1013 1953 1014 1953 1020 1954 1035 1954 1034 1954 1034 1955 1019 1955 1020 1955 1019 1956 1034 1956 1033 1956 1033 1957 1018 1957 1019 1957 1008 1958 1023 1958 1022 1958 1022 1959 1007 1959 1008 1959 1007 1960 1022 1960 1021 1960 1021 1961 1006 1961 1007 1961 1013 1962 1028 1962 1027 1962 1027 1963 1012 1963 1013 1963 1018 1964 1033 1964 1032 1964 1032 1965 1017 1965 1018 1965 1012 1966 1027 1966 1026 1966 1026 1967 1011 1967 1012 1967 1011 1968 1026 1968 1025 1968 1025 1969 1010 1969 1011 1969 1017 1970 1032 1970 1031 1970 1031 1971 1016 1971 1017 1971 1010 1972 1025 1972 1024 1972 1024 1973 1009 1973 1010 1973 1016 1974 1031 1974 1030 1974 1030 1975 1015 1975 1016 1975 1015 1976 1030 1976 1029 1976 1029 1977 1014 1977 1015 1977 1025 1978 1040 1978 1039 1978 1039 1979 1024 1979 1025 1979 1031 1980 1046 1980 1045 1980 1045 1981 1030 1981 1031 1981 1024 1982 1039 1982 1038 1982 1038 1983 1023 1983 1024 1983 1030 1984 1045 1984 1044 1984 1044 1985 1029 1985 1030 1985 1029 1986 1044 1986 1043 1986 1043 1987 1028 1987 1029 1987 1035 1988 1050 1988 1049 1988 1049 1989 1034 1989 1035 1989 1023 1990 1038 1990 1037 1990 1037 1991 1022 1991 1023 1991 1028 1992 1043 1992 1042 1992 1042 1993 1027 1993 1028 1993 1034 1994 1049 1994 1048 1994 1048 1995 1033 1995 1034 1995 1033 1996 1048 1996 1047 1996 1047 1997 1032 1997 1033 1997 1022 1998 1037 1998 1036 1998 1036 1999 1021 1999 1022 1999 1027 2000 1042 2000 1041 2000 1041 2001 1026 2001 1027 2001 1032 2002 1047 2002 1046 2002 1046 2003 1031 2003 1032 2003 1026 2004 1041 2004 1040 2004 1040 2005 1025 2005 1026 2005 1047 2006 1062 2006 1061 2006 1061 2007 1046 2007 1047 2007 1041 2008 1056 2008 1055 2008 1055 2009 1040 2009 1041 2009 1046 2010 1061 2010 1060 2010 1060 2011 1045 2011 1046 2011 1040 2012 1055 2012 1054 2012 1054 2013 1039 2013 1040 2013 1039 2014 1054 2014 1053 2014 1053 2015 1038 2015 1039 2015 1045 2016 1060 2016 1059 2016 1059 2017 1044 2017 1045 2017 1050 2018 1065 2018 1064 2018 1064 2019 1049 2019 1050 2019 1038 2020 1053 2020 1052 2020 1052 2021 1037 2021 1038 2021 1044 2022 1059 2022 1058 2022 1058 2023 1043 2023 1044 2023 1043 2024 1058 2024 1057 2024 1057 2025 1042 2025 1043 2025 1049 2026 1064 2026 1063 2026 1063 2027 1048 2027 1049 2027 1037 2028 1052 2028 1051 2028 1051 2029 1036 2029 1037 2029 1042 2030 1057 2030 1056 2030 1056 2031 1041 2031 1042 2031 1048 2032 1063 2032 1062 2032 1062 2033 1047 2033 1048 2033 1052 2034 1067 2034 1066 2034 1066 2035 1051 2035 1052 2035 1058 2036 1073 2036 1072 2036 1072 2037 1057 2037 1058 2037 1057 2038 1072 2038 1071 2038 1071 2039 1056 2039 1057 2039 1063 2040 1078 2040 1077 2040 1077 2041 1062 2041 1063 2041 1056 2042 1071 2042 1070 2042 1070 2043 1055 2043 1056 2043 1062 2044 1077 2044 1076 2044 1076 2045 1061 2045 1062 2045 1061 2046 1076 2046 1075 2046 1075 2047 1060 2047 1061 2047 1055 2048 1070 2048 1069 2048 1069 2049 1054 2049 1055 2049 1060 2050 1075 2050 1074 2050 1074 2051 1059 2051 1060 2051 1065 2052 1080 2052 1079 2052 1079 2053 1064 2053 1065 2053 1054 2054 1069 2054 1068 2054 1068 2055 1053 2055 1054 2055 1053 2056 1068 2056 1067 2056 1067 2057 1052 2057 1053 2057 1059 2058 1074 2058 1073 2058 1073 2059 1058 2059 1059 2059 1064 2060 1079 2060 1078 2060 1078 2061 1063 2061 1064 2061 1080 2062 1095 2062 1094 2062 1094 2063 1079 2063 1080 2063 1079 2064 1094 2064 1093 2064 1093 2065 1078 2065 1079 2065 1068 2066 1083 2066 1082 2066 1082 2067 1067 2067 1068 2067 1067 2068 1082 2068 1081 2068 1081 2069 1066 2069 1067 2069 1073 2070 1088 2070 1087 2070 1087 2071 1072 2071 1073 2071 1078 2072 1093 2072 1092 2072 1092 2073 1077 2073 1078 2073 1072 2074 1087 2074 1086 2074 1086 2075 1071 2075 1072 2075 1071 2076 1086 2076 1085 2076 1085 2077 1070 2077 1071 2077 1077 2078 1092 2078 1091 2078 1091 2079 1076 2079 1077 2079 1070 2080 1085 2080 1084 2080 1084 2081 1069 2081 1070 2081 1076 2082 1091 2082 1090 2082 1090 2083 1075 2083 1076 2083 1075 2084 1090 2084 1089 2084 1089 2085 1074 2085 1075 2085 1069 2086 1084 2086 1083 2086 1083 2087 1068 2087 1069 2087 1074 2088 1089 2088 1088 2088 1088 2089 1073 2089 1074 2089 1084 2090 1099 2090 1098 2090 1098 2091 1083 2091 1084 2091 1090 2092 1105 2092 1104 2092 1104 2093 1089 2093 1090 2093 1089 2094 1104 2094 1103 2094 1103 2095 1088 2095 1089 2095 1095 2096 1110 2096 1109 2096 1109 2097 1094 2097 1095 2097 1083 2098 1098 2098 1097 2098 1097 2099 1082 2099 1083 2099 1088 2100 1103 2100 1102 2100 1102 2101 1087 2101 1088 2101 1094 2102 1109 2102 1108 2102 1108 2103 1093 2103 1094 2103 1093 2104 1108 2104 1107 2104 1107 2105 1092 2105 1093 2105 1082 2106 1097 2106 1096 2106 1096 2107 1081 2107 1082 2107 1087 2108 1102 2108 1101 2108 1101 2109 1086 2109 1087 2109 1092 2110 1107 2110 1106 2110 1106 2111 1091 2111 1092 2111 1086 2112 1101 2112 1100 2112 1100 2113 1085 2113 1086 2113 1085 2114 1100 2114 1099 2114 1099 2115 1084 2115 1085 2115 1091 2116 1106 2116 1105 2116 1105 2117 1090 2117 1091 2117 1106 2118 1121 2118 1120 2118 1120 2119 1105 2119 1106 2119 1100 2120 1115 2120 1114 2120 1114 2121 1099 2121 1100 2121 1099 2122 1114 2122 1113 2122 1113 2123 1098 2123 1099 2123 1105 2124 1120 2124 1119 2124 1119 2125 1104 2125 1105 2125 1110 2126 1125 2126 1124 2126 1124 2127 1109 2127 1110 2127 1098 2128 1113 2128 1112 2128 1112 2129 1097 2129 1098 2129 1104 2130 1119 2130 1118 2130 1118 2131 1103 2131 1104 2131 1103 2132 1118 2132 1117 2132 1117 2133 1102 2133 1103 2133 1109 2134 1124 2134 1123 2134 1123 2135 1108 2135 1109 2135 1097 2136 1112 2136 1111 2136 1111 2137 1096 2137 1097 2137 1102 2138 1117 2138 1116 2138 1116 2139 1101 2139 1102 2139 1108 2140 1123 2140 1122 2140 1122 2141 1107 2141 1108 2141 1107 2142 1122 2142 1121 2142 1121 2143 1106 2143 1107 2143 1101 2144 1116 2144 1115 2144 1115 2145 1100 2145 1101 2145 1116 2146 1132 2146 1131 2146 1131 2147 1115 2147 1116 2147 1122 2148 1138 2148 1137 2148 1137 2149 1121 2149 1122 2149 1121 2150 1137 2150 1136 2150 1136 2151 1120 2151 1121 2151 1115 2152 1131 2152 1130 2152 1130 2153 1114 2153 1115 2153 1120 2154 1136 2154 1135 2154 1135 2155 1119 2155 1120 2155 1125 2156 1141 2156 1140 2156 1140 2157 1124 2157 1125 2157 1114 2158 1130 2158 1129 2158 1129 2159 1113 2159 1114 2159 1113 2160 1129 2160 1128 2160 1128 2161 1112 2161 1113 2161 1119 2162 1135 2162 1134 2162 1134 2163 1118 2163 1119 2163 1124 2164 1140 2164 1139 2164 1139 2165 1123 2165 1124 2165 1112 2166 1128 2166 1127 2166 1127 2167 1111 2167 1112 2167 1118 2168 1134 2168 1133 2168 1133 2169 1117 2169 1118 2169 1117 2170 1133 2170 1132 2170 1132 2171 1116 2171 1117 2171 1123 2172 1139 2172 1138 2172 1138 2173 1122 2173 1123 2173 1134 2174 1149 2174 1148 2174 1148 2175 1133 2175 1134 2175 1139 2176 1154 2176 1153 2176 1153 2177 1138 2177 1139 2177 1133 2178 1148 2178 1147 2178 1147 2179 1132 2179 1133 2179 1132 2180 1147 2180 1146 2180 1146 2181 1131 2181 1132 2181 1138 2182 1153 2182 1152 2182 1152 2183 1137 2183 1138 2183 1131 2184 1146 2184 1145 2184 1145 2185 1130 2185 1131 2185 1137 2186 1152 2186 1151 2186 1151 2187 1136 2187 1137 2187 1136 2188 1151 2188 1150 2188 1150 2189 1135 2189 1136 2189 1130 2190 1145 2190 1144 2190 1144 2191 1129 2191 1130 2191 1135 2192 1150 2192 1149 2192 1149 2193 1134 2193 1135 2193 1141 2194 1156 2194 1155 2194 1155 2195 1140 2195 1141 2195 1140 2196 1155 2196 1154 2196 1154 2197 1139 2197 1140 2197 1129 2198 1144 2198 1143 2198 1143 2199 1128 2199 1129 2199 1128 2200 1143 2200 1142 2200 1142 2201 1127 2201 1128 2201 1144 2202 1159 2202 1158 2202 1158 2203 1143 2203 1144 2203 1149 2204 1164 2204 1163 2204 1163 2205 1148 2205 1149 2205 1155 2206 1170 2206 1169 2206 1169 2207 1154 2207 1155 2207 1154 2208 1169 2208 1168 2208 1168 2209 1153 2209 1154 2209 1143 2210 1158 2210 1157 2210 1157 2211 1142 2211 1143 2211 1148 2212 1163 2212 1162 2212 1162 2213 1147 2213 1148 2213 1153 2214 1168 2214 1167 2214 1167 2215 1152 2215 1153 2215 1147 2216 1162 2216 1161 2216 1161 2217 1146 2217 1147 2217 1146 2218 1161 2218 1160 2218 1160 2219 1145 2219 1146 2219 1152 2220 1167 2220 1166 2220 1166 2221 1151 2221 1152 2221 1145 2222 1160 2222 1159 2222 1159 2223 1144 2223 1145 2223 1151 2224 1166 2224 1165 2224 1165 2225 1150 2225 1151 2225 1150 2226 1165 2226 1164 2226 1164 2227 1149 2227 1150 2227 1156 2228 1171 2228 1170 2228 1170 2229 1155 2229 1156 2229 1160 2230 1175 2230 1174 2230 1174 2231 1159 2231 1160 2231 1166 2232 1181 2232 1180 2232 1180 2233 1165 2233 1166 2233 1171 2234 1186 2234 1185 2234 1185 2235 1170 2235 1171 2235 1159 2236 1174 2236 1173 2236 1173 2237 1158 2237 1159 2237 1165 2238 1180 2238 1179 2238 1179 2239 1164 2239 1165 2239 1164 2240 1179 2240 1178 2240 1178 2241 1163 2241 1164 2241 1170 2242 1185 2242 1184 2242 1184 2243 1169 2243 1170 2243 1158 2244 1173 2244 1172 2244 1172 2245 1157 2245 1158 2245 1163 2246 1178 2246 1177 2246 1177 2247 1162 2247 1163 2247 1169 2248 1184 2248 1183 2248 1183 2249 1168 2249 1169 2249 1168 2250 1183 2250 1182 2250 1182 2251 1167 2251 1168 2251 1162 2252 1177 2252 1176 2252 1176 2253 1161 2253 1162 2253 1167 2254 1182 2254 1181 2254 1181 2255 1166 2255 1167 2255 1161 2256 1176 2256 1175 2256 1175 2257 1160 2257 1161 2257 1182 2258 1197 2258 1196 2258 1196 2259 1181 2259 1182 2259 1176 2260 1191 2260 1190 2260 1190 2261 1175 2261 1176 2261 1181 2262 1196 2262 1195 2262 1195 2263 1180 2263 1181 2263 1186 2264 1201 2264 1200 2264 1200 2265 1185 2265 1186 2265 1175 2266 1190 2266 1189 2266 1189 2267 1174 2267 1175 2267 1174 2268 1189 2268 1188 2268 1188 2269 1173 2269 1174 2269 1180 2270 1195 2270 1194 2270 1194 2271 1179 2271 1180 2271 1185 2272 1200 2272 1199 2272 1199 2273 1184 2273 1185 2273 1173 2274 1188 2274 1187 2274 1187 2275 1172 2275 1173 2275 1179 2276 1194 2276 1193 2276 1193 2277 1178 2277 1179 2277 1178 2278 1193 2278 1192 2278 1192 2279 1177 2279 1178 2279 1184 2280 1199 2280 1198 2280 1198 2281 1183 2281 1184 2281 1177 2282 1192 2282 1191 2282 1191 2283 1176 2283 1177 2283 1183 2284 1198 2284 1197 2284 1197 2285 1182 2285 1183 2285 1193 2286 1208 2286 1207 2286 1207 2287 1192 2287 1193 2287 1192 2288 1207 2288 1206 2288 1206 2289 1191 2289 1192 2289 1198 2290 1213 2290 1212 2290 1212 2291 1197 2291 1198 2291 1191 2292 1206 2292 1205 2292 1205 2293 1190 2293 1191 2293 1197 2294 1212 2294 1211 2294 1211 2295 1196 2295 1197 2295 1196 2296 1211 2296 1210 2296 1210 2297 1195 2297 1196 2297 1190 2298 1205 2298 1204 2298 1204 2299 1189 2299 1190 2299 1195 2300 1210 2300 1209 2300 1209 2301 1194 2301 1195 2301 1201 2302 1216 2302 1215 2302 1215 2303 1200 2303 1201 2303 1200 2304 1215 2304 1214 2304 1214 2305 1199 2305 1200 2305 1189 2306 1204 2306 1203 2306 1203 2307 1188 2307 1189 2307 1188 2308 1203 2308 1202 2308 1202 2309 1187 2309 1188 2309 1194 2310 1209 2310 1208 2310 1208 2311 1193 2311 1194 2311 1199 2312 1214 2312 1213 2312 1213 2313 1198 2313 1199 2313 1215 2314 1230 2314 1229 2314 1229 2315 1214 2315 1215 2315 1214 2316 1229 2316 1228 2316 1228 2317 1213 2317 1214 2317 1203 2318 1218 2318 1217 2318 1217 2319 1202 2319 1203 2319 1208 2320 1223 2320 1222 2320 1222 2321 1207 2321 1208 2321 1213 2322 1228 2322 1227 2322 1227 2323 1212 2323 1213 2323 1207 2324 1222 2324 1221 2324 1221 2325 1206 2325 1207 2325 1206 2326 1221 2326 1220 2326 1220 2327 1205 2327 1206 2327 1212 2328 1227 2328 1226 2328 1226 2329 1211 2329 1212 2329 1205 2330 1220 2330 1219 2330 1219 2331 1204 2331 1205 2331 1211 2332 1226 2332 1225 2332 1225 2333 1210 2333 1211 2333 1210 2334 1225 2334 1224 2334 1224 2335 1209 2335 1210 2335 1216 2336 1231 2336 1230 2336 1230 2337 1215 2337 1216 2337 1204 2338 1219 2338 1218 2338 1218 2339 1203 2339 1204 2339 1209 2340 1224 2340 1223 2340 1223 2341 1208 2341 1209 2341 1219 2342 1234 2342 1233 2342 1233 2343 1218 2343 1219 2343 1225 2344 1240 2344 1239 2344 1239 2345 1224 2345 1225 2345 1224 2346 1239 2346 1238 2346 1238 2347 1223 2347 1224 2347 1230 2348 1245 2348 1244 2348 1244 2349 1229 2349 1230 2349 1218 2350 1233 2350 1232 2350 1232 2351 1217 2351 1218 2351 1223 2352 1238 2352 1237 2352 1237 2353 1222 2353 1223 2353 1229 2354 1244 2354 1243 2354 1243 2355 1228 2355 1229 2355 1228 2356 1243 2356 1242 2356 1242 2357 1227 2357 1228 2357 1222 2358 1237 2358 1236 2358 1236 2359 1221 2359 1222 2359 1227 2360 1242 2360 1241 2360 1241 2361 1226 2361 1227 2361 1221 2362 1236 2362 1235 2362 1235 2363 1220 2363 1221 2363 1220 2364 1235 2364 1234 2364 1234 2365 1219 2365 1220 2365 1226 2366 1241 2366 1240 2366 1240 2367 1225 2367 1226 2367 1231 2368 1246 2368 1245 2368 1245 2369 1230 2369 1231 2369 1241 2370 1257 2370 1256 2370 1256 2371 1240 2371 1241 2371 1246 2372 1262 2372 1261 2372 1261 2373 1245 2373 1246 2373 1235 2374 1251 2374 1250 2374 1250 2375 1234 2375 1235 2375 1234 2376 1250 2376 1249 2376 1249 2377 1233 2377 1234 2377 1240 2378 1256 2378 1255 2378 1255 2379 1239 2379 1240 2379 1245 2380 1261 2380 1260 2380 1260 2381 1244 2381 1245 2381 1233 2382 1249 2382 1248 2382 1248 2383 1232 2383 1233 2383 1239 2384 1255 2384 1254 2384 1254 2385 1238 2385 1239 2385 1238 2386 1254 2386 1253 2386 1253 2387 1237 2387 1238 2387 1244 2388 1260 2388 1259 2388 1259 2389 1243 2389 1244 2389 1237 2390 1253 2390 1252 2390 1252 2391 1236 2391 1237 2391 1243 2392 1259 2392 1258 2392 1258 2393 1242 2393 1243 2393 1242 2394 1258 2394 1257 2394 1257 2395 1241 2395 1242 2395 1236 2396 1252 2396 1251 2396 1251 2397 1235 2397 1236 2397 1252 2398 1267 2398 1266 2398 1266 2399 1251 2399 1252 2399 1258 2400 1273 2400 1272 2400 1272 2401 1257 2401 1258 2401 1257 2402 1272 2402 1271 2402 1271 2403 1256 2403 1257 2403 1251 2404 1266 2404 1265 2404 1265 2405 1250 2405 1251 2405 1256 2406 1271 2406 1270 2406 1270 2407 1255 2407 1256 2407 1262 2408 1277 2408 1276 2408 1276 2409 1261 2409 1262 2409 1261 2410 1276 2410 1275 2410 1275 2411 1260 2411 1261 2411 1250 2412 1265 2412 1264 2412 1264 2413 1249 2413 1250 2413 1249 2414 1264 2414 1263 2414 1263 2415 1248 2415 1249 2415 1255 2416 1270 2416 1269 2416 1269 2417 1254 2417 1255 2417 1260 2418 1275 2418 1274 2418 1274 2419 1259 2419 1260 2419 1254 2420 1269 2420 1268 2420 1268 2421 1253 2421 1254 2421 1253 2422 1268 2422 1267 2422 1267 2423 1252 2423 1253 2423 1259 2424 1274 2424 1273 2424 1273 2425 1258 2425 1259 2425 1126 2426 825 2426 810 2426 796 2427 811 2427 1247 2427 1126 2428 840 2428 825 2428 811 2429 826 2429 1247 2429 826 2430 841 2430 1247 2430 1126 2431 855 2431 840 2431 841 2432 856 2432 1247 2432 1126 2433 870 2433 855 2433 856 2434 871 2434 1247 2434 1126 2435 885 2435 870 2435 1126 2436 900 2436 885 2436 871 2437 886 2437 1247 2437 1126 2438 915 2438 900 2438 886 2439 901 2439 1247 2439 901 2440 916 2440 1247 2440 1126 2441 930 2441 915 2441 916 2442 931 2442 1247 2442 1126 2443 945 2443 930 2443 1126 2444 960 2444 945 2444 931 2445 946 2445 1247 2445 1126 2446 975 2446 960 2446 946 2447 961 2447 1247 2447 1126 2448 990 2448 975 2448 961 2449 976 2449 1247 2449 976 2450 991 2450 1247 2450 1126 2451 1005 2451 990 2451 991 2452 1006 2452 1247 2452 1126 2453 1020 2453 1005 2453 1006 2454 1021 2454 1247 2454 1126 2455 1035 2455 1020 2455 1126 2456 1050 2456 1035 2456 1021 2457 1036 2457 1247 2457 1036 2458 1051 2458 1247 2458 1126 2459 1065 2459 1050 2459 1051 2460 1066 2460 1247 2460 1126 2461 1080 2461 1065 2461 1066 2462 1081 2462 1247 2462 1126 2463 1095 2463 1080 2463 1081 2464 1096 2464 1247 2464 1126 2465 1110 2465 1095 2465 1126 2466 1125 2466 1110 2466 1096 2467 1111 2467 1247 2467 1111 2468 1127 2468 1247 2468 1126 2469 1141 2469 1125 2469 1127 2470 1142 2470 1247 2470 1126 2471 1156 2471 1141 2471 1142 2472 1157 2472 1247 2472 1126 2473 1171 2473 1156 2473 1157 2474 1172 2474 1247 2474 1126 2475 1186 2475 1171 2475 1126 2476 1201 2476 1186 2476 1172 2477 1187 2477 1247 2477 1187 2478 1202 2478 1247 2478 1126 2479 1216 2479 1201 2479 1202 2480 1217 2480 1247 2480 1126 2481 1231 2481 1216 2481 1217 2482 1232 2482 1247 2482 1126 2483 1246 2483 1231 2483 1126 2484 1262 2484 1246 2484 1232 2485 1248 2485 1247 2485 1126 2486 1277 2486 1262 2486 1248 2487 1263 2487 1247 2487 1269 2488 802 2488 801 2488 801 2489 1268 2489 1269 2489 1274 2490 807 2490 806 2490 806 2491 1273 2491 1274 2491 1268 2492 801 2492 800 2492 800 2493 1267 2493 1268 2493 1267 2494 800 2494 799 2494 799 2495 1266 2495 1267 2495 1273 2496 806 2496 805 2496 805 2497 1272 2497 1273 2497 1126 2498 810 2498 1277 2498 1266 2499 799 2499 798 2499 798 2500 1265 2500 1266 2500 1272 2501 805 2501 804 2501 804 2502 1271 2502 1272 2502 1271 2503 804 2503 803 2503 803 2504 1270 2504 1271 2504 1277 2505 810 2505 809 2505 809 2506 1276 2506 1277 2506 1265 2507 798 2507 797 2507 797 2508 1264 2508 1265 2508 1270 2509 803 2509 802 2509 802 2510 1269 2510 1270 2510 1276 2511 809 2511 808 2511 808 2512 1275 2512 1276 2512 1275 2513 808 2513 807 2513 807 2514 1274 2514 1275 2514 1264 2515 797 2515 796 2515 796 2516 1263 2516 1264 2516 1263 2517 796 2517 1247 2517 1283 2518 1287 2518 1286 2518 1286 2519 1282 2519 1283 2519 1279 2520 1285 2520 1284 2520 1284 2521 1278 2521 1279 2521 1285 2522 1289 2522 1288 2522 1288 2523 1284 2523 1285 2523 1287 2524 1291 2524 1290 2524 1290 2525 1286 2525 1287 2525 1289 2526 1293 2526 1292 2526 1292 2527 1288 2527 1289 2527 1291 2528 1296 2528 1295 2528 1295 2529 1290 2529 1291 2529 1296 2530 1302 2530 1301 2530 1301 2531 1295 2531 1296 2531 1295 2532 1301 2532 1300 2532 1300 2533 1294 2533 1295 2533 1293 2534 1298 2534 1297 2534 1297 2535 1292 2535 1293 2535 1302 2536 1308 2536 1307 2536 1307 2537 1301 2537 1302 2537 1301 2538 1307 2538 1306 2538 1306 2539 1300 2539 1301 2539 1299 2540 1305 2540 1304 2540 1304 2541 1298 2541 1299 2541 1298 2542 1304 2542 1303 2542 1303 2543 1297 2543 1298 2543 1308 2544 1316 2544 1315 2544 1315 2545 1307 2545 1308 2545 1305 2546 1311 2546 1310 2546 1310 2547 1304 2547 1305 2547 1307 2548 1315 2548 1314 2548 1314 2549 1306 2549 1307 2549 1304 2550 1310 2550 1309 2550 1309 2551 1303 2551 1304 2551 1310 2552 1318 2552 1317 2552 1317 2553 1309 2553 1310 2553 1314 2554 1327 2554 1326 2554 1326 2555 1313 2555 1314 2555 1312 2556 1320 2556 1319 2556 1319 2557 1311 2557 1312 2557 1316 2558 1329 2558 1328 2558 1328 2559 1315 2559 1316 2559 1311 2560 1319 2560 1318 2560 1318 2561 1310 2561 1311 2561 1315 2562 1328 2562 1327 2562 1327 2563 1314 2563 1315 2563 1319 2564 1332 2564 1331 2564 1331 2565 1318 2565 1319 2565 1328 2566 1343 2566 1342 2566 1342 2567 1327 2567 1328 2567 1318 2568 1331 2568 1330 2568 1330 2569 1317 2569 1318 2569 1327 2570 1342 2570 1341 2570 1341 2571 1326 2571 1327 2571 1322 2572 1335 2572 1334 2572 1334 2573 1321 2573 1322 2573 1326 2574 1341 2574 1340 2574 1340 2575 1325 2575 1326 2575 1325 2576 1340 2576 1339 2576 1339 2577 1324 2577 1325 2577 1321 2578 1334 2578 1333 2578 1333 2579 1320 2579 1321 2579 1324 2580 1339 2580 1338 2580 1338 2581 1323 2581 1324 2581 1329 2582 1344 2582 1343 2582 1343 2583 1328 2583 1329 2583 1320 2584 1333 2584 1332 2584 1332 2585 1319 2585 1320 2585 1333 2586 1348 2586 1347 2586 1347 2587 1332 2587 1333 2587 1338 2588 1353 2588 1352 2588 1352 2589 1337 2589 1338 2589 1344 2590 1359 2590 1358 2590 1358 2591 1343 2591 1344 2591 1343 2592 1358 2592 1357 2592 1357 2593 1342 2593 1343 2593 1332 2594 1347 2594 1346 2594 1346 2595 1331 2595 1332 2595 1331 2596 1346 2596 1345 2596 1345 2597 1330 2597 1331 2597 1337 2598 1352 2598 1351 2598 1351 2599 1336 2599 1337 2599 1342 2600 1357 2600 1356 2600 1356 2601 1341 2601 1342 2601 1336 2602 1351 2602 1350 2602 1350 2603 1335 2603 1336 2603 1335 2604 1350 2604 1349 2604 1349 2605 1334 2605 1335 2605 1341 2606 1356 2606 1355 2606 1355 2607 1340 2607 1341 2607 1334 2608 1349 2608 1348 2608 1348 2609 1333 2609 1334 2609 1340 2610 1355 2610 1354 2610 1354 2611 1339 2611 1340 2611 1339 2612 1354 2612 1353 2612 1353 2613 1338 2613 1339 2613 1350 2614 1365 2614 1364 2614 1364 2615 1349 2615 1350 2615 1349 2616 1364 2616 1363 2616 1363 2617 1348 2617 1349 2617 1355 2618 1370 2618 1369 2618 1369 2619 1354 2619 1355 2619 1348 2620 1363 2620 1362 2620 1362 2621 1347 2621 1348 2621 1354 2622 1369 2622 1368 2622 1368 2623 1353 2623 1354 2623 1353 2624 1368 2624 1367 2624 1367 2625 1352 2625 1353 2625 1359 2626 1374 2626 1373 2626 1373 2627 1358 2627 1359 2627 1347 2628 1362 2628 1361 2628 1361 2629 1346 2629 1347 2629 1352 2630 1367 2630 1366 2630 1366 2631 1351 2631 1352 2631 1358 2632 1373 2632 1372 2632 1372 2633 1357 2633 1358 2633 1357 2634 1372 2634 1371 2634 1371 2635 1356 2635 1357 2635 1346 2636 1361 2636 1360 2636 1360 2637 1345 2637 1346 2637 1351 2638 1366 2638 1365 2638 1365 2639 1350 2639 1351 2639 1356 2640 1371 2640 1370 2640 1370 2641 1355 2641 1356 2641 1371 2642 1386 2642 1385 2642 1385 2643 1370 2643 1371 2643 1365 2644 1380 2644 1379 2644 1379 2645 1364 2645 1365 2645 1370 2646 1385 2646 1384 2646 1384 2647 1369 2647 1370 2647 1364 2648 1379 2648 1378 2648 1378 2649 1363 2649 1364 2649 1363 2650 1378 2650 1377 2650 1377 2651 1362 2651 1363 2651 1369 2652 1384 2652 1383 2652 1383 2653 1368 2653 1369 2653 1374 2654 1389 2654 1388 2654 1388 2655 1373 2655 1374 2655 1362 2656 1377 2656 1376 2656 1376 2657 1361 2657 1362 2657 1368 2658 1383 2658 1382 2658 1382 2659 1367 2659 1368 2659 1367 2660 1382 2660 1381 2660 1381 2661 1366 2661 1367 2661 1373 2662 1388 2662 1387 2662 1387 2663 1372 2663 1373 2663 1361 2664 1376 2664 1375 2664 1375 2665 1360 2665 1361 2665 1366 2666 1381 2666 1380 2666 1380 2667 1365 2667 1366 2667 1372 2668 1387 2668 1386 2668 1386 2669 1371 2669 1372 2669 1376 2670 1391 2670 1390 2670 1390 2671 1375 2671 1376 2671 1382 2672 1397 2672 1396 2672 1396 2673 1381 2673 1382 2673 1381 2674 1396 2674 1395 2674 1395 2675 1380 2675 1381 2675 1387 2676 1402 2676 1401 2676 1401 2677 1386 2677 1387 2677 1380 2678 1395 2678 1394 2678 1394 2679 1379 2679 1380 2679 1386 2680 1401 2680 1400 2680 1400 2681 1385 2681 1386 2681 1385 2682 1400 2682 1399 2682 1399 2683 1384 2683 1385 2683 1379 2684 1394 2684 1393 2684 1393 2685 1378 2685 1379 2685 1384 2686 1399 2686 1398 2686 1398 2687 1383 2687 1384 2687 1389 2688 1404 2688 1403 2688 1403 2689 1388 2689 1389 2689 1378 2690 1393 2690 1392 2690 1392 2691 1377 2691 1378 2691 1377 2692 1392 2692 1391 2692 1391 2693 1376 2693 1377 2693 1383 2694 1398 2694 1397 2694 1397 2695 1382 2695 1383 2695 1388 2696 1403 2696 1402 2696 1402 2697 1387 2697 1388 2697 1398 2698 1413 2698 1412 2698 1412 2699 1397 2699 1398 2699 1404 2700 1419 2700 1418 2700 1418 2701 1403 2701 1404 2701 1403 2702 1418 2702 1417 2702 1417 2703 1402 2703 1403 2703 1392 2704 1407 2704 1406 2704 1406 2705 1391 2705 1392 2705 1391 2706 1406 2706 1405 2706 1405 2707 1390 2707 1391 2707 1397 2708 1412 2708 1411 2708 1411 2709 1396 2709 1397 2709 1402 2710 1417 2710 1416 2710 1416 2711 1401 2711 1402 2711 1396 2712 1411 2712 1410 2712 1410 2713 1395 2713 1396 2713 1395 2714 1410 2714 1409 2714 1409 2715 1394 2715 1395 2715 1401 2716 1416 2716 1415 2716 1415 2717 1400 2717 1401 2717 1394 2718 1409 2718 1408 2718 1408 2719 1393 2719 1394 2719 1400 2720 1415 2720 1414 2720 1414 2721 1399 2721 1400 2721 1399 2722 1414 2722 1413 2722 1413 2723 1398 2723 1399 2723 1393 2724 1408 2724 1407 2724 1407 2725 1392 2725 1393 2725 1408 2726 1423 2726 1422 2726 1422 2727 1407 2727 1408 2727 1414 2728 1429 2728 1428 2728 1428 2729 1413 2729 1414 2729 1413 2730 1428 2730 1427 2730 1427 2731 1412 2731 1413 2731 1419 2732 1434 2732 1433 2732 1433 2733 1418 2733 1419 2733 1407 2734 1422 2734 1421 2734 1421 2735 1406 2735 1407 2735 1412 2736 1427 2736 1426 2736 1426 2737 1411 2737 1412 2737 1418 2738 1433 2738 1432 2738 1432 2739 1417 2739 1418 2739 1417 2740 1432 2740 1431 2740 1431 2741 1416 2741 1417 2741 1406 2742 1421 2742 1420 2742 1420 2743 1405 2743 1406 2743 1411 2744 1426 2744 1425 2744 1425 2745 1410 2745 1411 2745 1416 2746 1431 2746 1430 2746 1430 2747 1415 2747 1416 2747 1410 2748 1425 2748 1424 2748 1424 2749 1409 2749 1410 2749 1409 2750 1424 2750 1423 2750 1423 2751 1408 2751 1409 2751 1415 2752 1430 2752 1429 2752 1429 2753 1414 2753 1415 2753 1430 2754 1445 2754 1444 2754 1444 2755 1429 2755 1430 2755 1424 2756 1439 2756 1438 2756 1438 2757 1423 2757 1424 2757 1423 2758 1438 2758 1437 2758 1437 2759 1422 2759 1423 2759 1429 2760 1444 2760 1443 2760 1443 2761 1428 2761 1429 2761 1434 2762 1449 2762 1448 2762 1448 2763 1433 2763 1434 2763 1422 2764 1437 2764 1436 2764 1436 2765 1421 2765 1422 2765 1428 2766 1443 2766 1442 2766 1442 2767 1427 2767 1428 2767 1427 2768 1442 2768 1441 2768 1441 2769 1426 2769 1427 2769 1433 2770 1448 2770 1447 2770 1447 2771 1432 2771 1433 2771 1421 2772 1436 2772 1435 2772 1435 2773 1420 2773 1421 2773 1426 2774 1441 2774 1440 2774 1440 2775 1425 2775 1426 2775 1432 2776 1447 2776 1446 2776 1446 2777 1431 2777 1432 2777 1431 2778 1446 2778 1445 2778 1445 2779 1430 2779 1431 2779 1425 2780 1440 2780 1439 2780 1439 2781 1424 2781 1425 2781 1440 2782 1455 2782 1454 2782 1454 2783 1439 2783 1440 2783 1446 2784 1461 2784 1460 2784 1460 2785 1445 2785 1446 2785 1445 2786 1460 2786 1459 2786 1459 2787 1444 2787 1445 2787 1439 2788 1454 2788 1453 2788 1453 2789 1438 2789 1439 2789 1444 2790 1459 2790 1458 2790 1458 2791 1443 2791 1444 2791 1449 2792 1464 2792 1463 2792 1463 2793 1448 2793 1449 2793 1438 2794 1453 2794 1452 2794 1452 2795 1437 2795 1438 2795 1437 2796 1452 2796 1451 2796 1451 2797 1436 2797 1437 2797 1443 2798 1458 2798 1457 2798 1457 2799 1442 2799 1443 2799 1448 2800 1463 2800 1462 2800 1462 2801 1447 2801 1448 2801 1436 2802 1451 2802 1450 2802 1450 2803 1435 2803 1436 2803 1442 2804 1457 2804 1456 2804 1456 2805 1441 2805 1442 2805 1441 2806 1456 2806 1455 2806 1455 2807 1440 2807 1441 2807 1447 2808 1462 2808 1461 2808 1461 2809 1446 2809 1447 2809 1451 2810 1466 2810 1465 2810 1465 2811 1450 2811 1451 2811 1457 2812 1472 2812 1471 2812 1471 2813 1456 2813 1457 2813 1462 2814 1477 2814 1476 2814 1476 2815 1461 2815 1462 2815 1456 2816 1471 2816 1470 2816 1470 2817 1455 2817 1456 2817 1455 2818 1470 2818 1469 2818 1469 2819 1454 2819 1455 2819 1461 2820 1476 2820 1475 2820 1475 2821 1460 2821 1461 2821 1454 2822 1469 2822 1468 2822 1468 2823 1453 2823 1454 2823 1460 2824 1475 2824 1474 2824 1474 2825 1459 2825 1460 2825 1459 2826 1474 2826 1473 2826 1473 2827 1458 2827 1459 2827 1453 2828 1468 2828 1467 2828 1467 2829 1452 2829 1453 2829 1458 2830 1473 2830 1472 2830 1472 2831 1457 2831 1458 2831 1464 2832 1479 2832 1478 2832 1478 2833 1463 2833 1464 2833 1463 2834 1478 2834 1477 2834 1477 2835 1462 2835 1463 2835 1452 2836 1467 2836 1466 2836 1466 2837 1451 2837 1452 2837 1479 2838 1494 2838 1493 2838 1493 2839 1478 2839 1479 2839 1467 2840 1482 2840 1481 2840 1481 2841 1466 2841 1467 2841 1472 2842 1487 2842 1486 2842 1486 2843 1471 2843 1472 2843 1478 2844 1493 2844 1492 2844 1492 2845 1477 2845 1478 2845 1477 2846 1492 2846 1491 2846 1491 2847 1476 2847 1477 2847 1466 2848 1481 2848 1480 2848 1480 2849 1465 2849 1466 2849 1471 2850 1486 2850 1485 2850 1485 2851 1470 2851 1471 2851 1476 2852 1491 2852 1490 2852 1490 2853 1475 2853 1476 2853 1470 2854 1485 2854 1484 2854 1484 2855 1469 2855 1470 2855 1469 2856 1484 2856 1483 2856 1483 2857 1468 2857 1469 2857 1475 2858 1490 2858 1489 2858 1489 2859 1474 2859 1475 2859 1468 2860 1483 2860 1482 2860 1482 2861 1467 2861 1468 2861 1474 2862 1489 2862 1488 2862 1488 2863 1473 2863 1474 2863 1473 2864 1488 2864 1487 2864 1487 2865 1472 2865 1473 2865 1484 2866 1499 2866 1498 2866 1498 2867 1483 2867 1484 2867 1483 2868 1498 2868 1497 2868 1497 2869 1482 2869 1483 2869 1489 2870 1504 2870 1503 2870 1503 2871 1488 2871 1489 2871 1494 2872 1509 2872 1508 2872 1508 2873 1493 2873 1494 2873 1482 2874 1497 2874 1496 2874 1496 2875 1481 2875 1482 2875 1488 2876 1503 2876 1502 2876 1502 2877 1487 2877 1488 2877 1487 2878 1502 2878 1501 2878 1501 2879 1486 2879 1487 2879 1493 2880 1508 2880 1507 2880 1507 2881 1492 2881 1493 2881 1481 2882 1496 2882 1495 2882 1495 2883 1480 2883 1481 2883 1486 2884 1501 2884 1500 2884 1500 2885 1485 2885 1486 2885 1492 2886 1507 2886 1506 2886 1506 2887 1491 2887 1492 2887 1491 2888 1506 2888 1505 2888 1505 2889 1490 2889 1491 2889 1485 2890 1500 2890 1499 2890 1499 2891 1484 2891 1485 2891 1490 2892 1505 2892 1504 2892 1504 2893 1489 2893 1490 2893 1505 2894 1520 2894 1519 2894 1519 2895 1504 2895 1505 2895 1499 2896 1514 2896 1513 2896 1513 2897 1498 2897 1499 2897 1504 2898 1519 2898 1518 2898 1518 2899 1503 2899 1504 2899 1509 2900 1524 2900 1523 2900 1523 2901 1508 2901 1509 2901 1498 2902 1513 2902 1512 2902 1512 2903 1497 2903 1498 2903 1497 2904 1512 2904 1511 2904 1511 2905 1496 2905 1497 2905 1503 2906 1518 2906 1517 2906 1517 2907 1502 2907 1503 2907 1508 2908 1523 2908 1522 2908 1522 2909 1507 2909 1508 2909 1496 2910 1511 2910 1510 2910 1510 2911 1495 2911 1496 2911 1502 2912 1517 2912 1516 2912 1516 2913 1501 2913 1502 2913 1501 2914 1516 2914 1515 2914 1515 2915 1500 2915 1501 2915 1507 2916 1522 2916 1521 2916 1521 2917 1506 2917 1507 2917 1500 2918 1515 2918 1514 2918 1514 2919 1499 2919 1500 2919 1506 2920 1521 2920 1520 2920 1520 2921 1505 2921 1506 2921 1515 2922 1530 2922 1529 2922 1529 2923 1514 2923 1515 2923 1521 2924 1533 2924 1532 2924 1532 2925 1520 2925 1521 2925 1514 2926 1529 2926 1528 2926 1528 2927 1513 2927 1514 2927 1520 2928 1532 2928 1531 2928 1531 2929 1519 2929 1520 2929 1513 2930 1528 2930 1527 2930 1527 2931 1512 2931 1513 2931 1524 2932 1536 2932 1535 2932 1535 2933 1523 2933 1524 2933 1523 2934 1535 2934 1534 2934 1534 2935 1522 2935 1523 2935 1512 2936 1527 2936 1526 2936 1526 2937 1511 2937 1512 2937 1511 2938 1526 2938 1525 2938 1525 2939 1510 2939 1511 2939 1517 2940 1610 2940 1611 2940 1611 2941 1516 2941 1517 2941 1522 2942 1534 2942 1533 2942 1533 2943 1521 2943 1522 2943 1535 2944 1546 2944 1545 2944 1545 2945 1534 2945 1535 2945 1534 2946 1545 2946 1544 2946 1544 2947 1533 2947 1534 2947 1526 2948 1539 2948 1538 2948 1538 2949 1525 2949 1526 2949 1607 2950 1608 2950 1530 2950 1533 2951 1544 2951 1543 2951 1543 2952 1532 2952 1533 2952 1529 2953 1542 2953 1541 2953 1541 2954 1528 2954 1529 2954 1528 2955 1541 2955 1540 2955 1540 2956 1527 2956 1528 2956 1536 2957 1547 2957 1546 2957 1546 2958 1535 2958 1536 2958 1527 2959 1540 2959 1539 2959 1539 2960 1526 2960 1527 2960 1540 2961 1550 2961 1549 2961 1549 2962 1539 2962 1540 2962 1546 2963 1554 2963 1553 2963 1553 2964 1545 2964 1546 2964 1539 2965 1549 2965 1548 2965 1548 2966 1538 2966 1539 2966 1545 2967 1553 2967 1552 2967 1552 2968 1544 2968 1545 2968 1609 2969 1615 2969 1542 2969 1541 2970 1551 2970 1550 2970 1550 2971 1540 2971 1541 2971 1547 2972 1555 2972 1554 2972 1554 2973 1546 2973 1547 2973 1555 2974 1563 2974 1562 2974 1562 2975 1554 2975 1555 2975 1551 2976 1559 2976 1558 2976 1558 2977 1550 2977 1551 2977 1550 2978 1558 2978 1557 2978 1557 2979 1549 2979 1550 2979 1554 2980 1562 2980 1561 2980 1561 2981 1553 2981 1554 2981 1549 2982 1557 2982 1556 2982 1556 2983 1548 2983 1549 2983 1553 2984 1561 2984 1560 2984 1560 2985 1552 2985 1553 2985 1612 2986 1613 2986 1559 2986 1559 2987 1551 2987 1612 2987 1613 2988 1614 2988 1567 2988 1567 2989 1559 2989 1613 2989 1559 2990 1567 2990 1566 2990 1566 2991 1558 2991 1559 2991 1563 2992 1571 2992 1570 2992 1570 2993 1562 2993 1563 2993 1562 2994 1570 2994 1569 2994 1569 2995 1561 2995 1562 2995 1558 2996 1566 2996 1565 2996 1565 2997 1557 2997 1558 2997 1557 2998 1565 2998 1564 2998 1564 2999 1556 2999 1557 2999 1561 3000 1569 3000 1568 3000 1568 3001 1560 3001 1561 3001 1567 3002 1575 3002 1574 3002 1574 3003 1566 3003 1567 3003 1571 3004 1579 3004 1578 3004 1578 3005 1570 3005 1571 3005 1566 3006 1574 3006 1573 3006 1573 3007 1565 3007 1566 3007 1570 3008 1578 3008 1577 3008 1577 3009 1569 3009 1570 3009 1569 3010 1577 3010 1576 3010 1576 3011 1568 3011 1569 3011 1565 3012 1573 3012 1572 3012 1572 3013 1564 3013 1565 3013 1578 3014 1584 3014 1583 3014 1583 3015 1577 3015 1578 3015 1573 3016 1581 3016 1580 3016 1580 3017 1572 3017 1573 3017 1579 3018 1585 3018 1584 3018 1584 3019 1578 3019 1579 3019 1574 3020 1582 3020 1581 3020 1581 3021 1573 3021 1574 3021 1582 3022 1588 3022 1587 3022 1587 3023 1581 3023 1582 3023 1584 3024 1590 3024 1589 3024 1589 3025 1583 3025 1584 3025 1581 3026 1587 3026 1586 3026 1586 3027 1580 3027 1581 3027 1585 3028 1591 3028 1590 3028 1590 3029 1584 3029 1585 3029 1591 3030 1595 3030 1594 3030 1594 3031 1590 3031 1591 3031 1587 3032 1593 3032 1592 3032 1592 3033 1586 3033 1587 3033 1595 3034 1600 3034 1599 3034 1599 3035 1594 3035 1595 3035 1593 3036 1598 3036 1597 3036 1597 3037 1592 3037 1593 3037 1600 3038 1606 3038 1605 3038 1605 3039 1599 3039 1600 3039 1537 3040 1287 3040 1283 3040 1278 3041 1284 3041 1596 3041 1284 3042 1288 3042 1596 3042 1537 3043 1291 3043 1287 3043 1288 3044 1292 3044 1596 3044 1537 3045 1296 3045 1291 3045 1537 3046 1302 3046 1296 3046 1292 3047 1297 3047 1596 3047 1537 3048 1308 3048 1302 3048 1297 3049 1303 3049 1596 3049 1537 3050 1316 3050 1308 3050 1303 3051 1309 3051 1596 3051 1309 3052 1317 3052 1596 3052 1537 3053 1329 3053 1316 3053 1317 3054 1330 3054 1596 3054 1537 3055 1344 3055 1329 3055 1537 3056 1359 3056 1344 3056 1330 3057 1345 3057 1596 3057 1537 3058 1374 3058 1359 3058 1345 3059 1360 3059 1596 3059 1360 3060 1375 3060 1596 3060 1537 3061 1389 3061 1374 3061 1375 3062 1390 3062 1596 3062 1537 3063 1404 3063 1389 3063 1390 3064 1405 3064 1596 3064 1537 3065 1419 3065 1404 3065 1405 3066 1420 3066 1596 3066 1537 3067 1434 3067 1419 3067 1537 3068 1449 3068 1434 3068 1420 3069 1435 3069 1596 3069 1435 3070 1450 3070 1596 3070 1537 3071 1464 3071 1449 3071 1450 3072 1465 3072 1596 3072 1537 3073 1479 3073 1464 3073 1465 3074 1480 3074 1596 3074 1537 3075 1494 3075 1479 3075 1480 3076 1495 3076 1596 3076 1537 3077 1509 3077 1494 3077 1537 3078 1524 3078 1509 3078 1495 3079 1510 3079 1596 3079 1510 3080 1525 3080 1596 3080 1537 3081 1536 3081 1524 3081 1525 3082 1538 3082 1596 3082 1537 3083 1547 3083 1536 3083 1538 3084 1548 3084 1596 3084 1537 3085 1555 3085 1547 3085 1537 3086 1563 3086 1555 3086 1548 3087 1556 3087 1596 3087 1537 3088 1571 3088 1563 3088 1556 3089 1564 3089 1596 3089 1564 3090 1572 3090 1596 3090 1537 3091 1579 3091 1571 3091 1572 3092 1580 3092 1596 3092 1537 3093 1585 3093 1579 3093 1580 3094 1586 3094 1596 3094 1537 3095 1591 3095 1585 3095 1537 3096 1595 3096 1591 3096 1586 3097 1592 3097 1596 3097 1537 3098 1600 3098 1595 3098 1592 3099 1597 3099 1596 3099 1597 3100 1601 3100 1596 3100 1537 3101 1606 3101 1600 3101 1601 3102 1278 3102 1596 3102 1537 3103 1283 3103 1606 3103 1603 3104 1280 3104 1279 3104 1279 3105 1602 3105 1603 3105 1605 3106 1282 3106 1281 3106 1281 3107 1604 3107 1605 3107 1518 3108 1616 3108 1610 3108 1610 3109 1517 3109 1518 3109 1531 3110 1622 3110 1619 3110 1552 3111 1560 3111 1618 3111 1618 3112 1617 3112 1552 3112 1543 3113 1620 3113 1621 3113 1560 3114 1568 3114 1623 3114 1623 3115 1618 3115 1560 3115 2106 3116 2107 3116 2109 3116 2109 3117 2108 3117 2106 3117 2110 3118 2111 3118 2113 3118 2113 3119 2112 3119 2110 3119 2114 3120 2115 3120 2117 3120 2117 3121 2116 3121 2114 3121 2118 3122 2119 3122 2121 3122 2121 3123 2120 3123 2118 3123 2122 3124 2123 3124 2125 3124 2125 3125 2124 3125 2122 3125 2126 3126 2127 3126 2129 3126 2129 3127 2128 3127 2126 3127 2130 3128 2131 3128 2133 3128 2133 3129 2132 3129 2130 3129 2134 3130 2135 3130 2137 3130 2137 3131 2136 3131 2134 3131 2138 3132 2139 3132 2141 3132 2141 3133 2140 3133 2138 3133 2142 3134 2143 3134 2145 3134 2145 3135 2144 3135 2142 3135 2146 3136 2147 3136 2149 3136 2149 3137 2148 3137 2146 3137 2150 3138 2151 3138 2153 3138 2153 3139 2152 3139 2150 3139 2154 3140 2155 3140 2157 3140 2157 3141 2156 3141 2154 3141 2158 3142 2159 3142 2161 3142 2161 3143 2160 3143 2158 3143 2162 3144 2163 3144 2165 3144 2165 3145 2164 3145 2162 3145 2166 3146 2167 3146 2169 3146 2169 3147 2168 3147 2166 3147 1627 3148 1626 3148 1641 3148 1641 3149 1642 3149 1627 3149 1633 3150 1632 3150 1647 3150 1647 3151 1648 3151 1633 3151 1632 3152 1631 3152 1646 3152 1646 3153 1647 3153 1632 3153 1638 3154 1637 3154 1652 3154 1652 3155 1653 3155 1638 3155 1626 3156 1625 3156 1640 3156 1640 3157 1641 3157 1626 3157 1631 3158 1630 3158 1645 3158 1645 3159 1646 3159 1631 3159 1637 3160 1636 3160 1651 3160 1651 3161 1652 3161 1637 3161 1636 3162 1635 3162 1650 3162 1650 3163 1651 3163 1636 3163 1625 3164 1624 3164 1639 3164 1639 3165 1640 3165 1625 3165 1630 3166 1629 3166 1644 3166 1644 3167 1645 3167 1630 3167 1635 3168 1634 3168 1649 3168 1649 3169 1650 3169 1635 3169 1629 3170 1628 3170 1643 3170 1643 3171 1644 3171 1629 3171 1628 3172 1627 3172 1642 3172 1642 3173 1643 3173 1628 3173 1634 3174 1633 3174 1648 3174 1648 3175 1649 3175 1634 3175 1649 3176 1648 3176 1663 3176 1663 3177 1664 3177 1649 3177 1642 3178 1641 3178 1656 3178 1656 3179 1657 3179 1642 3179 1648 3180 1647 3180 1662 3180 1662 3181 1663 3181 1648 3181 1647 3182 1646 3182 1661 3182 1661 3183 1662 3183 1647 3183 1653 3184 1652 3184 1667 3184 1667 3185 1668 3185 1653 3185 1641 3186 1640 3186 1655 3186 1655 3187 1656 3187 1641 3187 1646 3188 1645 3188 1660 3188 1660 3189 1661 3189 1646 3189 1652 3190 1651 3190 1666 3190 1666 3191 1667 3191 1652 3191 1651 3192 1650 3192 1665 3192 1665 3193 1666 3193 1651 3193 1640 3194 1639 3194 1654 3194 1654 3195 1655 3195 1640 3195 1645 3196 1644 3196 1659 3196 1659 3197 1660 3197 1645 3197 1650 3198 1649 3198 1664 3198 1664 3199 1665 3199 1650 3199 1644 3200 1643 3200 1658 3200 1658 3201 1659 3201 1644 3201 1643 3202 1642 3202 1657 3202 1657 3203 1658 3203 1643 3203 1659 3204 1658 3204 1673 3204 1673 3205 1674 3205 1659 3205 1664 3206 1663 3206 1678 3206 1678 3207 1679 3207 1664 3207 1658 3208 1657 3208 1672 3208 1672 3209 1673 3209 1658 3209 1657 3210 1656 3210 1671 3210 1671 3211 1672 3211 1657 3211 1663 3212 1662 3212 1677 3212 1677 3213 1678 3213 1663 3213 1668 3214 1667 3214 1682 3214 1682 3215 1683 3215 1668 3215 1656 3216 1655 3216 1670 3216 1670 3217 1671 3217 1656 3217 1662 3218 1661 3218 1676 3218 1676 3219 1677 3219 1662 3219 1661 3220 1660 3220 1675 3220 1675 3221 1676 3221 1661 3221 1667 3222 1666 3222 1681 3222 1681 3223 1682 3223 1667 3223 1655 3224 1654 3224 1669 3224 1669 3225 1670 3225 1655 3225 1660 3226 1659 3226 1674 3226 1674 3227 1675 3227 1660 3227 1666 3228 1665 3228 1680 3228 1680 3229 1681 3229 1666 3229 1665 3230 1664 3230 1679 3230 1679 3231 1680 3231 1665 3231 1675 3232 1674 3232 1689 3232 1689 3233 1690 3233 1675 3233 1681 3234 1680 3234 1695 3234 1695 3235 1696 3235 1681 3235 1674 3236 1673 3236 1688 3236 1688 3237 1689 3237 1674 3237 1680 3238 1679 3238 1694 3238 1694 3239 1695 3239 1680 3239 1679 3240 1678 3240 1693 3240 1693 3241 1694 3241 1679 3241 1673 3242 1672 3242 1687 3242 1687 3243 1688 3243 1673 3243 1678 3244 1677 3244 1692 3244 1692 3245 1693 3245 1678 3245 1683 3246 1682 3246 1697 3246 1697 3247 1698 3247 1683 3247 1672 3248 1671 3248 1686 3248 1686 3249 1687 3249 1672 3249 1671 3250 1670 3250 1685 3250 1685 3251 1686 3251 1671 3251 1677 3252 1676 3252 1691 3252 1691 3253 1692 3253 1677 3253 1682 3254 1681 3254 1696 3254 1696 3255 1697 3255 1682 3255 1670 3256 1669 3256 1684 3256 1684 3257 1685 3257 1670 3257 1676 3258 1675 3258 1690 3258 1690 3259 1691 3259 1676 3259 1697 3260 1696 3260 1711 3260 1711 3261 1712 3261 1697 3261 1686 3262 1685 3262 1700 3262 1700 3263 1701 3263 1686 3263 1685 3264 1684 3264 1699 3264 1699 3265 1700 3265 1685 3265 1691 3266 1690 3266 1705 3266 1705 3267 1706 3267 1691 3267 1696 3268 1695 3268 1710 3268 1710 3269 1711 3269 1696 3269 1690 3270 1689 3270 1704 3270 1704 3271 1705 3271 1690 3271 1689 3272 1688 3272 1703 3272 1703 3273 1704 3273 1689 3273 1695 3274 1694 3274 1709 3274 1709 3275 1710 3275 1695 3275 1688 3276 1687 3276 1702 3276 1702 3277 1703 3277 1688 3277 1694 3278 1693 3278 1708 3278 1708 3279 1709 3279 1694 3279 1693 3280 1692 3280 1707 3280 1707 3281 1708 3281 1693 3281 1687 3282 1686 3282 1701 3282 1701 3283 1702 3283 1687 3283 1692 3284 1691 3284 1706 3284 1706 3285 1707 3285 1692 3285 1698 3286 1697 3286 1712 3286 1712 3287 1713 3287 1698 3287 1702 3288 1701 3288 1716 3288 1716 3289 1717 3289 1702 3289 1708 3290 1707 3290 1722 3290 1722 3291 1723 3291 1708 3291 1707 3292 1706 3292 1721 3292 1721 3293 1722 3293 1707 3293 1713 3294 1712 3294 1727 3294 1727 3295 1728 3295 1713 3295 1701 3296 1700 3296 1715 3296 1715 3297 1716 3297 1701 3297 1706 3298 1705 3298 1720 3298 1720 3299 1721 3299 1706 3299 1712 3300 1711 3300 1726 3300 1726 3301 1727 3301 1712 3301 1711 3302 1710 3302 1725 3302 1725 3303 1726 3303 1711 3303 1700 3304 1699 3304 1714 3304 1714 3305 1715 3305 1700 3305 1705 3306 1704 3306 1719 3306 1719 3307 1720 3307 1705 3307 1710 3308 1709 3308 1724 3308 1724 3309 1725 3309 1710 3309 1704 3310 1703 3310 1718 3310 1718 3311 1719 3311 1704 3311 1703 3312 1702 3312 1717 3312 1717 3313 1718 3313 1703 3313 1709 3314 1708 3314 1723 3314 1723 3315 1724 3315 1709 3315 1718 3316 1717 3316 1732 3316 1732 3317 1733 3317 1718 3317 1717 3318 1716 3318 1731 3318 1731 3319 1732 3319 1717 3319 1723 3320 1722 3320 1737 3320 1737 3321 1738 3321 1723 3321 1728 3322 1727 3322 1742 3322 1742 3323 1743 3323 1728 3323 1716 3324 1715 3324 1730 3324 1730 3325 1731 3325 1716 3325 1722 3326 1721 3326 1736 3326 1736 3327 1737 3327 1722 3327 1721 3328 1720 3328 1735 3328 1735 3329 1736 3329 1721 3329 1727 3330 1726 3330 1741 3330 1741 3331 1742 3331 1727 3331 1715 3332 1714 3332 1729 3332 1729 3333 1730 3333 1715 3333 1720 3334 1719 3334 1734 3334 1734 3335 1735 3335 1720 3335 1726 3336 1725 3336 1740 3336 1740 3337 1741 3337 1726 3337 1725 3338 1724 3338 1739 3338 1739 3339 1740 3339 1725 3339 1719 3340 1718 3340 1733 3340 1733 3341 1734 3341 1719 3341 1724 3342 1723 3342 1738 3342 1738 3343 1739 3343 1724 3343 1734 3344 1733 3344 1748 3344 1748 3345 1749 3345 1734 3345 1740 3346 1739 3346 1754 3346 1754 3347 1755 3347 1740 3347 1739 3348 1738 3348 1753 3348 1753 3349 1754 3349 1739 3349 1733 3350 1732 3350 1747 3350 1747 3351 1748 3351 1733 3351 1738 3352 1737 3352 1752 3352 1752 3353 1753 3353 1738 3353 1743 3354 1742 3354 1757 3354 1757 3355 1758 3355 1743 3355 1732 3356 1731 3356 1746 3356 1746 3357 1747 3357 1732 3357 1731 3358 1730 3358 1745 3358 1745 3359 1746 3359 1731 3359 1737 3360 1736 3360 1751 3360 1751 3361 1752 3361 1737 3361 1742 3362 1741 3362 1756 3362 1756 3363 1757 3363 1742 3363 1730 3364 1729 3364 1744 3364 1744 3365 1745 3365 1730 3365 1736 3366 1735 3366 1750 3366 1750 3367 1751 3367 1736 3367 1735 3368 1734 3368 1749 3368 1749 3369 1750 3369 1735 3369 1741 3370 1740 3370 1755 3370 1755 3371 1756 3371 1741 3371 1756 3372 1755 3372 1770 3372 1770 3373 1771 3373 1756 3373 1750 3374 1749 3374 1764 3374 1764 3375 1765 3375 1750 3375 1749 3376 1748 3376 1763 3376 1763 3377 1764 3377 1749 3377 1755 3378 1754 3378 1769 3378 1769 3379 1770 3379 1755 3379 1748 3380 1747 3380 1762 3380 1762 3381 1763 3381 1748 3381 1754 3382 1753 3382 1768 3382 1768 3383 1769 3383 1754 3383 1753 3384 1752 3384 1767 3384 1767 3385 1768 3385 1753 3385 1747 3386 1746 3386 1761 3386 1761 3387 1762 3387 1747 3387 1752 3388 1751 3388 1766 3388 1766 3389 1767 3389 1752 3389 1758 3390 1757 3390 1772 3390 1772 3391 1773 3391 1758 3391 1757 3392 1756 3392 1771 3392 1771 3393 1772 3393 1757 3393 1746 3394 1745 3394 1760 3394 1760 3395 1761 3395 1746 3395 1745 3396 1744 3396 1759 3396 1759 3397 1760 3397 1745 3397 1751 3398 1750 3398 1765 3398 1765 3399 1766 3399 1751 3399 1761 3400 1760 3400 1775 3400 1775 3401 1776 3401 1761 3401 1766 3402 1765 3402 1780 3402 1780 3403 1781 3403 1766 3403 1772 3404 1771 3404 1786 3404 1786 3405 1787 3405 1772 3405 1771 3406 1770 3406 1785 3406 1785 3407 1786 3407 1771 3407 1760 3408 1759 3408 1774 3408 1774 3409 1775 3409 1760 3409 1765 3410 1764 3410 1779 3410 1779 3411 1780 3411 1765 3411 1770 3412 1769 3412 1784 3412 1784 3413 1785 3413 1770 3413 1764 3414 1763 3414 1778 3414 1778 3415 1779 3415 1764 3415 1763 3416 1762 3416 1777 3416 1777 3417 1778 3417 1763 3417 1769 3418 1768 3418 1783 3418 1783 3419 1784 3419 1769 3419 1762 3420 1761 3420 1776 3420 1776 3421 1777 3421 1762 3421 1768 3422 1767 3422 1782 3422 1782 3423 1783 3423 1768 3423 1767 3424 1766 3424 1781 3424 1781 3425 1782 3425 1767 3425 1773 3426 1772 3426 1787 3426 1787 3427 1788 3427 1773 3427 1783 3428 1782 3428 1797 3428 1797 3429 1798 3429 1783 3429 1788 3430 1787 3430 1802 3430 1802 3431 1803 3431 1788 3431 1776 3432 1775 3432 1790 3432 1790 3433 1791 3433 1776 3433 1782 3434 1781 3434 1796 3434 1796 3435 1797 3435 1782 3435 1781 3436 1780 3436 1795 3436 1795 3437 1796 3437 1781 3437 1787 3438 1786 3438 1801 3438 1801 3439 1802 3439 1787 3439 1775 3440 1774 3440 1789 3440 1789 3441 1790 3441 1775 3441 1780 3442 1779 3442 1794 3442 1794 3443 1795 3443 1780 3443 1786 3444 1785 3444 1800 3444 1800 3445 1801 3445 1786 3445 1785 3446 1784 3446 1799 3446 1799 3447 1800 3447 1785 3447 1779 3448 1778 3448 1793 3448 1793 3449 1794 3449 1779 3449 1784 3450 1783 3450 1798 3450 1798 3451 1799 3451 1784 3451 1778 3452 1777 3452 1792 3452 1792 3453 1793 3453 1778 3453 1777 3454 1776 3454 1791 3454 1791 3455 1792 3455 1777 3455 1793 3456 1792 3456 1807 3456 1807 3457 1808 3457 1793 3457 1798 3458 1797 3458 1812 3458 1812 3459 1813 3459 1798 3459 1803 3460 1802 3460 1817 3460 1817 3461 1818 3461 1803 3461 1792 3462 1791 3462 1806 3462 1806 3463 1807 3463 1792 3463 1791 3464 1790 3464 1805 3464 1805 3465 1806 3465 1791 3465 1797 3466 1796 3466 1811 3466 1811 3467 1812 3467 1797 3467 1802 3468 1801 3468 1816 3468 1816 3469 1817 3469 1802 3469 1790 3470 1789 3470 1804 3470 1804 3471 1805 3471 1790 3471 1796 3472 1795 3472 1810 3472 1810 3473 1811 3473 1796 3473 1795 3474 1794 3474 1809 3474 1809 3475 1810 3475 1795 3475 1801 3476 1800 3476 1815 3476 1815 3477 1816 3477 1801 3477 1794 3478 1793 3478 1808 3478 1808 3479 1809 3479 1794 3479 1800 3480 1799 3480 1814 3480 1814 3481 1815 3481 1800 3481 1799 3482 1798 3482 1813 3482 1813 3483 1814 3483 1799 3483 1809 3484 1808 3484 1823 3484 1823 3485 1824 3485 1809 3485 1815 3486 1814 3486 1829 3486 1829 3487 1830 3487 1815 3487 1808 3488 1807 3488 1822 3488 1822 3489 1823 3489 1808 3489 1814 3490 1813 3490 1828 3490 1828 3491 1829 3491 1814 3491 1813 3492 1812 3492 1827 3492 1827 3493 1828 3493 1813 3493 1807 3494 1806 3494 1821 3494 1821 3495 1822 3495 1807 3495 1812 3496 1811 3496 1826 3496 1826 3497 1827 3497 1812 3497 1818 3498 1817 3498 1832 3498 1832 3499 1833 3499 1818 3499 1817 3500 1816 3500 1831 3500 1831 3501 1832 3501 1817 3501 1806 3502 1805 3502 1820 3502 1820 3503 1821 3503 1806 3503 1805 3504 1804 3504 1819 3504 1819 3505 1820 3505 1805 3505 1811 3506 1810 3506 1825 3506 1825 3507 1826 3507 1811 3507 1816 3508 1815 3508 1830 3508 1830 3509 1831 3509 1816 3509 1810 3510 1809 3510 1824 3510 1824 3511 1825 3511 1810 3511 1831 3512 1830 3512 1845 3512 1845 3513 1846 3513 1831 3513 1820 3514 1819 3514 1834 3514 1834 3515 1835 3515 1820 3515 1825 3516 1824 3516 1839 3516 1839 3517 1840 3517 1825 3517 1830 3518 1829 3518 1844 3518 1844 3519 1845 3519 1830 3519 1824 3520 1823 3520 1838 3520 1838 3521 1839 3521 1824 3521 1823 3522 1822 3522 1837 3522 1837 3523 1838 3523 1823 3523 1829 3524 1828 3524 1843 3524 1843 3525 1844 3525 1829 3525 1822 3526 1821 3526 1836 3526 1836 3527 1837 3527 1822 3527 1828 3528 1827 3528 1842 3528 1842 3529 1843 3529 1828 3529 1827 3530 1826 3530 1841 3530 1841 3531 1842 3531 1827 3531 1833 3532 1832 3532 1847 3532 1847 3533 1848 3533 1833 3533 1821 3534 1820 3534 1835 3534 1835 3535 1836 3535 1821 3535 1826 3536 1825 3536 1840 3536 1840 3537 1841 3537 1826 3537 1832 3538 1831 3538 1846 3538 1846 3539 1847 3539 1832 3539 1836 3540 1835 3540 1850 3540 1850 3541 1851 3541 1836 3541 1842 3542 1841 3542 1856 3542 1856 3543 1857 3543 1842 3543 1841 3544 1840 3544 1855 3544 1855 3545 1856 3545 1841 3545 1847 3546 1846 3546 1861 3546 1861 3547 1862 3547 1847 3547 1835 3548 1834 3548 1849 3548 1849 3549 1850 3549 1835 3549 1840 3550 1839 3550 1854 3550 1854 3551 1855 3551 1840 3551 1846 3552 1845 3552 1860 3552 1860 3553 1861 3553 1846 3553 1845 3554 1844 3554 1859 3554 1859 3555 1860 3555 1845 3555 1839 3556 1838 3556 1853 3556 1853 3557 1854 3557 1839 3557 1844 3558 1843 3558 1858 3558 1858 3559 1859 3559 1844 3559 1838 3560 1837 3560 1852 3560 1852 3561 1853 3561 1838 3561 1837 3562 1836 3562 1851 3562 1851 3563 1852 3563 1837 3563 1843 3564 1842 3564 1857 3564 1857 3565 1858 3565 1843 3565 1848 3566 1847 3566 1862 3566 1862 3567 1863 3567 1848 3567 1863 3568 1862 3568 1877 3568 1877 3569 1878 3569 1863 3569 1852 3570 1851 3570 1866 3570 1866 3571 1867 3571 1852 3571 1851 3572 1850 3572 1865 3572 1865 3573 1866 3573 1851 3573 1857 3574 1856 3574 1871 3574 1871 3575 1872 3575 1857 3575 1862 3576 1861 3576 1876 3576 1876 3577 1877 3577 1862 3577 1850 3578 1849 3578 1864 3578 1864 3579 1865 3579 1850 3579 1856 3580 1855 3580 1870 3580 1870 3581 1871 3581 1856 3581 1855 3582 1854 3582 1869 3582 1869 3583 1870 3583 1855 3583 1861 3584 1860 3584 1875 3584 1875 3585 1876 3585 1861 3585 1854 3586 1853 3586 1868 3586 1868 3587 1869 3587 1854 3587 1860 3588 1859 3588 1874 3588 1874 3589 1875 3589 1860 3589 1859 3590 1858 3590 1873 3590 1873 3591 1874 3591 1859 3591 1853 3592 1852 3592 1867 3592 1867 3593 1868 3593 1853 3593 1858 3594 1857 3594 1872 3594 1872 3595 1873 3595 1858 3595 1868 3596 1867 3596 1882 3596 1882 3597 1883 3597 1868 3597 1874 3598 1873 3598 1888 3598 1888 3599 1889 3599 1874 3599 1873 3600 1872 3600 1887 3600 1887 3601 1888 3601 1873 3601 1867 3602 1866 3602 1881 3602 1881 3603 1882 3603 1867 3603 1872 3604 1871 3604 1886 3604 1886 3605 1887 3605 1872 3605 1878 3606 1877 3606 1892 3606 1892 3607 1893 3607 1878 3607 1877 3608 1876 3608 1891 3608 1891 3609 1892 3609 1877 3609 1866 3610 1865 3610 1880 3610 1880 3611 1881 3611 1866 3611 1865 3612 1864 3612 1879 3612 1879 3613 1880 3613 1865 3613 1871 3614 1870 3614 1885 3614 1885 3615 1886 3615 1871 3615 1876 3616 1875 3616 1890 3616 1890 3617 1891 3617 1876 3617 1870 3618 1869 3618 1884 3618 1884 3619 1885 3619 1870 3619 1869 3620 1868 3620 1883 3620 1883 3621 1884 3621 1869 3621 1875 3622 1874 3622 1889 3622 1889 3623 1890 3623 1875 3623 1890 3624 1889 3624 1904 3624 1904 3625 1905 3625 1890 3625 1884 3626 1883 3626 1898 3626 1898 3627 1899 3627 1884 3627 1883 3628 1882 3628 1897 3628 1897 3629 1898 3629 1883 3629 1889 3630 1888 3630 1903 3630 1903 3631 1904 3631 1889 3631 1882 3632 1881 3632 1896 3632 1896 3633 1897 3633 1882 3633 1888 3634 1887 3634 1902 3634 1902 3635 1903 3635 1888 3635 1887 3636 1886 3636 1901 3636 1901 3637 1902 3637 1887 3637 1893 3638 1892 3638 1907 3638 1907 3639 1908 3639 1893 3639 1881 3640 1880 3640 1895 3640 1895 3641 1896 3641 1881 3641 1886 3642 1885 3642 1900 3642 1900 3643 1901 3643 1886 3643 1892 3644 1891 3644 1906 3644 1906 3645 1907 3645 1892 3645 1891 3646 1890 3646 1905 3646 1905 3647 1906 3647 1891 3647 1880 3648 1879 3648 1894 3648 1894 3649 1895 3649 1880 3649 1885 3650 1884 3650 1899 3650 1899 3651 1900 3651 1885 3651 1895 3652 1894 3652 1909 3652 1909 3653 1910 3653 1895 3653 1900 3654 1899 3654 1914 3654 1914 3655 1915 3655 1900 3655 1906 3656 1905 3656 1920 3656 1920 3657 1921 3657 1906 3657 1905 3658 1904 3658 1919 3658 1919 3659 1920 3659 1905 3659 1899 3660 1898 3660 1913 3660 1913 3661 1914 3661 1899 3661 1904 3662 1903 3662 1918 3662 1918 3663 1919 3663 1904 3663 1898 3664 1897 3664 1912 3664 1912 3665 1913 3665 1898 3665 1897 3666 1896 3666 1911 3666 1911 3667 1912 3667 1897 3667 1903 3668 1902 3668 1917 3668 1917 3669 1918 3669 1903 3669 1908 3670 1907 3670 1922 3670 1922 3671 1923 3671 1908 3671 1896 3672 1895 3672 1910 3672 1910 3673 1911 3673 1896 3673 1902 3674 1901 3674 1916 3674 1916 3675 1917 3675 1902 3675 1901 3676 1900 3676 1915 3676 1915 3677 1916 3677 1901 3677 1907 3678 1906 3678 1921 3678 1921 3679 1922 3679 1907 3679 1917 3680 1916 3680 1931 3680 1931 3681 1932 3681 1917 3681 1922 3682 1921 3682 1936 3682 1936 3683 1937 3683 1922 3683 1910 3684 1909 3684 1924 3684 1924 3685 1925 3685 1910 3685 1916 3686 1915 3686 1930 3686 1930 3687 1931 3687 1916 3687 1915 3688 1914 3688 1929 3688 1929 3689 1930 3689 1915 3689 1921 3690 1920 3690 1935 3690 1935 3691 1936 3691 1921 3691 1914 3692 1913 3692 1928 3692 1928 3693 1929 3693 1914 3693 1920 3694 1919 3694 1934 3694 1934 3695 1935 3695 1920 3695 1919 3696 1918 3696 1933 3696 1933 3697 1934 3697 1919 3697 1913 3698 1912 3698 1927 3698 1927 3699 1928 3699 1913 3699 1918 3700 1917 3700 1932 3700 1932 3701 1933 3701 1918 3701 1923 3702 1922 3702 1937 3702 1937 3703 1938 3703 1923 3703 1912 3704 1911 3704 1926 3704 1926 3705 1927 3705 1912 3705 1911 3706 1910 3706 1925 3706 1925 3707 1926 3707 1911 3707 1927 3708 1926 3708 1941 3708 1941 3709 1942 3709 1927 3709 1932 3710 1931 3710 1946 3710 1946 3711 1947 3711 1932 3711 1938 3712 1937 3712 1952 3712 1952 3713 1953 3713 1938 3713 1937 3714 1936 3714 1951 3714 1951 3715 1952 3715 1937 3715 1926 3716 1925 3716 1940 3716 1940 3717 1941 3717 1926 3717 1925 3718 1924 3718 1939 3718 1939 3719 1940 3719 1925 3719 1931 3720 1930 3720 1945 3720 1945 3721 1946 3721 1931 3721 1936 3722 1935 3722 1950 3722 1950 3723 1951 3723 1936 3723 1930 3724 1929 3724 1944 3724 1944 3725 1945 3725 1930 3725 1929 3726 1928 3726 1943 3726 1943 3727 1944 3727 1929 3727 1935 3728 1934 3728 1949 3728 1949 3729 1950 3729 1935 3729 1928 3730 1927 3730 1942 3730 1942 3731 1943 3731 1928 3731 1934 3732 1933 3732 1948 3732 1948 3733 1949 3733 1934 3733 1933 3734 1932 3734 1947 3734 1947 3735 1948 3735 1933 3735 1943 3736 1942 3736 1958 3736 1958 3737 1959 3737 1943 3737 1949 3738 1948 3738 1964 3738 1964 3739 1965 3739 1949 3739 1942 3740 1941 3740 1957 3740 1957 3741 1958 3741 1942 3741 1948 3742 1947 3742 1963 3742 1963 3743 1964 3743 1948 3743 1947 3744 1946 3744 1962 3744 1962 3745 1963 3745 1947 3745 1953 3746 1952 3746 1968 3746 1968 3747 1969 3747 1953 3747 1941 3748 1940 3748 1956 3748 1956 3749 1957 3749 1941 3749 1946 3750 1945 3750 1961 3750 1961 3751 1962 3751 1946 3751 1952 3752 1951 3752 1967 3752 1967 3753 1968 3753 1952 3753 1951 3754 1950 3754 1966 3754 1966 3755 1967 3755 1951 3755 1940 3756 1939 3756 1955 3756 1955 3757 1956 3757 1940 3757 1945 3758 1944 3758 1960 3758 1960 3759 1961 3759 1945 3759 1950 3760 1949 3760 1965 3760 1965 3761 1966 3761 1950 3761 1944 3762 1943 3762 1959 3762 1959 3763 1960 3763 1944 3763 1966 3764 1965 3764 1980 3764 1980 3765 1981 3765 1966 3765 1960 3766 1959 3766 1974 3766 1974 3767 1975 3767 1960 3767 1965 3768 1964 3768 1979 3768 1979 3769 1980 3769 1965 3769 1959 3770 1958 3770 1973 3770 1973 3771 1974 3771 1959 3771 1958 3772 1957 3772 1972 3772 1972 3773 1973 3773 1958 3773 1964 3774 1963 3774 1978 3774 1978 3775 1979 3775 1964 3775 1969 3776 1968 3776 1983 3776 1983 3777 1984 3777 1969 3777 1957 3778 1956 3778 1971 3778 1971 3779 1972 3779 1957 3779 1963 3780 1962 3780 1977 3780 1977 3781 1978 3781 1963 3781 1962 3782 1961 3782 1976 3782 1976 3783 1977 3783 1962 3783 1968 3784 1967 3784 1982 3784 1982 3785 1983 3785 1968 3785 1956 3786 1955 3786 1970 3786 1970 3787 1971 3787 1956 3787 1961 3788 1960 3788 1975 3788 1975 3789 1976 3789 1961 3789 1967 3790 1966 3790 1981 3790 1981 3791 1982 3791 1967 3791 1971 3792 1970 3792 1985 3792 1985 3793 1986 3793 1971 3793 1977 3794 1976 3794 1991 3794 1991 3795 1992 3795 1977 3795 1976 3796 1975 3796 1990 3796 1990 3797 1991 3797 1976 3797 1982 3798 1981 3798 1996 3798 1996 3799 1997 3799 1982 3799 1975 3800 1974 3800 1989 3800 1989 3801 1990 3801 1975 3801 1981 3802 1980 3802 1995 3802 1995 3803 1996 3803 1981 3803 1980 3804 1979 3804 1994 3804 1994 3805 1995 3805 1980 3805 1974 3806 1973 3806 1988 3806 1988 3807 1989 3807 1974 3807 1979 3808 1978 3808 1993 3808 1993 3809 1994 3809 1979 3809 1984 3810 1983 3810 1998 3810 1998 3811 1999 3811 1984 3811 1973 3812 1972 3812 1987 3812 1987 3813 1988 3813 1973 3813 1972 3814 1971 3814 1986 3814 1986 3815 1987 3815 1972 3815 1978 3816 1977 3816 1992 3816 1992 3817 1993 3817 1978 3817 1983 3818 1982 3818 1997 3818 1997 3819 1998 3819 1983 3819 1999 3820 1998 3820 2013 3820 2013 3821 2014 3821 1999 3821 1998 3822 1997 3822 2012 3822 2012 3823 2013 3823 1998 3823 1987 3824 1986 3824 2001 3824 2001 3825 2002 3825 1987 3825 1986 3826 1985 3826 2000 3826 2000 3827 2001 3827 1986 3827 1992 3828 1991 3828 2006 3828 2006 3829 2007 3829 1992 3829 1997 3830 1996 3830 2011 3830 2011 3831 2012 3831 1997 3831 1991 3832 1990 3832 2005 3832 2005 3833 2006 3833 1991 3833 1990 3834 1989 3834 2004 3834 2004 3835 2005 3835 1990 3835 1996 3836 1995 3836 2010 3836 2010 3837 2011 3837 1996 3837 1989 3838 1988 3838 2003 3838 2003 3839 2004 3839 1989 3839 1995 3840 1994 3840 2009 3840 2009 3841 2010 3841 1995 3841 1994 3842 1993 3842 2008 3842 2008 3843 2009 3843 1994 3843 1988 3844 1987 3844 2002 3844 2002 3845 2003 3845 1988 3845 1993 3846 1992 3846 2007 3846 2007 3847 2008 3847 1993 3847 2003 3848 2002 3848 2017 3848 2017 3849 2018 3849 2003 3849 2009 3850 2008 3850 2023 3850 2023 3851 2024 3851 2009 3851 2008 3852 2007 3852 2022 3852 2022 3853 2023 3853 2008 3853 2014 3854 2013 3854 2028 3854 2028 3855 2029 3855 2014 3855 2002 3856 2001 3856 2016 3856 2016 3857 2017 3857 2002 3857 2007 3858 2006 3858 2021 3858 2021 3859 2022 3859 2007 3859 2013 3860 2012 3860 2027 3860 2027 3861 2028 3861 2013 3861 2012 3862 2011 3862 2026 3862 2026 3863 2027 3863 2012 3863 2001 3864 2000 3864 2015 3864 2015 3865 2016 3865 2001 3865 2006 3866 2005 3866 2020 3866 2020 3867 2021 3867 2006 3867 2011 3868 2010 3868 2025 3868 2025 3869 2026 3869 2011 3869 2005 3870 2004 3870 2019 3870 2019 3871 2020 3871 2005 3871 2004 3872 2003 3872 2018 3872 2018 3873 2019 3873 2004 3873 2010 3874 2009 3874 2024 3874 2024 3875 2025 3875 2010 3875 2025 3876 2024 3876 2039 3876 2039 3877 2040 3877 2025 3877 2019 3878 2018 3878 2033 3878 2033 3879 2034 3879 2019 3879 2018 3880 2017 3880 2032 3880 2032 3881 2033 3881 2018 3881 2024 3882 2023 3882 2038 3882 2038 3883 2039 3883 2024 3883 2029 3884 2028 3884 2043 3884 2043 3885 2044 3885 2029 3885 2017 3886 2016 3886 2031 3886 2031 3887 2032 3887 2017 3887 2023 3888 2022 3888 2037 3888 2037 3889 2038 3889 2023 3889 2022 3890 2021 3890 2036 3890 2036 3891 2037 3891 2022 3891 2028 3892 2027 3892 2042 3892 2042 3893 2043 3893 2028 3893 2016 3894 2015 3894 2030 3894 2030 3895 2031 3895 2016 3895 2021 3896 2020 3896 2035 3896 2035 3897 2036 3897 2021 3897 2027 3898 2026 3898 2041 3898 2041 3899 2042 3899 2027 3899 2026 3900 2025 3900 2040 3900 2040 3901 2041 3901 2026 3901 2020 3902 2019 3902 2034 3902 2034 3903 2035 3903 2020 3903 2035 3904 2034 3904 2049 3904 2049 3905 2050 3905 2035 3905 2041 3906 2040 3906 2055 3906 2055 3907 2056 3907 2041 3907 2040 3908 2039 3908 2054 3908 2054 3909 2055 3909 2040 3909 2034 3910 2033 3910 2048 3910 2048 3911 2049 3911 2034 3911 2039 3912 2038 3912 2053 3912 2053 3913 2054 3913 2039 3913 2044 3914 2043 3914 2058 3914 2058 3915 2059 3915 2044 3915 2033 3916 2032 3916 2047 3916 2047 3917 2048 3917 2033 3917 2032 3918 2031 3918 2046 3918 2046 3919 2047 3919 2032 3919 2038 3920 2037 3920 2052 3920 2052 3921 2053 3921 2038 3921 2043 3922 2042 3922 2057 3922 2057 3923 2058 3923 2043 3923 2031 3924 2030 3924 2045 3924 2045 3925 2046 3925 2031 3925 2037 3926 2036 3926 2051 3926 2051 3927 2052 3927 2037 3927 2036 3928 2035 3928 2050 3928 2050 3929 2051 3929 2036 3929 2042 3930 2041 3930 2056 3930 2056 3931 2057 3931 2042 3931 2052 3932 2051 3932 2066 3932 2066 3933 2067 3933 2052 3933 2057 3934 2056 3934 2071 3934 2071 3935 2072 3935 2057 3935 2051 3936 2050 3936 2065 3936 2065 3937 2066 3937 2051 3937 2050 3938 2049 3938 2064 3938 2064 3939 2065 3939 2050 3939 2056 3940 2055 3940 2070 3940 2070 3941 2071 3941 2056 3941 2049 3942 2048 3942 2063 3942 2063 3943 2064 3943 2049 3943 2055 3944 2054 3944 2069 3944 2069 3945 2070 3945 2055 3945 2054 3946 2053 3946 2068 3946 2068 3947 2069 3947 2054 3947 2048 3948 2047 3948 2062 3948 2062 3949 2063 3949 2048 3949 2053 3950 2052 3950 2067 3950 2067 3951 2068 3951 2053 3951 2059 3952 2058 3952 2073 3952 2073 3953 2074 3953 2059 3953 2058 3954 2057 3954 2072 3954 2072 3955 2073 3955 2058 3955 2047 3956 2046 3956 2061 3956 2061 3957 2062 3957 2047 3957 2046 3958 2045 3958 2060 3958 2060 3959 2061 3959 2046 3959 2062 3960 2061 3960 2077 3960 2077 3961 2078 3961 2062 3961 2067 3962 2066 3962 2082 3962 2082 3963 2083 3963 2067 3963 2073 3964 2072 3964 2088 3964 2088 3965 2089 3965 2073 3965 2072 3966 2071 3966 2087 3966 2087 3967 2088 3967 2072 3967 2061 3968 2060 3968 2076 3968 2076 3969 2077 3969 2061 3969 2066 3970 2065 3970 2081 3970 2081 3971 2082 3971 2066 3971 2071 3972 2070 3972 2086 3972 2086 3973 2087 3973 2071 3973 2065 3974 2064 3974 2080 3974 2080 3975 2081 3975 2065 3975 2064 3976 2063 3976 2079 3976 2079 3977 2080 3977 2064 3977 2070 3978 2069 3978 2085 3978 2085 3979 2086 3979 2070 3979 2063 3980 2062 3980 2078 3980 2078 3981 2079 3981 2063 3981 2069 3982 2068 3982 2084 3982 2084 3983 2085 3983 2069 3983 2068 3984 2067 3984 2083 3984 2083 3985 2084 3985 2068 3985 2074 3986 2073 3986 2089 3986 2089 3987 2090 3987 2074 3987 2079 3988 2078 3988 2093 3988 2093 3989 2094 3989 2079 3989 2085 3990 2084 3990 2099 3990 2099 3991 2100 3991 2085 3991 2090 3992 2089 3992 2104 3992 2104 3993 2105 3993 2090 3993 2078 3994 2077 3994 2092 3994 2092 3995 2093 3995 2078 3995 2084 3996 2083 3996 2098 3996 2098 3997 2099 3997 2084 3997 2083 3998 2082 3998 2097 3998 2097 3999 2098 3999 2083 3999 2089 4000 2088 4000 2103 4000 2103 4001 2104 4001 2089 4001 2077 4002 2076 4002 2091 4002 2091 4003 2092 4003 2077 4003 2082 4004 2081 4004 2096 4004 2096 4005 2097 4005 2082 4005 2088 4006 2087 4006 2102 4006 2102 4007 2103 4007 2088 4007 2087 4008 2086 4008 2101 4008 2101 4009 2102 4009 2087 4009 2081 4010 2080 4010 2095 4010 2095 4011 2096 4011 2081 4011 2086 4012 2085 4012 2100 4012 2100 4013 2101 4013 2086 4013 2080 4014 2079 4014 2094 4014 2094 4015 2095 4015 2080 4015 1624 4016 2075 4016 1639 4016 1954 4017 1638 4017 1653 4017 1954 4018 1653 4018 1668 4018 1639 4019 2075 4019 1654 4019 1654 4020 2075 4020 1669 4020 1954 4021 1668 4021 1683 4021 1669 4022 2075 4022 1684 4022 1954 4023 1683 4023 1698 4023 1684 4024 2075 4024 1699 4024 1954 4025 1698 4025 1713 4025 1699 4026 2075 4026 1714 4026 1954 4027 1713 4027 1728 4027 1954 4028 1728 4028 1743 4028 1714 4029 2075 4029 1729 4029 1954 4030 1743 4030 1758 4030 1729 4031 2075 4031 1744 4031 1744 4032 2075 4032 1759 4032 1954 4033 1758 4033 1773 4033 1759 4034 2075 4034 1774 4034 1954 4035 1773 4035 1788 4035 1774 4036 2075 4036 1789 4036 1954 4037 1788 4037 1803 4037 1954 4038 1803 4038 1818 4038 1789 4039 2075 4039 1804 4039 1954 4040 1818 4040 1833 4040 1804 4041 2075 4041 1819 4041 1819 4042 2075 4042 1834 4042 1954 4043 1833 4043 1848 4043 1834 4044 2075 4044 1849 4044 1954 4045 1848 4045 1863 4045 1954 4046 1863 4046 1878 4046 1849 4047 2075 4047 1864 4047 1954 4048 1878 4048 1893 4048 1864 4049 2075 4049 1879 4049 1954 4050 1893 4050 1908 4050 1879 4051 2075 4051 1894 4051 1894 4052 2075 4052 1909 4052 1954 4053 1908 4053 1923 4053 1909 4054 2075 4054 1924 4054 1954 4055 1923 4055 1938 4055 1924 4056 2075 4056 1939 4056 1954 4057 1938 4057 1953 4057 1954 4058 1953 4058 1969 4058 1939 4059 2075 4059 1955 4059 1955 4060 2075 4060 1970 4060 1954 4061 1969 4061 1984 4061 1970 4062 2075 4062 1985 4062 1954 4063 1984 4063 1999 4063 1985 4064 2075 4064 2000 4064 1954 4065 1999 4065 2014 4065 2000 4066 2075 4066 2015 4066 1954 4067 2014 4067 2029 4067 1954 4068 2029 4068 2044 4068 2015 4069 2075 4069 2030 4069 2030 4070 2075 4070 2045 4070 1954 4071 2044 4071 2059 4071 2045 4072 2075 4072 2060 4072 1954 4073 2059 4073 2074 4073 2060 4074 2075 4074 2076 4074 1954 4075 2074 4075 2090 4075 2076 4076 2075 4076 2091 4076 1954 4077 2090 4077 2105 4077 2101 4078 2100 4078 1633 4078 1633 4079 1634 4079 2101 4079 2095 4080 2094 4080 1627 4080 1627 4081 1628 4081 2095 4081 2100 4082 2099 4082 1632 4082 1632 4083 1633 4083 2100 4083 1954 4084 2105 4084 1638 4084 2105 4085 2104 4085 1637 4085 1637 4086 1638 4086 2105 4086 2094 4087 2093 4087 1626 4087 1626 4088 1627 4088 2094 4088 2093 4089 2092 4089 1625 4089 1625 4090 1626 4090 2093 4090 2099 4091 2098 4091 1631 4091 1631 4092 1632 4092 2099 4092 2104 4093 2103 4093 1636 4093 1636 4094 1637 4094 2104 4094 2092 4095 2091 4095 1624 4095 1624 4096 1625 4096 2092 4096 2098 4097 2097 4097 1630 4097 1630 4098 1631 4098 2098 4098 2097 4099 2096 4099 1629 4099 1629 4100 1630 4100 2097 4100 2103 4101 2102 4101 1635 4101 1635 4102 1636 4102 2103 4102 2091 4103 2075 4103 1624 4103 2096 4104 2095 4104 1628 4104 1628 4105 1629 4105 2096 4105 2102 4106 2101 4106 1634 4106 1634 4107 1635 4107 2102 4107 2652 4108 2653 4108 2655 4108 2655 4109 2654 4109 2652 4109 2656 4110 2657 4110 2659 4110 2659 4111 2658 4111 2656 4111 2660 4112 2661 4112 2663 4112 2663 4113 2662 4113 2660 4113 2664 4114 2665 4114 2667 4114 2667 4115 2666 4115 2664 4115 2668 4116 2669 4116 2671 4116 2671 4117 2670 4117 2668 4117 2672 4118 2673 4118 2675 4118 2675 4119 2674 4119 2672 4119 2676 4120 2677 4120 2679 4120 2679 4121 2678 4121 2676 4121 2680 4122 2681 4122 2683 4122 2683 4123 2682 4123 2680 4123 2684 4124 2685 4124 2687 4124 2687 4125 2686 4125 2684 4125 2688 4126 2689 4126 2691 4126 2691 4127 2690 4127 2688 4127 2692 4128 2693 4128 2695 4128 2695 4129 2694 4129 2692 4129 2696 4130 2697 4130 2699 4130 2699 4131 2698 4131 2696 4131 2700 4132 2701 4132 2703 4132 2703 4133 2702 4133 2700 4133 2704 4134 2705 4134 2707 4134 2707 4135 2706 4135 2704 4135 2708 4136 2709 4136 2711 4136 2711 4137 2710 4137 2708 4137 2712 4138 2713 4138 2715 4138 2715 4139 2714 4139 2712 4139 2173 4140 2172 4140 2187 4140 2187 4141 2188 4141 2173 4141 2179 4142 2178 4142 2193 4142 2193 4143 2194 4143 2179 4143 2178 4144 2177 4144 2192 4144 2192 4145 2193 4145 2178 4145 2184 4146 2183 4146 2198 4146 2198 4147 2199 4147 2184 4147 2172 4148 2171 4148 2186 4148 2186 4149 2187 4149 2172 4149 2177 4150 2176 4150 2191 4150 2191 4151 2192 4151 2177 4151 2183 4152 2182 4152 2197 4152 2197 4153 2198 4153 2183 4153 2182 4154 2181 4154 2196 4154 2196 4155 2197 4155 2182 4155 2171 4156 2170 4156 2185 4156 2185 4157 2186 4157 2171 4157 2176 4158 2175 4158 2190 4158 2190 4159 2191 4159 2176 4159 2181 4160 2180 4160 2195 4160 2195 4161 2196 4161 2181 4161 2175 4162 2174 4162 2189 4162 2189 4163 2190 4163 2175 4163 2174 4164 2173 4164 2188 4164 2188 4165 2189 4165 2174 4165 2180 4166 2179 4166 2194 4166 2194 4167 2195 4167 2180 4167 2195 4168 2194 4168 2209 4168 2209 4169 2210 4169 2195 4169 2188 4170 2187 4170 2202 4170 2202 4171 2203 4171 2188 4171 2194 4172 2193 4172 2208 4172 2208 4173 2209 4173 2194 4173 2193 4174 2192 4174 2207 4174 2207 4175 2208 4175 2193 4175 2199 4176 2198 4176 2213 4176 2213 4177 2214 4177 2199 4177 2187 4178 2186 4178 2201 4178 2201 4179 2202 4179 2187 4179 2192 4180 2191 4180 2206 4180 2206 4181 2207 4181 2192 4181 2198 4182 2197 4182 2212 4182 2212 4183 2213 4183 2198 4183 2197 4184 2196 4184 2211 4184 2211 4185 2212 4185 2197 4185 2186 4186 2185 4186 2200 4186 2200 4187 2201 4187 2186 4187 2191 4188 2190 4188 2205 4188 2205 4189 2206 4189 2191 4189 2196 4190 2195 4190 2210 4190 2210 4191 2211 4191 2196 4191 2190 4192 2189 4192 2204 4192 2204 4193 2205 4193 2190 4193 2189 4194 2188 4194 2203 4194 2203 4195 2204 4195 2189 4195 2205 4196 2204 4196 2219 4196 2219 4197 2220 4197 2205 4197 2210 4198 2209 4198 2224 4198 2224 4199 2225 4199 2210 4199 2204 4200 2203 4200 2218 4200 2218 4201 2219 4201 2204 4201 2203 4202 2202 4202 2217 4202 2217 4203 2218 4203 2203 4203 2209 4204 2208 4204 2223 4204 2223 4205 2224 4205 2209 4205 2214 4206 2213 4206 2228 4206 2228 4207 2229 4207 2214 4207 2202 4208 2201 4208 2216 4208 2216 4209 2217 4209 2202 4209 2208 4210 2207 4210 2222 4210 2222 4211 2223 4211 2208 4211 2207 4212 2206 4212 2221 4212 2221 4213 2222 4213 2207 4213 2213 4214 2212 4214 2227 4214 2227 4215 2228 4215 2213 4215 2201 4216 2200 4216 2215 4216 2215 4217 2216 4217 2201 4217 2206 4218 2205 4218 2220 4218 2220 4219 2221 4219 2206 4219 2212 4220 2211 4220 2226 4220 2226 4221 2227 4221 2212 4221 2211 4222 2210 4222 2225 4222 2225 4223 2226 4223 2211 4223 2221 4224 2220 4224 2235 4224 2235 4225 2236 4225 2221 4225 2227 4226 2226 4226 2241 4226 2241 4227 2242 4227 2227 4227 2220 4228 2219 4228 2234 4228 2234 4229 2235 4229 2220 4229 2226 4230 2225 4230 2240 4230 2240 4231 2241 4231 2226 4231 2225 4232 2224 4232 2239 4232 2239 4233 2240 4233 2225 4233 2219 4234 2218 4234 2233 4234 2233 4235 2234 4235 2219 4235 2224 4236 2223 4236 2238 4236 2238 4237 2239 4237 2224 4237 2229 4238 2228 4238 2243 4238 2243 4239 2244 4239 2229 4239 2218 4240 2217 4240 2232 4240 2232 4241 2233 4241 2218 4241 2217 4242 2216 4242 2231 4242 2231 4243 2232 4243 2217 4243 2223 4244 2222 4244 2237 4244 2237 4245 2238 4245 2223 4245 2228 4246 2227 4246 2242 4246 2242 4247 2243 4247 2228 4247 2216 4248 2215 4248 2230 4248 2230 4249 2231 4249 2216 4249 2222 4250 2221 4250 2236 4250 2236 4251 2237 4251 2222 4251 2243 4252 2242 4252 2257 4252 2257 4253 2258 4253 2243 4253 2232 4254 2231 4254 2246 4254 2246 4255 2247 4255 2232 4255 2231 4256 2230 4256 2245 4256 2245 4257 2246 4257 2231 4257 2237 4258 2236 4258 2251 4258 2251 4259 2252 4259 2237 4259 2242 4260 2241 4260 2256 4260 2256 4261 2257 4261 2242 4261 2236 4262 2235 4262 2250 4262 2250 4263 2251 4263 2236 4263 2235 4264 2234 4264 2249 4264 2249 4265 2250 4265 2235 4265 2241 4266 2240 4266 2255 4266 2255 4267 2256 4267 2241 4267 2234 4268 2233 4268 2248 4268 2248 4269 2249 4269 2234 4269 2240 4270 2239 4270 2254 4270 2254 4271 2255 4271 2240 4271 2239 4272 2238 4272 2253 4272 2253 4273 2254 4273 2239 4273 2233 4274 2232 4274 2247 4274 2247 4275 2248 4275 2233 4275 2238 4276 2237 4276 2252 4276 2252 4277 2253 4277 2238 4277 2244 4278 2243 4278 2258 4278 2258 4279 2259 4279 2244 4279 2248 4280 2247 4280 2262 4280 2262 4281 2263 4281 2248 4281 2254 4282 2253 4282 2268 4282 2268 4283 2269 4283 2254 4283 2253 4284 2252 4284 2267 4284 2267 4285 2268 4285 2253 4285 2259 4286 2258 4286 2273 4286 2273 4287 2274 4287 2259 4287 2247 4288 2246 4288 2261 4288 2261 4289 2262 4289 2247 4289 2252 4290 2251 4290 2266 4290 2266 4291 2267 4291 2252 4291 2258 4292 2257 4292 2272 4292 2272 4293 2273 4293 2258 4293 2257 4294 2256 4294 2271 4294 2271 4295 2272 4295 2257 4295 2246 4296 2245 4296 2260 4296 2260 4297 2261 4297 2246 4297 2251 4298 2250 4298 2265 4298 2265 4299 2266 4299 2251 4299 2256 4300 2255 4300 2270 4300 2270 4301 2271 4301 2256 4301 2250 4302 2249 4302 2264 4302 2264 4303 2265 4303 2250 4303 2249 4304 2248 4304 2263 4304 2263 4305 2264 4305 2249 4305 2255 4306 2254 4306 2269 4306 2269 4307 2270 4307 2255 4307 2264 4308 2263 4308 2278 4308 2278 4309 2279 4309 2264 4309 2263 4310 2262 4310 2277 4310 2277 4311 2278 4311 2263 4311 2269 4312 2268 4312 2283 4312 2283 4313 2284 4313 2269 4313 2274 4314 2273 4314 2288 4314 2288 4315 2289 4315 2274 4315 2262 4316 2261 4316 2276 4316 2276 4317 2277 4317 2262 4317 2268 4318 2267 4318 2282 4318 2282 4319 2283 4319 2268 4319 2267 4320 2266 4320 2281 4320 2281 4321 2282 4321 2267 4321 2273 4322 2272 4322 2287 4322 2287 4323 2288 4323 2273 4323 2261 4324 2260 4324 2275 4324 2275 4325 2276 4325 2261 4325 2266 4326 2265 4326 2280 4326 2280 4327 2281 4327 2266 4327 2272 4328 2271 4328 2286 4328 2286 4329 2287 4329 2272 4329 2271 4330 2270 4330 2285 4330 2285 4331 2286 4331 2271 4331 2265 4332 2264 4332 2279 4332 2279 4333 2280 4333 2265 4333 2270 4334 2269 4334 2284 4334 2284 4335 2285 4335 2270 4335 2280 4336 2279 4336 2294 4336 2294 4337 2295 4337 2280 4337 2286 4338 2285 4338 2300 4338 2300 4339 2301 4339 2286 4339 2285 4340 2284 4340 2299 4340 2299 4341 2300 4341 2285 4341 2279 4342 2278 4342 2293 4342 2293 4343 2294 4343 2279 4343 2284 4344 2283 4344 2298 4344 2298 4345 2299 4345 2284 4345 2289 4346 2288 4346 2303 4346 2303 4347 2304 4347 2289 4347 2278 4348 2277 4348 2292 4348 2292 4349 2293 4349 2278 4349 2277 4350 2276 4350 2291 4350 2291 4351 2292 4351 2277 4351 2283 4352 2282 4352 2297 4352 2297 4353 2298 4353 2283 4353 2288 4354 2287 4354 2302 4354 2302 4355 2303 4355 2288 4355 2276 4356 2275 4356 2290 4356 2290 4357 2291 4357 2276 4357 2282 4358 2281 4358 2296 4358 2296 4359 2297 4359 2282 4359 2281 4360 2280 4360 2295 4360 2295 4361 2296 4361 2281 4361 2287 4362 2286 4362 2301 4362 2301 4363 2302 4363 2287 4363 2302 4364 2301 4364 2316 4364 2316 4365 2317 4365 2302 4365 2296 4366 2295 4366 2310 4366 2310 4367 2311 4367 2296 4367 2295 4368 2294 4368 2309 4368 2309 4369 2310 4369 2295 4369 2301 4370 2300 4370 2315 4370 2315 4371 2316 4371 2301 4371 2294 4372 2293 4372 2308 4372 2308 4373 2309 4373 2294 4373 2300 4374 2299 4374 2314 4374 2314 4375 2315 4375 2300 4375 2299 4376 2298 4376 2313 4376 2313 4377 2314 4377 2299 4377 2293 4378 2292 4378 2307 4378 2307 4379 2308 4379 2293 4379 2298 4380 2297 4380 2312 4380 2312 4381 2313 4381 2298 4381 2304 4382 2303 4382 2318 4382 2318 4383 2319 4383 2304 4383 2303 4384 2302 4384 2317 4384 2317 4385 2318 4385 2303 4385 2292 4386 2291 4386 2306 4386 2306 4387 2307 4387 2292 4387 2291 4388 2290 4388 2305 4388 2305 4389 2306 4389 2291 4389 2297 4390 2296 4390 2311 4390 2311 4391 2312 4391 2297 4391 2307 4392 2306 4392 2321 4392 2321 4393 2322 4393 2307 4393 2312 4394 2311 4394 2326 4394 2326 4395 2327 4395 2312 4395 2318 4396 2317 4396 2332 4396 2332 4397 2333 4397 2318 4397 2317 4398 2316 4398 2331 4398 2331 4399 2332 4399 2317 4399 2306 4400 2305 4400 2320 4400 2320 4401 2321 4401 2306 4401 2311 4402 2310 4402 2325 4402 2325 4403 2326 4403 2311 4403 2316 4404 2315 4404 2330 4404 2330 4405 2331 4405 2316 4405 2310 4406 2309 4406 2324 4406 2324 4407 2325 4407 2310 4407 2309 4408 2308 4408 2323 4408 2323 4409 2324 4409 2309 4409 2315 4410 2314 4410 2329 4410 2329 4411 2330 4411 2315 4411 2308 4412 2307 4412 2322 4412 2322 4413 2323 4413 2308 4413 2314 4414 2313 4414 2328 4414 2328 4415 2329 4415 2314 4415 2313 4416 2312 4416 2327 4416 2327 4417 2328 4417 2313 4417 2319 4418 2318 4418 2333 4418 2333 4419 2334 4419 2319 4419 2329 4420 2328 4420 2343 4420 2343 4421 2344 4421 2329 4421 2334 4422 2333 4422 2348 4422 2348 4423 2349 4423 2334 4423 2322 4424 2321 4424 2336 4424 2336 4425 2337 4425 2322 4425 2328 4426 2327 4426 2342 4426 2342 4427 2343 4427 2328 4427 2327 4428 2326 4428 2341 4428 2341 4429 2342 4429 2327 4429 2333 4430 2332 4430 2347 4430 2347 4431 2348 4431 2333 4431 2321 4432 2320 4432 2335 4432 2335 4433 2336 4433 2321 4433 2326 4434 2325 4434 2340 4434 2340 4435 2341 4435 2326 4435 2332 4436 2331 4436 2346 4436 2346 4437 2347 4437 2332 4437 2331 4438 2330 4438 2345 4438 2345 4439 2346 4439 2331 4439 2325 4440 2324 4440 2339 4440 2339 4441 2340 4441 2325 4441 2330 4442 2329 4442 2344 4442 2344 4443 2345 4443 2330 4443 2324 4444 2323 4444 2338 4444 2338 4445 2339 4445 2324 4445 2323 4446 2322 4446 2337 4446 2337 4447 2338 4447 2323 4447 2339 4448 2338 4448 2353 4448 2353 4449 2354 4449 2339 4449 2344 4450 2343 4450 2358 4450 2358 4451 2359 4451 2344 4451 2349 4452 2348 4452 2363 4452 2363 4453 2364 4453 2349 4453 2338 4454 2337 4454 2352 4454 2352 4455 2353 4455 2338 4455 2337 4456 2336 4456 2351 4456 2351 4457 2352 4457 2337 4457 2343 4458 2342 4458 2357 4458 2357 4459 2358 4459 2343 4459 2348 4460 2347 4460 2362 4460 2362 4461 2363 4461 2348 4461 2336 4462 2335 4462 2350 4462 2350 4463 2351 4463 2336 4463 2342 4464 2341 4464 2356 4464 2356 4465 2357 4465 2342 4465 2341 4466 2340 4466 2355 4466 2355 4467 2356 4467 2341 4467 2347 4468 2346 4468 2361 4468 2361 4469 2362 4469 2347 4469 2340 4470 2339 4470 2354 4470 2354 4471 2355 4471 2340 4471 2346 4472 2345 4472 2360 4472 2360 4473 2361 4473 2346 4473 2345 4474 2344 4474 2359 4474 2359 4475 2360 4475 2345 4475 2355 4476 2354 4476 2369 4476 2369 4477 2370 4477 2355 4477 2361 4478 2360 4478 2375 4478 2375 4479 2376 4479 2361 4479 2354 4480 2353 4480 2368 4480 2368 4481 2369 4481 2354 4481 2360 4482 2359 4482 2374 4482 2374 4483 2375 4483 2360 4483 2359 4484 2358 4484 2373 4484 2373 4485 2374 4485 2359 4485 2353 4486 2352 4486 2367 4486 2367 4487 2368 4487 2353 4487 2358 4488 2357 4488 2372 4488 2372 4489 2373 4489 2358 4489 2364 4490 2363 4490 2378 4490 2378 4491 2379 4491 2364 4491 2363 4492 2362 4492 2377 4492 2377 4493 2378 4493 2363 4493 2352 4494 2351 4494 2366 4494 2366 4495 2367 4495 2352 4495 2351 4496 2350 4496 2365 4496 2365 4497 2366 4497 2351 4497 2357 4498 2356 4498 2371 4498 2371 4499 2372 4499 2357 4499 2362 4500 2361 4500 2376 4500 2376 4501 2377 4501 2362 4501 2356 4502 2355 4502 2370 4502 2370 4503 2371 4503 2356 4503 2377 4504 2376 4504 2391 4504 2391 4505 2392 4505 2377 4505 2366 4506 2365 4506 2380 4506 2380 4507 2381 4507 2366 4507 2371 4508 2370 4508 2385 4508 2385 4509 2386 4509 2371 4509 2376 4510 2375 4510 2390 4510 2390 4511 2391 4511 2376 4511 2370 4512 2369 4512 2384 4512 2384 4513 2385 4513 2370 4513 2369 4514 2368 4514 2383 4514 2383 4515 2384 4515 2369 4515 2375 4516 2374 4516 2389 4516 2389 4517 2390 4517 2375 4517 2368 4518 2367 4518 2382 4518 2382 4519 2383 4519 2368 4519 2374 4520 2373 4520 2388 4520 2388 4521 2389 4521 2374 4521 2373 4522 2372 4522 2387 4522 2387 4523 2388 4523 2373 4523 2379 4524 2378 4524 2393 4524 2393 4525 2394 4525 2379 4525 2367 4526 2366 4526 2381 4526 2381 4527 2382 4527 2367 4527 2372 4528 2371 4528 2386 4528 2386 4529 2387 4529 2372 4529 2378 4530 2377 4530 2392 4530 2392 4531 2393 4531 2378 4531 2382 4532 2381 4532 2396 4532 2396 4533 2397 4533 2382 4533 2388 4534 2387 4534 2402 4534 2402 4535 2403 4535 2388 4535 2387 4536 2386 4536 2401 4536 2401 4537 2402 4537 2387 4537 2393 4538 2392 4538 2407 4538 2407 4539 2408 4539 2393 4539 2381 4540 2380 4540 2395 4540 2395 4541 2396 4541 2381 4541 2386 4542 2385 4542 2400 4542 2400 4543 2401 4543 2386 4543 2392 4544 2391 4544 2406 4544 2406 4545 2407 4545 2392 4545 2391 4546 2390 4546 2405 4546 2405 4547 2406 4547 2391 4547 2385 4548 2384 4548 2399 4548 2399 4549 2400 4549 2385 4549 2390 4550 2389 4550 2404 4550 2404 4551 2405 4551 2390 4551 2384 4552 2383 4552 2398 4552 2398 4553 2399 4553 2384 4553 2383 4554 2382 4554 2397 4554 2397 4555 2398 4555 2383 4555 2389 4556 2388 4556 2403 4556 2403 4557 2404 4557 2389 4557 2394 4558 2393 4558 2408 4558 2408 4559 2409 4559 2394 4559 2409 4560 2408 4560 2423 4560 2423 4561 2424 4561 2409 4561 2398 4562 2397 4562 2412 4562 2412 4563 2413 4563 2398 4563 2397 4564 2396 4564 2411 4564 2411 4565 2412 4565 2397 4565 2403 4566 2402 4566 2417 4566 2417 4567 2418 4567 2403 4567 2408 4568 2407 4568 2422 4568 2422 4569 2423 4569 2408 4569 2396 4570 2395 4570 2410 4570 2410 4571 2411 4571 2396 4571 2402 4572 2401 4572 2416 4572 2416 4573 2417 4573 2402 4573 2401 4574 2400 4574 2415 4574 2415 4575 2416 4575 2401 4575 2407 4576 2406 4576 2421 4576 2421 4577 2422 4577 2407 4577 2400 4578 2399 4578 2414 4578 2414 4579 2415 4579 2400 4579 2406 4580 2405 4580 2420 4580 2420 4581 2421 4581 2406 4581 2405 4582 2404 4582 2419 4582 2419 4583 2420 4583 2405 4583 2399 4584 2398 4584 2413 4584 2413 4585 2414 4585 2399 4585 2404 4586 2403 4586 2418 4586 2418 4587 2419 4587 2404 4587 2414 4588 2413 4588 2428 4588 2428 4589 2429 4589 2414 4589 2420 4590 2419 4590 2434 4590 2434 4591 2435 4591 2420 4591 2419 4592 2418 4592 2433 4592 2433 4593 2434 4593 2419 4593 2413 4594 2412 4594 2427 4594 2427 4595 2428 4595 2413 4595 2418 4596 2417 4596 2432 4596 2432 4597 2433 4597 2418 4597 2424 4598 2423 4598 2438 4598 2438 4599 2439 4599 2424 4599 2423 4600 2422 4600 2437 4600 2437 4601 2438 4601 2423 4601 2412 4602 2411 4602 2426 4602 2426 4603 2427 4603 2412 4603 2411 4604 2410 4604 2425 4604 2425 4605 2426 4605 2411 4605 2417 4606 2416 4606 2431 4606 2431 4607 2432 4607 2417 4607 2422 4608 2421 4608 2436 4608 2436 4609 2437 4609 2422 4609 2416 4610 2415 4610 2430 4610 2430 4611 2431 4611 2416 4611 2415 4612 2414 4612 2429 4612 2429 4613 2430 4613 2415 4613 2421 4614 2420 4614 2435 4614 2435 4615 2436 4615 2421 4615 2436 4616 2435 4616 2450 4616 2450 4617 2451 4617 2436 4617 2430 4618 2429 4618 2444 4618 2444 4619 2445 4619 2430 4619 2429 4620 2428 4620 2443 4620 2443 4621 2444 4621 2429 4621 2435 4622 2434 4622 2449 4622 2449 4623 2450 4623 2435 4623 2428 4624 2427 4624 2442 4624 2442 4625 2443 4625 2428 4625 2434 4626 2433 4626 2448 4626 2448 4627 2449 4627 2434 4627 2433 4628 2432 4628 2447 4628 2447 4629 2448 4629 2433 4629 2439 4630 2438 4630 2453 4630 2453 4631 2454 4631 2439 4631 2427 4632 2426 4632 2441 4632 2441 4633 2442 4633 2427 4633 2432 4634 2431 4634 2446 4634 2446 4635 2447 4635 2432 4635 2438 4636 2437 4636 2452 4636 2452 4637 2453 4637 2438 4637 2437 4638 2436 4638 2451 4638 2451 4639 2452 4639 2437 4639 2426 4640 2425 4640 2440 4640 2440 4641 2441 4641 2426 4641 2431 4642 2430 4642 2445 4642 2445 4643 2446 4643 2431 4643 2441 4644 2440 4644 2455 4644 2455 4645 2456 4645 2441 4645 2446 4646 2445 4646 2460 4646 2460 4647 2461 4647 2446 4647 2452 4648 2451 4648 2466 4648 2466 4649 2467 4649 2452 4649 2451 4650 2450 4650 2465 4650 2465 4651 2466 4651 2451 4651 2445 4652 2444 4652 2459 4652 2459 4653 2460 4653 2445 4653 2450 4654 2449 4654 2464 4654 2464 4655 2465 4655 2450 4655 2444 4656 2443 4656 2458 4656 2458 4657 2459 4657 2444 4657 2443 4658 2442 4658 2457 4658 2457 4659 2458 4659 2443 4659 2449 4660 2448 4660 2463 4660 2463 4661 2464 4661 2449 4661 2454 4662 2453 4662 2468 4662 2468 4663 2469 4663 2454 4663 2442 4664 2441 4664 2456 4664 2456 4665 2457 4665 2442 4665 2448 4666 2447 4666 2462 4666 2462 4667 2463 4667 2448 4667 2447 4668 2446 4668 2461 4668 2461 4669 2462 4669 2447 4669 2453 4670 2452 4670 2467 4670 2467 4671 2468 4671 2453 4671 2463 4672 2462 4672 2477 4672 2477 4673 2478 4673 2463 4673 2468 4674 2467 4674 2482 4674 2482 4675 2483 4675 2468 4675 2456 4676 2455 4676 2470 4676 2470 4677 2471 4677 2456 4677 2462 4678 2461 4678 2476 4678 2476 4679 2477 4679 2462 4679 2461 4680 2460 4680 2475 4680 2475 4681 2476 4681 2461 4681 2467 4682 2466 4682 2481 4682 2481 4683 2482 4683 2467 4683 2460 4684 2459 4684 2474 4684 2474 4685 2475 4685 2460 4685 2466 4686 2465 4686 2480 4686 2480 4687 2481 4687 2466 4687 2465 4688 2464 4688 2479 4688 2479 4689 2480 4689 2465 4689 2459 4690 2458 4690 2473 4690 2473 4691 2474 4691 2459 4691 2464 4692 2463 4692 2478 4692 2478 4693 2479 4693 2464 4693 2469 4694 2468 4694 2483 4694 2483 4695 2484 4695 2469 4695 2458 4696 2457 4696 2472 4696 2472 4697 2473 4697 2458 4697 2457 4698 2456 4698 2471 4698 2471 4699 2472 4699 2457 4699 2473 4700 2472 4700 2487 4700 2487 4701 2488 4701 2473 4701 2478 4702 2477 4702 2492 4702 2492 4703 2493 4703 2478 4703 2484 4704 2483 4704 2498 4704 2498 4705 2499 4705 2484 4705 2483 4706 2482 4706 2497 4706 2497 4707 2498 4707 2483 4707 2472 4708 2471 4708 2486 4708 2486 4709 2487 4709 2472 4709 2471 4710 2470 4710 2485 4710 2485 4711 2486 4711 2471 4711 2477 4712 2476 4712 2491 4712 2491 4713 2492 4713 2477 4713 2482 4714 2481 4714 2496 4714 2496 4715 2497 4715 2482 4715 2476 4716 2475 4716 2490 4716 2490 4717 2491 4717 2476 4717 2475 4718 2474 4718 2489 4718 2489 4719 2490 4719 2475 4719 2481 4720 2480 4720 2495 4720 2495 4721 2496 4721 2481 4721 2474 4722 2473 4722 2488 4722 2488 4723 2489 4723 2474 4723 2480 4724 2479 4724 2494 4724 2494 4725 2495 4725 2480 4725 2479 4726 2478 4726 2493 4726 2493 4727 2494 4727 2479 4727 2489 4728 2488 4728 2504 4728 2504 4729 2505 4729 2489 4729 2495 4730 2494 4730 2510 4730 2510 4731 2511 4731 2495 4731 2488 4732 2487 4732 2503 4732 2503 4733 2504 4733 2488 4733 2494 4734 2493 4734 2509 4734 2509 4735 2510 4735 2494 4735 2493 4736 2492 4736 2508 4736 2508 4737 2509 4737 2493 4737 2499 4738 2498 4738 2514 4738 2514 4739 2515 4739 2499 4739 2487 4740 2486 4740 2502 4740 2502 4741 2503 4741 2487 4741 2492 4742 2491 4742 2507 4742 2507 4743 2508 4743 2492 4743 2498 4744 2497 4744 2513 4744 2513 4745 2514 4745 2498 4745 2497 4746 2496 4746 2512 4746 2512 4747 2513 4747 2497 4747 2486 4748 2485 4748 2501 4748 2501 4749 2502 4749 2486 4749 2491 4750 2490 4750 2506 4750 2506 4751 2507 4751 2491 4751 2496 4752 2495 4752 2511 4752 2511 4753 2512 4753 2496 4753 2490 4754 2489 4754 2505 4754 2505 4755 2506 4755 2490 4755 2512 4756 2511 4756 2526 4756 2526 4757 2527 4757 2512 4757 2506 4758 2505 4758 2520 4758 2520 4759 2521 4759 2506 4759 2511 4760 2510 4760 2525 4760 2525 4761 2526 4761 2511 4761 2505 4762 2504 4762 2519 4762 2519 4763 2520 4763 2505 4763 2504 4764 2503 4764 2518 4764 2518 4765 2519 4765 2504 4765 2510 4766 2509 4766 2524 4766 2524 4767 2525 4767 2510 4767 2515 4768 2514 4768 2529 4768 2529 4769 2530 4769 2515 4769 2503 4770 2502 4770 2517 4770 2517 4771 2518 4771 2503 4771 2509 4772 2508 4772 2523 4772 2523 4773 2524 4773 2509 4773 2508 4774 2507 4774 2522 4774 2522 4775 2523 4775 2508 4775 2514 4776 2513 4776 2528 4776 2528 4777 2529 4777 2514 4777 2502 4778 2501 4778 2516 4778 2516 4779 2517 4779 2502 4779 2507 4780 2506 4780 2521 4780 2521 4781 2522 4781 2507 4781 2513 4782 2512 4782 2527 4782 2527 4783 2528 4783 2513 4783 2517 4784 2516 4784 2531 4784 2531 4785 2532 4785 2517 4785 2523 4786 2522 4786 2537 4786 2537 4787 2538 4787 2523 4787 2522 4788 2521 4788 2536 4788 2536 4789 2537 4789 2522 4789 2528 4790 2527 4790 2542 4790 2542 4791 2543 4791 2528 4791 2521 4792 2520 4792 2535 4792 2535 4793 2536 4793 2521 4793 2527 4794 2526 4794 2541 4794 2541 4795 2542 4795 2527 4795 2526 4796 2525 4796 2540 4796 2540 4797 2541 4797 2526 4797 2520 4798 2519 4798 2534 4798 2534 4799 2535 4799 2520 4799 2525 4800 2524 4800 2539 4800 2539 4801 2540 4801 2525 4801 2530 4802 2529 4802 2544 4802 2544 4803 2545 4803 2530 4803 2519 4804 2518 4804 2533 4804 2533 4805 2534 4805 2519 4805 2518 4806 2517 4806 2532 4806 2532 4807 2533 4807 2518 4807 2524 4808 2523 4808 2538 4808 2538 4809 2539 4809 2524 4809 2529 4810 2528 4810 2543 4810 2543 4811 2544 4811 2529 4811 2545 4812 2544 4812 2559 4812 2559 4813 2560 4813 2545 4813 2544 4814 2543 4814 2558 4814 2558 4815 2559 4815 2544 4815 2533 4816 2532 4816 2547 4816 2547 4817 2548 4817 2533 4817 2532 4818 2531 4818 2546 4818 2546 4819 2547 4819 2532 4819 2538 4820 2537 4820 2552 4820 2552 4821 2553 4821 2538 4821 2543 4822 2542 4822 2557 4822 2557 4823 2558 4823 2543 4823 2537 4824 2536 4824 2551 4824 2551 4825 2552 4825 2537 4825 2536 4826 2535 4826 2550 4826 2550 4827 2551 4827 2536 4827 2542 4828 2541 4828 2556 4828 2556 4829 2557 4829 2542 4829 2535 4830 2534 4830 2549 4830 2549 4831 2550 4831 2535 4831 2541 4832 2540 4832 2555 4832 2555 4833 2556 4833 2541 4833 2540 4834 2539 4834 2554 4834 2554 4835 2555 4835 2540 4835 2534 4836 2533 4836 2548 4836 2548 4837 2549 4837 2534 4837 2539 4838 2538 4838 2553 4838 2553 4839 2554 4839 2539 4839 2549 4840 2548 4840 2563 4840 2563 4841 2564 4841 2549 4841 2555 4842 2554 4842 2569 4842 2569 4843 2570 4843 2555 4843 2554 4844 2553 4844 2568 4844 2568 4845 2569 4845 2554 4845 2560 4846 2559 4846 2574 4846 2574 4847 2575 4847 2560 4847 2548 4848 2547 4848 2562 4848 2562 4849 2563 4849 2548 4849 2553 4850 2552 4850 2567 4850 2567 4851 2568 4851 2553 4851 2559 4852 2558 4852 2573 4852 2573 4853 2574 4853 2559 4853 2558 4854 2557 4854 2572 4854 2572 4855 2573 4855 2558 4855 2547 4856 2546 4856 2561 4856 2561 4857 2562 4857 2547 4857 2552 4858 2551 4858 2566 4858 2566 4859 2567 4859 2552 4859 2557 4860 2556 4860 2571 4860 2571 4861 2572 4861 2557 4861 2551 4862 2550 4862 2565 4862 2565 4863 2566 4863 2551 4863 2550 4864 2549 4864 2564 4864 2564 4865 2565 4865 2550 4865 2556 4866 2555 4866 2570 4866 2570 4867 2571 4867 2556 4867 2571 4868 2570 4868 2585 4868 2585 4869 2586 4869 2571 4869 2565 4870 2564 4870 2579 4870 2579 4871 2580 4871 2565 4871 2564 4872 2563 4872 2578 4872 2578 4873 2579 4873 2564 4873 2570 4874 2569 4874 2584 4874 2584 4875 2585 4875 2570 4875 2575 4876 2574 4876 2589 4876 2589 4877 2590 4877 2575 4877 2563 4878 2562 4878 2577 4878 2577 4879 2578 4879 2563 4879 2569 4880 2568 4880 2583 4880 2583 4881 2584 4881 2569 4881 2568 4882 2567 4882 2582 4882 2582 4883 2583 4883 2568 4883 2574 4884 2573 4884 2588 4884 2588 4885 2589 4885 2574 4885 2562 4886 2561 4886 2576 4886 2576 4887 2577 4887 2562 4887 2567 4888 2566 4888 2581 4888 2581 4889 2582 4889 2567 4889 2573 4890 2572 4890 2587 4890 2587 4891 2588 4891 2573 4891 2572 4892 2571 4892 2586 4892 2586 4893 2587 4893 2572 4893 2566 4894 2565 4894 2580 4894 2580 4895 2581 4895 2566 4895 2581 4896 2580 4896 2595 4896 2595 4897 2596 4897 2581 4897 2587 4898 2586 4898 2601 4898 2601 4899 2602 4899 2587 4899 2586 4900 2585 4900 2600 4900 2600 4901 2601 4901 2586 4901 2580 4902 2579 4902 2594 4902 2594 4903 2595 4903 2580 4903 2585 4904 2584 4904 2599 4904 2599 4905 2600 4905 2585 4905 2590 4906 2589 4906 2604 4906 2604 4907 2605 4907 2590 4907 2579 4908 2578 4908 2593 4908 2593 4909 2594 4909 2579 4909 2578 4910 2577 4910 2592 4910 2592 4911 2593 4911 2578 4911 2584 4912 2583 4912 2598 4912 2598 4913 2599 4913 2584 4913 2589 4914 2588 4914 2603 4914 2603 4915 2604 4915 2589 4915 2577 4916 2576 4916 2591 4916 2591 4917 2592 4917 2577 4917 2583 4918 2582 4918 2597 4918 2597 4919 2598 4919 2583 4919 2582 4920 2581 4920 2596 4920 2596 4921 2597 4921 2582 4921 2588 4922 2587 4922 2602 4922 2602 4923 2603 4923 2588 4923 2598 4924 2597 4924 2612 4924 2612 4925 2613 4925 2598 4925 2603 4926 2602 4926 2617 4926 2617 4927 2618 4927 2603 4927 2597 4928 2596 4928 2611 4928 2611 4929 2612 4929 2597 4929 2596 4930 2595 4930 2610 4930 2610 4931 2611 4931 2596 4931 2602 4932 2601 4932 2616 4932 2616 4933 2617 4933 2602 4933 2595 4934 2594 4934 2609 4934 2609 4935 2610 4935 2595 4935 2601 4936 2600 4936 2615 4936 2615 4937 2616 4937 2601 4937 2600 4938 2599 4938 2614 4938 2614 4939 2615 4939 2600 4939 2594 4940 2593 4940 2608 4940 2608 4941 2609 4941 2594 4941 2599 4942 2598 4942 2613 4942 2613 4943 2614 4943 2599 4943 2605 4944 2604 4944 2619 4944 2619 4945 2620 4945 2605 4945 2604 4946 2603 4946 2618 4946 2618 4947 2619 4947 2604 4947 2593 4948 2592 4948 2607 4948 2607 4949 2608 4949 2593 4949 2592 4950 2591 4950 2606 4950 2606 4951 2607 4951 2592 4951 2608 4952 2607 4952 2623 4952 2623 4953 2624 4953 2608 4953 2613 4954 2612 4954 2628 4954 2628 4955 2629 4955 2613 4955 2619 4956 2618 4956 2634 4956 2634 4957 2635 4957 2619 4957 2618 4958 2617 4958 2633 4958 2633 4959 2634 4959 2618 4959 2607 4960 2606 4960 2622 4960 2622 4961 2623 4961 2607 4961 2612 4962 2611 4962 2627 4962 2627 4963 2628 4963 2612 4963 2617 4964 2616 4964 2632 4964 2632 4965 2633 4965 2617 4965 2611 4966 2610 4966 2626 4966 2626 4967 2627 4967 2611 4967 2610 4968 2609 4968 2625 4968 2625 4969 2626 4969 2610 4969 2616 4970 2615 4970 2631 4970 2631 4971 2632 4971 2616 4971 2609 4972 2608 4972 2624 4972 2624 4973 2625 4973 2609 4973 2615 4974 2614 4974 2630 4974 2630 4975 2631 4975 2615 4975 2614 4976 2613 4976 2629 4976 2629 4977 2630 4977 2614 4977 2620 4978 2619 4978 2635 4978 2635 4979 2636 4979 2620 4979 2625 4980 2624 4980 2639 4980 2639 4981 2640 4981 2625 4981 2631 4982 2630 4982 2645 4982 2645 4983 2646 4983 2631 4983 2636 4984 2635 4984 2650 4984 2650 4985 2651 4985 2636 4985 2624 4986 2623 4986 2638 4986 2638 4987 2639 4987 2624 4987 2630 4988 2629 4988 2644 4988 2644 4989 2645 4989 2630 4989 2629 4990 2628 4990 2643 4990 2643 4991 2644 4991 2629 4991 2635 4992 2634 4992 2649 4992 2649 4993 2650 4993 2635 4993 2623 4994 2622 4994 2637 4994 2637 4995 2638 4995 2623 4995 2628 4996 2627 4996 2642 4996 2642 4997 2643 4997 2628 4997 2634 4998 2633 4998 2648 4998 2648 4999 2649 4999 2634 4999 2633 5000 2632 5000 2647 5000 2647 5001 2648 5001 2633 5001 2627 5002 2626 5002 2641 5002 2641 5003 2642 5003 2627 5003 2632 5004 2631 5004 2646 5004 2646 5005 2647 5005 2632 5005 2626 5006 2625 5006 2640 5006 2640 5007 2641 5007 2626 5007 2170 5008 2621 5008 2185 5008 2500 5009 2184 5009 2199 5009 2500 5010 2199 5010 2214 5010 2185 5011 2621 5011 2200 5011 2200 5012 2621 5012 2215 5012 2500 5013 2214 5013 2229 5013 2215 5014 2621 5014 2230 5014 2500 5015 2229 5015 2244 5015 2230 5016 2621 5016 2245 5016 2500 5017 2244 5017 2259 5017 2245 5018 2621 5018 2260 5018 2500 5019 2259 5019 2274 5019 2500 5020 2274 5020 2289 5020 2260 5021 2621 5021 2275 5021 2500 5022 2289 5022 2304 5022 2275 5023 2621 5023 2290 5023 2290 5024 2621 5024 2305 5024 2500 5025 2304 5025 2319 5025 2305 5026 2621 5026 2320 5026 2500 5027 2319 5027 2334 5027 2320 5028 2621 5028 2335 5028 2500 5029 2334 5029 2349 5029 2500 5030 2349 5030 2364 5030 2335 5031 2621 5031 2350 5031 2500 5032 2364 5032 2379 5032 2350 5033 2621 5033 2365 5033 2365 5034 2621 5034 2380 5034 2500 5035 2379 5035 2394 5035 2380 5036 2621 5036 2395 5036 2500 5037 2394 5037 2409 5037 2500 5038 2409 5038 2424 5038 2395 5039 2621 5039 2410 5039 2500 5040 2424 5040 2439 5040 2410 5041 2621 5041 2425 5041 2500 5042 2439 5042 2454 5042 2425 5043 2621 5043 2440 5043 2440 5044 2621 5044 2455 5044 2500 5045 2454 5045 2469 5045 2455 5046 2621 5046 2470 5046 2500 5047 2469 5047 2484 5047 2470 5048 2621 5048 2485 5048 2500 5049 2484 5049 2499 5049 2500 5050 2499 5050 2515 5050 2485 5051 2621 5051 2501 5051 2501 5052 2621 5052 2516 5052 2500 5053 2515 5053 2530 5053 2516 5054 2621 5054 2531 5054 2500 5055 2530 5055 2545 5055 2531 5056 2621 5056 2546 5056 2500 5057 2545 5057 2560 5057 2546 5058 2621 5058 2561 5058 2500 5059 2560 5059 2575 5059 2500 5060 2575 5060 2590 5060 2561 5061 2621 5061 2576 5061 2576 5062 2621 5062 2591 5062 2500 5063 2590 5063 2605 5063 2591 5064 2621 5064 2606 5064 2500 5065 2605 5065 2620 5065 2606 5066 2621 5066 2622 5066 2500 5067 2620 5067 2636 5067 2622 5068 2621 5068 2637 5068 2500 5069 2636 5069 2651 5069 2647 5070 2646 5070 2179 5070 2179 5071 2180 5071 2647 5071 2641 5072 2640 5072 2173 5072 2173 5073 2174 5073 2641 5073 2646 5074 2645 5074 2178 5074 2178 5075 2179 5075 2646 5075 2500 5076 2651 5076 2184 5076 2651 5077 2650 5077 2183 5077 2183 5078 2184 5078 2651 5078 2640 5079 2639 5079 2172 5079 2172 5080 2173 5080 2640 5080 2639 5081 2638 5081 2171 5081 2171 5082 2172 5082 2639 5082 2645 5083 2644 5083 2177 5083 2177 5084 2178 5084 2645 5084 2650 5085 2649 5085 2182 5085 2182 5086 2183 5086 2650 5086 2638 5087 2637 5087 2170 5087 2170 5088 2171 5088 2638 5088 2644 5089 2643 5089 2176 5089 2176 5090 2177 5090 2644 5090 2643 5091 2642 5091 2175 5091 2175 5092 2176 5092 2643 5092 2649 5093 2648 5093 2181 5093 2181 5094 2182 5094 2649 5094 2637 5095 2621 5095 2170 5095 2642 5096 2641 5096 2174 5096 2174 5097 2175 5097 2642 5097 2648 5098 2647 5098 2180 5098 2180 5099 2181 5099 2648 5099 2780 5100 2717 5100 2719 5100 2719 5101 2781 5101 2780 5101 2781 5102 2719 5102 2721 5102 2721 5103 2782 5103 2781 5103 2782 5104 2721 5104 2723 5104 2723 5105 2783 5105 2782 5105 2783 5106 2723 5106 2725 5106 2725 5107 2784 5107 2783 5107 2784 5108 2725 5108 2727 5108 2727 5109 2785 5109 2784 5109 2785 5110 2727 5110 2729 5110 2729 5111 2786 5111 2785 5111 2786 5112 2729 5112 2731 5112 2731 5113 2787 5113 2786 5113 2787 5114 2731 5114 2733 5114 2733 5115 2788 5115 2787 5115 2788 5116 2733 5116 2735 5116 2735 5117 2789 5117 2788 5117 2789 5118 2735 5118 2737 5118 2737 5119 2790 5119 2789 5119 2790 5120 2737 5120 2739 5120 2739 5121 2791 5121 2790 5121 2791 5122 2739 5122 2741 5122 2741 5123 2792 5123 2791 5123 2792 5124 2741 5124 2743 5124 2743 5125 2793 5125 2792 5125 2793 5126 2743 5126 2745 5126 2745 5127 2794 5127 2793 5127 2794 5128 2745 5128 2747 5128 2747 5129 2795 5129 2794 5129 2795 5130 2747 5130 2749 5130 2749 5131 2796 5131 2795 5131 2796 5132 2749 5132 2751 5132 2751 5133 2797 5133 2796 5133 2797 5134 2751 5134 2753 5134 2753 5135 2798 5135 2797 5135 2798 5136 2753 5136 2755 5136 2755 5137 2799 5137 2798 5137 2799 5138 2755 5138 2757 5138 2757 5139 2800 5139 2799 5139 2800 5140 2757 5140 2759 5140 2759 5141 2801 5141 2800 5141 2801 5142 2759 5142 2761 5142 2761 5143 2802 5143 2801 5143 2802 5144 2761 5144 2763 5144 2763 5145 2803 5145 2802 5145 2803 5146 2763 5146 2765 5146 2765 5147 2804 5147 2803 5147 2804 5148 2765 5148 2767 5148 2767 5149 2805 5149 2804 5149 2805 5150 2767 5150 2769 5150 2769 5151 2806 5151 2805 5151 2806 5152 2769 5152 2771 5152 2771 5153 2807 5153 2806 5153 2807 5154 2771 5154 2773 5154 2773 5155 2808 5155 2807 5155 2808 5156 2773 5156 2775 5156 2775 5157 2809 5157 2808 5157 2809 5158 2775 5158 2777 5158 2777 5159 2810 5159 2809 5159 2811 5160 2779 5160 2717 5160 2717 5161 2780 5161 2811 5161 2810 5162 2777 5162 2779 5162 2779 5163 2811 5163 2810 5163 2841 5164 2810 5164 2811 5164 2811 5165 2842 5165 2841 5165 2842 5166 2811 5166 2780 5166 2780 5167 2843 5167 2842 5167 2840 5168 2809 5168 2810 5168 2810 5169 2841 5169 2840 5169 2839 5170 2808 5170 2809 5170 2809 5171 2840 5171 2839 5171 2838 5172 2807 5172 2808 5172 2808 5173 2839 5173 2838 5173 2837 5174 2806 5174 2807 5174 2807 5175 2838 5175 2837 5175 2836 5176 2805 5176 2806 5176 2806 5177 2837 5177 2836 5177 2835 5178 2804 5178 2805 5178 2805 5179 2836 5179 2835 5179 2834 5180 2803 5180 2804 5180 2804 5181 2835 5181 2834 5181 2833 5182 2802 5182 2803 5182 2803 5183 2834 5183 2833 5183 2832 5184 2801 5184 2802 5184 2802 5185 2833 5185 2832 5185 2831 5186 2800 5186 2801 5186 2801 5187 2832 5187 2831 5187 2830 5188 2799 5188 2800 5188 2800 5189 2831 5189 2830 5189 2829 5190 2798 5190 2799 5190 2799 5191 2830 5191 2829 5191 2828 5192 2797 5192 2798 5192 2798 5193 2829 5193 2828 5193 2827 5194 2796 5194 2797 5194 2797 5195 2828 5195 2827 5195 2826 5196 2795 5196 2796 5196 2796 5197 2827 5197 2826 5197 2825 5198 2794 5198 2795 5198 2795 5199 2826 5199 2825 5199 2824 5200 2793 5200 2794 5200 2794 5201 2825 5201 2824 5201 2823 5202 2792 5202 2793 5202 2793 5203 2824 5203 2823 5203 2822 5204 2791 5204 2792 5204 2792 5205 2823 5205 2822 5205 2821 5206 2790 5206 2791 5206 2791 5207 2822 5207 2821 5207 2820 5208 2789 5208 2790 5208 2790 5209 2821 5209 2820 5209 2819 5210 2788 5210 2789 5210 2789 5211 2820 5211 2819 5211 2818 5212 2787 5212 2788 5212 2788 5213 2819 5213 2818 5213 2817 5214 2786 5214 2787 5214 2787 5215 2818 5215 2817 5215 2816 5216 2785 5216 2786 5216 2786 5217 2817 5217 2816 5217 2815 5218 2784 5218 2785 5218 2785 5219 2816 5219 2815 5219 2814 5220 2783 5220 2784 5220 2784 5221 2815 5221 2814 5221 2813 5222 2782 5222 2783 5222 2783 5223 2814 5223 2813 5223 2812 5224 2781 5224 2782 5224 2782 5225 2813 5225 2812 5225 2843 5226 2780 5226 2781 5226 2781 5227 2812 5227 2843 5227 2875 5228 2843 5228 2812 5228 2812 5229 2844 5229 2875 5229 2844 5230 2812 5230 2813 5230 2813 5231 2845 5231 2844 5231 2845 5232 2813 5232 2814 5232 2814 5233 2846 5233 2845 5233 2846 5234 2814 5234 2815 5234 2815 5235 2847 5235 2846 5235 2847 5236 2815 5236 2816 5236 2816 5237 2848 5237 2847 5237 2848 5238 2816 5238 2817 5238 2817 5239 2849 5239 2848 5239 2849 5240 2817 5240 2818 5240 2818 5241 2850 5241 2849 5241 2850 5242 2818 5242 2819 5242 2819 5243 2851 5243 2850 5243 2851 5244 2819 5244 2820 5244 2820 5245 2852 5245 2851 5245 2852 5246 2820 5246 2821 5246 2821 5247 2853 5247 2852 5247 2853 5248 2821 5248 2822 5248 2822 5249 2854 5249 2853 5249 2854 5250 2822 5250 2823 5250 2823 5251 2855 5251 2854 5251 2855 5252 2823 5252 2824 5252 2824 5253 2856 5253 2855 5253 2856 5254 2824 5254 2825 5254 2825 5255 2857 5255 2856 5255 2857 5256 2825 5256 2826 5256 2826 5257 2858 5257 2857 5257 2858 5258 2826 5258 2827 5258 2827 5259 2859 5259 2858 5259 2859 5260 2827 5260 2828 5260 2828 5261 2860 5261 2859 5261 2860 5262 2828 5262 2829 5262 2829 5263 2861 5263 2860 5263 2861 5264 2829 5264 2830 5264 2830 5265 2862 5265 2861 5265 2862 5266 2830 5266 2831 5266 2831 5267 2863 5267 2862 5267 2863 5268 2831 5268 2832 5268 2832 5269 2864 5269 2863 5269 2864 5270 2832 5270 2833 5270 2833 5271 2865 5271 2864 5271 2865 5272 2833 5272 2834 5272 2834 5273 2866 5273 2865 5273 2866 5274 2834 5274 2835 5274 2835 5275 2867 5275 2866 5275 2867 5276 2835 5276 2836 5276 2836 5277 2868 5277 2867 5277 2868 5278 2836 5278 2837 5278 2837 5279 2869 5279 2868 5279 2869 5280 2837 5280 2838 5280 2838 5281 2870 5281 2869 5281 2870 5282 2838 5282 2839 5282 2839 5283 2871 5283 2870 5283 2871 5284 2839 5284 2840 5284 2840 5285 2872 5285 2871 5285 2872 5286 2840 5286 2841 5286 2841 5287 2873 5287 2872 5287 2874 5288 2842 5288 2843 5288 2843 5289 2875 5289 2874 5289 2873 5290 2841 5290 2842 5290 2842 5291 2874 5291 2873 5291 2776 5292 2873 5292 2874 5292 2874 5293 2778 5293 2776 5293 2778 5294 2874 5294 2875 5294 2875 5295 2716 5295 2778 5295 2774 5296 2872 5296 2873 5296 2873 5297 2776 5297 2774 5297 2772 5298 2871 5298 2872 5298 2872 5299 2774 5299 2772 5299 2770 5300 2870 5300 2871 5300 2871 5301 2772 5301 2770 5301 2768 5302 2869 5302 2870 5302 2870 5303 2770 5303 2768 5303 2766 5304 2868 5304 2869 5304 2869 5305 2768 5305 2766 5305 2764 5306 2867 5306 2868 5306 2868 5307 2766 5307 2764 5307 2762 5308 2866 5308 2867 5308 2867 5309 2764 5309 2762 5309 2760 5310 2865 5310 2866 5310 2866 5311 2762 5311 2760 5311 2758 5312 2864 5312 2865 5312 2865 5313 2760 5313 2758 5313 2756 5314 2863 5314 2864 5314 2864 5315 2758 5315 2756 5315 2754 5316 2862 5316 2863 5316 2863 5317 2756 5317 2754 5317 2752 5318 2861 5318 2862 5318 2862 5319 2754 5319 2752 5319 2750 5320 2860 5320 2861 5320 2861 5321 2752 5321 2750 5321 2748 5322 2859 5322 2860 5322 2860 5323 2750 5323 2748 5323 2746 5324 2858 5324 2859 5324 2859 5325 2748 5325 2746 5325 2744 5326 2857 5326 2858 5326 2858 5327 2746 5327 2744 5327 2742 5328 2856 5328 2857 5328 2857 5329 2744 5329 2742 5329 2740 5330 2855 5330 2856 5330 2856 5331 2742 5331 2740 5331 2738 5332 2854 5332 2855 5332 2855 5333 2740 5333 2738 5333 2736 5334 2853 5334 2854 5334 2854 5335 2738 5335 2736 5335 2734 5336 2852 5336 2853 5336 2853 5337 2736 5337 2734 5337 2732 5338 2851 5338 2852 5338 2852 5339 2734 5339 2732 5339 2730 5340 2850 5340 2851 5340 2851 5341 2732 5341 2730 5341 2728 5342 2849 5342 2850 5342 2850 5343 2730 5343 2728 5343 2726 5344 2848 5344 2849 5344 2849 5345 2728 5345 2726 5345 2724 5346 2847 5346 2848 5346 2848 5347 2726 5347 2724 5347 2722 5348 2846 5348 2847 5348 2847 5349 2724 5349 2722 5349 2720 5350 2845 5350 2846 5350 2846 5351 2722 5351 2720 5351 2718 5352 2844 5352 2845 5352 2845 5353 2720 5353 2718 5353 2716 5354 2875 5354 2844 5354 2844 5355 2718 5355 2716 5355 2941 5356 2879 5356 2877 5356 2877 5357 2940 5357 2941 5357 2942 5358 2881 5358 2879 5358 2879 5359 2941 5359 2942 5359 2943 5360 2883 5360 2881 5360 2881 5361 2942 5361 2943 5361 2944 5362 2885 5362 2883 5362 2883 5363 2943 5363 2944 5363 2945 5364 2887 5364 2885 5364 2885 5365 2944 5365 2945 5365 2946 5366 2889 5366 2887 5366 2887 5367 2945 5367 2946 5367 2947 5368 2891 5368 2889 5368 2889 5369 2946 5369 2947 5369 2948 5370 2893 5370 2891 5370 2891 5371 2947 5371 2948 5371 2949 5372 2895 5372 2893 5372 2893 5373 2948 5373 2949 5373 2950 5374 2897 5374 2895 5374 2895 5375 2949 5375 2950 5375 2951 5376 2899 5376 2897 5376 2897 5377 2950 5377 2951 5377 2952 5378 2901 5378 2899 5378 2899 5379 2951 5379 2952 5379 2953 5380 2903 5380 2901 5380 2901 5381 2952 5381 2953 5381 2954 5382 2905 5382 2903 5382 2903 5383 2953 5383 2954 5383 2955 5384 2907 5384 2905 5384 2905 5385 2954 5385 2955 5385 2956 5386 2909 5386 2907 5386 2907 5387 2955 5387 2956 5387 2957 5388 2911 5388 2909 5388 2909 5389 2956 5389 2957 5389 2958 5390 2913 5390 2911 5390 2911 5391 2957 5391 2958 5391 2959 5392 2915 5392 2913 5392 2913 5393 2958 5393 2959 5393 2960 5394 2917 5394 2915 5394 2915 5395 2959 5395 2960 5395 2961 5396 2919 5396 2917 5396 2917 5397 2960 5397 2961 5397 2962 5398 2921 5398 2919 5398 2919 5399 2961 5399 2962 5399 2963 5400 2923 5400 2921 5400 2921 5401 2962 5401 2963 5401 2964 5402 2925 5402 2923 5402 2923 5403 2963 5403 2964 5403 2965 5404 2927 5404 2925 5404 2925 5405 2964 5405 2965 5405 2966 5406 2929 5406 2927 5406 2927 5407 2965 5407 2966 5407 2967 5408 2931 5408 2929 5408 2929 5409 2966 5409 2967 5409 2968 5410 2933 5410 2931 5410 2931 5411 2967 5411 2968 5411 2969 5412 2935 5412 2933 5412 2933 5413 2968 5413 2969 5413 2970 5414 2937 5414 2935 5414 2935 5415 2969 5415 2970 5415 2940 5416 2877 5416 2939 5416 2939 5417 2971 5417 2940 5417 2971 5418 2939 5418 2937 5418 2937 5419 2970 5419 2971 5419 3002 5420 2971 5420 2970 5420 2970 5421 3001 5421 3002 5421 3003 5422 2940 5422 2971 5422 2971 5423 3002 5423 3003 5423 3001 5424 2970 5424 2969 5424 2969 5425 3000 5425 3001 5425 3000 5426 2969 5426 2968 5426 2968 5427 2999 5427 3000 5427 2999 5428 2968 5428 2967 5428 2967 5429 2998 5429 2999 5429 2998 5430 2967 5430 2966 5430 2966 5431 2997 5431 2998 5431 2997 5432 2966 5432 2965 5432 2965 5433 2996 5433 2997 5433 2996 5434 2965 5434 2964 5434 2964 5435 2995 5435 2996 5435 2995 5436 2964 5436 2963 5436 2963 5437 2994 5437 2995 5437 2994 5438 2963 5438 2962 5438 2962 5439 2993 5439 2994 5439 2993 5440 2962 5440 2961 5440 2961 5441 2992 5441 2993 5441 2992 5442 2961 5442 2960 5442 2960 5443 2991 5443 2992 5443 2991 5444 2960 5444 2959 5444 2959 5445 2990 5445 2991 5445 2990 5446 2959 5446 2958 5446 2958 5447 2989 5447 2990 5447 2989 5448 2958 5448 2957 5448 2957 5449 2988 5449 2989 5449 2988 5450 2957 5450 2956 5450 2956 5451 2987 5451 2988 5451 2987 5452 2956 5452 2955 5452 2955 5453 2986 5453 2987 5453 2986 5454 2955 5454 2954 5454 2954 5455 2985 5455 2986 5455 2985 5456 2954 5456 2953 5456 2953 5457 2984 5457 2985 5457 2984 5458 2953 5458 2952 5458 2952 5459 2983 5459 2984 5459 2983 5460 2952 5460 2951 5460 2951 5461 2982 5461 2983 5461 2982 5462 2951 5462 2950 5462 2950 5463 2981 5463 2982 5463 2981 5464 2950 5464 2949 5464 2949 5465 2980 5465 2981 5465 2980 5466 2949 5466 2948 5466 2948 5467 2979 5467 2980 5467 2979 5468 2948 5468 2947 5468 2947 5469 2978 5469 2979 5469 2978 5470 2947 5470 2946 5470 2946 5471 2977 5471 2978 5471 2977 5472 2946 5472 2945 5472 2945 5473 2976 5473 2977 5473 2976 5474 2945 5474 2944 5474 2944 5475 2975 5475 2976 5475 2975 5476 2944 5476 2943 5476 2943 5477 2974 5477 2975 5477 2974 5478 2943 5478 2942 5478 2942 5479 2973 5479 2974 5479 2973 5480 2942 5480 2941 5480 2941 5481 2972 5481 2973 5481 2972 5482 2941 5482 2940 5482 2940 5483 3003 5483 2972 5483 3004 5484 2972 5484 3003 5484 3003 5485 3035 5485 3004 5485 3005 5486 2973 5486 2972 5486 2972 5487 3004 5487 3005 5487 3006 5488 2974 5488 2973 5488 2973 5489 3005 5489 3006 5489 3007 5490 2975 5490 2974 5490 2974 5491 3006 5491 3007 5491 3008 5492 2976 5492 2975 5492 2975 5493 3007 5493 3008 5493 3009 5494 2977 5494 2976 5494 2976 5495 3008 5495 3009 5495 3010 5496 2978 5496 2977 5496 2977 5497 3009 5497 3010 5497 3011 5498 2979 5498 2978 5498 2978 5499 3010 5499 3011 5499 3012 5500 2980 5500 2979 5500 2979 5501 3011 5501 3012 5501 3013 5502 2981 5502 2980 5502 2980 5503 3012 5503 3013 5503 3014 5504 2982 5504 2981 5504 2981 5505 3013 5505 3014 5505 3015 5506 2983 5506 2982 5506 2982 5507 3014 5507 3015 5507 3016 5508 2984 5508 2983 5508 2983 5509 3015 5509 3016 5509 3017 5510 2985 5510 2984 5510 2984 5511 3016 5511 3017 5511 3018 5512 2986 5512 2985 5512 2985 5513 3017 5513 3018 5513 3019 5514 2987 5514 2986 5514 2986 5515 3018 5515 3019 5515 3020 5516 2988 5516 2987 5516 2987 5517 3019 5517 3020 5517 3021 5518 2989 5518 2988 5518 2988 5519 3020 5519 3021 5519 3022 5520 2990 5520 2989 5520 2989 5521 3021 5521 3022 5521 3023 5522 2991 5522 2990 5522 2990 5523 3022 5523 3023 5523 3024 5524 2992 5524 2991 5524 2991 5525 3023 5525 3024 5525 3025 5526 2993 5526 2992 5526 2992 5527 3024 5527 3025 5527 3026 5528 2994 5528 2993 5528 2993 5529 3025 5529 3026 5529 3027 5530 2995 5530 2994 5530 2994 5531 3026 5531 3027 5531 3028 5532 2996 5532 2995 5532 2995 5533 3027 5533 3028 5533 3029 5534 2997 5534 2996 5534 2996 5535 3028 5535 3029 5535 3030 5536 2998 5536 2997 5536 2997 5537 3029 5537 3030 5537 3031 5538 2999 5538 2998 5538 2998 5539 3030 5539 3031 5539 3032 5540 3000 5540 2999 5540 2999 5541 3031 5541 3032 5541 3033 5542 3001 5542 3000 5542 3000 5543 3032 5543 3033 5543 3035 5544 3003 5544 3002 5544 3002 5545 3034 5545 3035 5545 3034 5546 3002 5546 3001 5546 3001 5547 3033 5547 3034 5547 2938 5548 3034 5548 3033 5548 3033 5549 2936 5549 2938 5549 2876 5550 3035 5550 3034 5550 3034 5551 2938 5551 2876 5551 2936 5552 3033 5552 3032 5552 3032 5553 2934 5553 2936 5553 2934 5554 3032 5554 3031 5554 3031 5555 2932 5555 2934 5555 2932 5556 3031 5556 3030 5556 3030 5557 2930 5557 2932 5557 2930 5558 3030 5558 3029 5558 3029 5559 2928 5559 2930 5559 2928 5560 3029 5560 3028 5560 3028 5561 2926 5561 2928 5561 2926 5562 3028 5562 3027 5562 3027 5563 2924 5563 2926 5563 2924 5564 3027 5564 3026 5564 3026 5565 2922 5565 2924 5565 2922 5566 3026 5566 3025 5566 3025 5567 2920 5567 2922 5567 2920 5568 3025 5568 3024 5568 3024 5569 2918 5569 2920 5569 2918 5570 3024 5570 3023 5570 3023 5571 2916 5571 2918 5571 2916 5572 3023 5572 3022 5572 3022 5573 2914 5573 2916 5573 2914 5574 3022 5574 3021 5574 3021 5575 2912 5575 2914 5575 2912 5576 3021 5576 3020 5576 3020 5577 2910 5577 2912 5577 2910 5578 3020 5578 3019 5578 3019 5579 2908 5579 2910 5579 2908 5580 3019 5580 3018 5580 3018 5581 2906 5581 2908 5581 2906 5582 3018 5582 3017 5582 3017 5583 2904 5583 2906 5583 2904 5584 3017 5584 3016 5584 3016 5585 2902 5585 2904 5585 2902 5586 3016 5586 3015 5586 3015 5587 2900 5587 2902 5587 2900 5588 3015 5588 3014 5588 3014 5589 2898 5589 2900 5589 2898 5590 3014 5590 3013 5590 3013 5591 2896 5591 2898 5591 2896 5592 3013 5592 3012 5592 3012 5593 2894 5593 2896 5593 2894 5594 3012 5594 3011 5594 3011 5595 2892 5595 2894 5595 2892 5596 3011 5596 3010 5596 3010 5597 2890 5597 2892 5597 2890 5598 3010 5598 3009 5598 3009 5599 2888 5599 2890 5599 2888 5600 3009 5600 3008 5600 3008 5601 2886 5601 2888 5601 2886 5602 3008 5602 3007 5602 3007 5603 2884 5603 2886 5603 2884 5604 3007 5604 3006 5604 3006 5605 2882 5605 2884 5605 2882 5606 3006 5606 3005 5606 3005 5607 2880 5607 2882 5607 2880 5608 3005 5608 3004 5608 3004 5609 2878 5609 2880 5609 2878 5610 3004 5610 3035 5610 3035 5611 2876 5611 2878 5611 2716 5612 2718 5612 2878 5612 2878 5613 2876 5613 2716 5613 2719 5614 2717 5614 2877 5614 2877 5615 2879 5615 2719 5615 2718 5616 2720 5616 2880 5616 2880 5617 2878 5617 2718 5617 2721 5618 2719 5618 2879 5618 2879 5619 2881 5619 2721 5619 2720 5620 2722 5620 2882 5620 2882 5621 2880 5621 2720 5621 2723 5622 2721 5622 2881 5622 2881 5623 2883 5623 2723 5623 2722 5624 2724 5624 2884 5624 2884 5625 2882 5625 2722 5625 2725 5626 2723 5626 2883 5626 2883 5627 2885 5627 2725 5627 2724 5628 2726 5628 2886 5628 2886 5629 2884 5629 2724 5629 2727 5630 2725 5630 2885 5630 2885 5631 2887 5631 2727 5631 2726 5632 2728 5632 2888 5632 2888 5633 2886 5633 2726 5633 2729 5634 2727 5634 2887 5634 2887 5635 2889 5635 2729 5635 2728 5636 2730 5636 2890 5636 2890 5637 2888 5637 2728 5637 2731 5638 2729 5638 2889 5638 2889 5639 2891 5639 2731 5639 2730 5640 2732 5640 2892 5640 2892 5641 2890 5641 2730 5641 2733 5642 2731 5642 2891 5642 2891 5643 2893 5643 2733 5643 2732 5644 2734 5644 2894 5644 2894 5645 2892 5645 2732 5645 2735 5646 2733 5646 2893 5646 2893 5647 2895 5647 2735 5647 2734 5648 2736 5648 2896 5648 2896 5649 2894 5649 2734 5649 2737 5650 2735 5650 2895 5650 2895 5651 2897 5651 2737 5651 2736 5652 2738 5652 2898 5652 2898 5653 2896 5653 2736 5653 2739 5654 2737 5654 2897 5654 2897 5655 2899 5655 2739 5655 2738 5656 2740 5656 2900 5656 2900 5657 2898 5657 2738 5657 2741 5658 2739 5658 2899 5658 2899 5659 2901 5659 2741 5659 2740 5660 2742 5660 2902 5660 2902 5661 2900 5661 2740 5661 2743 5662 2741 5662 2901 5662 2901 5663 2903 5663 2743 5663 2742 5664 2744 5664 2904 5664 2904 5665 2902 5665 2742 5665 2745 5666 2743 5666 2903 5666 2903 5667 2905 5667 2745 5667 2744 5668 2746 5668 2906 5668 2906 5669 2904 5669 2744 5669 2747 5670 2745 5670 2905 5670 2905 5671 2907 5671 2747 5671 2746 5672 2748 5672 2908 5672 2908 5673 2906 5673 2746 5673 2749 5674 2747 5674 2907 5674 2907 5675 2909 5675 2749 5675 2748 5676 2750 5676 2910 5676 2910 5677 2908 5677 2748 5677 2751 5678 2749 5678 2909 5678 2909 5679 2911 5679 2751 5679 2750 5680 2752 5680 2912 5680 2912 5681 2910 5681 2750 5681 2753 5682 2751 5682 2911 5682 2911 5683 2913 5683 2753 5683 2752 5684 2754 5684 2914 5684 2914 5685 2912 5685 2752 5685 2755 5686 2753 5686 2913 5686 2913 5687 2915 5687 2755 5687 2754 5688 2756 5688 2916 5688 2916 5689 2914 5689 2754 5689 2757 5690 2755 5690 2915 5690 2915 5691 2917 5691 2757 5691 2756 5692 2758 5692 2918 5692 2918 5693 2916 5693 2756 5693 2759 5694 2757 5694 2917 5694 2917 5695 2919 5695 2759 5695 2758 5696 2760 5696 2920 5696 2920 5697 2918 5697 2758 5697 2761 5698 2759 5698 2919 5698 2919 5699 2921 5699 2761 5699 2760 5700 2762 5700 2922 5700 2922 5701 2920 5701 2760 5701 2763 5702 2761 5702 2921 5702 2921 5703 2923 5703 2763 5703 2762 5704 2764 5704 2924 5704 2924 5705 2922 5705 2762 5705 2765 5706 2763 5706 2923 5706 2923 5707 2925 5707 2765 5707 2764 5708 2766 5708 2926 5708 2926 5709 2924 5709 2764 5709 2767 5710 2765 5710 2925 5710 2925 5711 2927 5711 2767 5711 2766 5712 2768 5712 2928 5712 2928 5713 2926 5713 2766 5713 2769 5714 2767 5714 2927 5714 2927 5715 2929 5715 2769 5715 2768 5716 2770 5716 2930 5716 2930 5717 2928 5717 2768 5717 2771 5718 2769 5718 2929 5718 2929 5719 2931 5719 2771 5719 2770 5720 2772 5720 2932 5720 2932 5721 2930 5721 2770 5721 2773 5722 2771 5722 2931 5722 2931 5723 2933 5723 2773 5723 2772 5724 2774 5724 2934 5724 2934 5725 2932 5725 2772 5725 2775 5726 2773 5726 2933 5726 2933 5727 2935 5727 2775 5727 2774 5728 2776 5728 2936 5728 2936 5729 2934 5729 2774 5729 2777 5730 2775 5730 2935 5730 2935 5731 2937 5731 2777 5731 2776 5732 2778 5732 2938 5732 2938 5733 2936 5733 2776 5733 2779 5734 2777 5734 2937 5734 2937 5735 2939 5735 2779 5735 2778 5736 2716 5736 2876 5736 2876 5737 2938 5737 2778 5737 2717 5738 2779 5738 2939 5738 2939 5739 2877 5739 2717 5739 3036 5740 3037 5740 3039 5740 3039 5741 3038 5741 3036 5741 3038 5742 3039 5742 3041 5742 3041 5743 3040 5743 3038 5743 3040 5744 3041 5744 3043 5744 3043 5745 3042 5745 3040 5745 3042 5746 3043 5746 3045 5746 3045 5747 3044 5747 3042 5747 3044 5748 3045 5748 3047 5748 3047 5749 3046 5749 3044 5749 3046 5750 3047 5750 3049 5750 3049 5751 3048 5751 3046 5751 3048 5752 3049 5752 3051 5752 3051 5753 3050 5753 3048 5753 3050 5754 3051 5754 3053 5754 3053 5755 3052 5755 3050 5755 3052 5756 3053 5756 3055 5756 3055 5757 3054 5757 3052 5757 3054 5758 3055 5758 3057 5758 3057 5759 3056 5759 3054 5759 3056 5760 3057 5760 3059 5760 3059 5761 3058 5761 3056 5761 3058 5762 3059 5762 3061 5762 3061 5763 3060 5763 3058 5763 3060 5764 3061 5764 3063 5764 3063 5765 3062 5765 3060 5765 3062 5766 3063 5766 3065 5766 3065 5767 3064 5767 3062 5767 3064 5768 3065 5768 3067 5768 3067 5769 3066 5769 3064 5769 3066 5770 3067 5770 3069 5770 3069 5771 3068 5771 3066 5771 3068 5772 3069 5772 3071 5772 3071 5773 3070 5773 3068 5773 3070 5774 3071 5774 3073 5774 3073 5775 3072 5775 3070 5775 3072 5776 3073 5776 3075 5776 3075 5777 3074 5777 3072 5777 3074 5778 3075 5778 3077 5778 3077 5779 3076 5779 3074 5779 3076 5780 3077 5780 3079 5780 3079 5781 3078 5781 3076 5781 3078 5782 3079 5782 3081 5782 3081 5783 3080 5783 3078 5783 3080 5784 3081 5784 3083 5784 3083 5785 3082 5785 3080 5785 3082 5786 3083 5786 3085 5786 3085 5787 3084 5787 3082 5787 3084 5788 3085 5788 3087 5788 3087 5789 3086 5789 3084 5789 3086 5790 3087 5790 3089 5790 3089 5791 3088 5791 3086 5791 3088 5792 3089 5792 3091 5792 3091 5793 3090 5793 3088 5793 3090 5794 3091 5794 3093 5794 3093 5795 3092 5795 3090 5795 3092 5796 3093 5796 3095 5796 3095 5797 3094 5797 3092 5797 3094 5798 3095 5798 3097 5798 3097 5799 3096 5799 3094 5799 3098 5800 3099 5800 3037 5800 3037 5801 3036 5801 3098 5801 3096 5802 3097 5802 3099 5802 3099 5803 3098 5803 3096 5803 3100 5804 3101 5804 3103 5804 3103 5805 3102 5805 3100 5805 3102 5806 3103 5806 3105 5806 3105 5807 3104 5807 3102 5807 3104 5808 3105 5808 3107 5808 3107 5809 3106 5809 3104 5809 3106 5810 3107 5810 3109 5810 3109 5811 3108 5811 3106 5811 3108 5812 3109 5812 3111 5812 3111 5813 3110 5813 3108 5813 3110 5814 3111 5814 3113 5814 3113 5815 3112 5815 3110 5815 3112 5816 3113 5816 3115 5816 3115 5817 3114 5817 3112 5817 3114 5818 3115 5818 3117 5818 3117 5819 3116 5819 3114 5819 3116 5820 3117 5820 3119 5820 3119 5821 3118 5821 3116 5821 3118 5822 3119 5822 3121 5822 3121 5823 3120 5823 3118 5823 3120 5824 3121 5824 3123 5824 3123 5825 3122 5825 3120 5825 3122 5826 3123 5826 3125 5826 3125 5827 3124 5827 3122 5827 3124 5828 3125 5828 3127 5828 3127 5829 3126 5829 3124 5829 3126 5830 3127 5830 3129 5830 3129 5831 3128 5831 3126 5831 3128 5832 3129 5832 3131 5832 3131 5833 3130 5833 3128 5833 3130 5834 3131 5834 3133 5834 3133 5835 3132 5835 3130 5835 3132 5836 3133 5836 3135 5836 3135 5837 3134 5837 3132 5837 3134 5838 3135 5838 3137 5838 3137 5839 3136 5839 3134 5839 3136 5840 3137 5840 3139 5840 3139 5841 3138 5841 3136 5841 3138 5842 3139 5842 3141 5842 3141 5843 3140 5843 3138 5843 3140 5844 3141 5844 3143 5844 3143 5845 3142 5845 3140 5845 3142 5846 3143 5846 3145 5846 3145 5847 3144 5847 3142 5847 3144 5848 3145 5848 3147 5848 3147 5849 3146 5849 3144 5849 3146 5850 3147 5850 3149 5850 3149 5851 3148 5851 3146 5851 3148 5852 3149 5852 3151 5852 3151 5853 3150 5853 3148 5853 3150 5854 3151 5854 3153 5854 3153 5855 3152 5855 3150 5855 3152 5856 3153 5856 3155 5856 3155 5857 3154 5857 3152 5857 3154 5858 3155 5858 3157 5858 3157 5859 3156 5859 3154 5859 3156 5860 3157 5860 3159 5860 3159 5861 3158 5861 3156 5861 3158 5862 3159 5862 3161 5862 3161 5863 3160 5863 3158 5863 3162 5864 3163 5864 3101 5864 3101 5865 3100 5865 3162 5865 3160 5866 3161 5866 3163 5866 3163 5867 3162 5867 3160 5867 3164 5868 3165 5868 3167 5868 3167 5869 3166 5869 3164 5869 3166 5870 3167 5870 3169 5870 3169 5871 3168 5871 3166 5871 3168 5872 3169 5872 3171 5872 3171 5873 3170 5873 3168 5873 3170 5874 3171 5874 3173 5874 3173 5875 3172 5875 3170 5875 3172 5876 3173 5876 3175 5876 3175 5877 3174 5877 3172 5877 3174 5878 3175 5878 3177 5878 3177 5879 3176 5879 3174 5879 3176 5880 3177 5880 3179 5880 3179 5881 3178 5881 3176 5881 3178 5882 3179 5882 3181 5882 3181 5883 3180 5883 3178 5883 3180 5884 3181 5884 3183 5884 3183 5885 3182 5885 3180 5885 3182 5886 3183 5886 3185 5886 3185 5887 3184 5887 3182 5887 3184 5888 3185 5888 3187 5888 3187 5889 3186 5889 3184 5889 3186 5890 3187 5890 3189 5890 3189 5891 3188 5891 3186 5891 3188 5892 3189 5892 3191 5892 3191 5893 3190 5893 3188 5893 3190 5894 3191 5894 3193 5894 3193 5895 3192 5895 3190 5895 3192 5896 3193 5896 3195 5896 3195 5897 3194 5897 3192 5897 3194 5898 3195 5898 3197 5898 3197 5899 3196 5899 3194 5899 3196 5900 3197 5900 3199 5900 3199 5901 3198 5901 3196 5901 3198 5902 3199 5902 3201 5902 3201 5903 3200 5903 3198 5903 3200 5904 3201 5904 3203 5904 3203 5905 3202 5905 3200 5905 3202 5906 3203 5906 3205 5906 3205 5907 3204 5907 3202 5907 3204 5908 3205 5908 3207 5908 3207 5909 3206 5909 3204 5909 3206 5910 3207 5910 3209 5910 3209 5911 3208 5911 3206 5911 3208 5912 3209 5912 3211 5912 3211 5913 3210 5913 3208 5913 3210 5914 3211 5914 3213 5914 3213 5915 3212 5915 3210 5915 3212 5916 3213 5916 3215 5916 3215 5917 3214 5917 3212 5917 3214 5918 3215 5918 3217 5918 3217 5919 3216 5919 3214 5919 3216 5920 3217 5920 3219 5920 3219 5921 3218 5921 3216 5921 3218 5922 3219 5922 3221 5922 3221 5923 3220 5923 3218 5923 3220 5924 3221 5924 3223 5924 3223 5925 3222 5925 3220 5925 3222 5926 3223 5926 3225 5926 3225 5927 3224 5927 3222 5927 3226 5928 3227 5928 3165 5928 3165 5929 3164 5929 3226 5929 3224 5930 3225 5930 3227 5930 3227 5931 3226 5931 3224 5931 3228 5932 3229 5932 3231 5932 3231 5933 3230 5933 3228 5933 3230 5934 3231 5934 3233 5934 3233 5935 3232 5935 3230 5935 3232 5936 3233 5936 3235 5936 3235 5937 3234 5937 3232 5937 3234 5938 3235 5938 3237 5938 3237 5939 3236 5939 3234 5939 3236 5940 3237 5940 3239 5940 3239 5941 3238 5941 3236 5941 3238 5942 3239 5942 3241 5942 3241 5943 3240 5943 3238 5943 3240 5944 3241 5944 3243 5944 3243 5945 3242 5945 3240 5945 3242 5946 3243 5946 3245 5946 3245 5947 3244 5947 3242 5947 3244 5948 3245 5948 3247 5948 3247 5949 3246 5949 3244 5949 3246 5950 3247 5950 3249 5950 3249 5951 3248 5951 3246 5951 3248 5952 3249 5952 3251 5952 3251 5953 3250 5953 3248 5953 3250 5954 3251 5954 3253 5954 3253 5955 3252 5955 3250 5955 3252 5956 3253 5956 3255 5956 3255 5957 3254 5957 3252 5957 3254 5958 3255 5958 3257 5958 3257 5959 3256 5959 3254 5959 3256 5960 3257 5960 3259 5960 3259 5961 3258 5961 3256 5961 3258 5962 3259 5962 3261 5962 3261 5963 3260 5963 3258 5963 3260 5964 3261 5964 3263 5964 3263 5965 3262 5965 3260 5965 3262 5966 3263 5966 3265 5966 3265 5967 3264 5967 3262 5967 3264 5968 3265 5968 3267 5968 3267 5969 3266 5969 3264 5969 3266 5970 3267 5970 3269 5970 3269 5971 3268 5971 3266 5971 3268 5972 3269 5972 3271 5972 3271 5973 3270 5973 3268 5973 3270 5974 3271 5974 3273 5974 3273 5975 3272 5975 3270 5975 3272 5976 3273 5976 3275 5976 3275 5977 3274 5977 3272 5977 3274 5978 3275 5978 3277 5978 3277 5979 3276 5979 3274 5979 3276 5980 3277 5980 3279 5980 3279 5981 3278 5981 3276 5981 3278 5982 3279 5982 3281 5982 3281 5983 3280 5983 3278 5983 3280 5984 3281 5984 3283 5984 3283 5985 3282 5985 3280 5985 3282 5986 3283 5986 3285 5986 3285 5987 3284 5987 3282 5987 3284 5988 3285 5988 3287 5988 3287 5989 3286 5989 3284 5989 3286 5990 3287 5990 3289 5990 3289 5991 3288 5991 3286 5991 3290 5992 3291 5992 3229 5992 3229 5993 3228 5993 3290 5993 3288 5994 3289 5994 3291 5994 3291 5995 3290 5995 3288 5995 3292 5996 3293 5996 3295 5996 3295 5997 3294 5997 3292 5997 3294 5998 3295 5998 3297 5998 3297 5999 3296 5999 3294 5999 3296 6000 3297 6000 3299 6000 3299 6001 3298 6001 3296 6001 3298 6002 3299 6002 3301 6002 3301 6003 3300 6003 3298 6003 3300 6004 3301 6004 3303 6004 3303 6005 3302 6005 3300 6005 3302 6006 3303 6006 3305 6006 3305 6007 3304 6007 3302 6007 3304 6008 3305 6008 3307 6008 3307 6009 3306 6009 3304 6009 3306 6010 3307 6010 3309 6010 3309 6011 3308 6011 3306 6011 3308 6012 3309 6012 3311 6012 3311 6013 3310 6013 3308 6013 3310 6014 3311 6014 3313 6014 3313 6015 3312 6015 3310 6015 3312 6016 3313 6016 3315 6016 3315 6017 3314 6017 3312 6017 3314 6018 3315 6018 3317 6018 3317 6019 3316 6019 3314 6019 3316 6020 3317 6020 3319 6020 3319 6021 3318 6021 3316 6021 3318 6022 3319 6022 3321 6022 3321 6023 3320 6023 3318 6023 3320 6024 3321 6024 3323 6024 3323 6025 3322 6025 3320 6025 3322 6026 3323 6026 3325 6026 3325 6027 3324 6027 3322 6027 3324 6028 3325 6028 3327 6028 3327 6029 3326 6029 3324 6029 3326 6030 3327 6030 3329 6030 3329 6031 3328 6031 3326 6031 3328 6032 3329 6032 3331 6032 3331 6033 3330 6033 3328 6033 3330 6034 3331 6034 3333 6034 3333 6035 3332 6035 3330 6035 3332 6036 3333 6036 3335 6036 3335 6037 3334 6037 3332 6037 3334 6038 3335 6038 3337 6038 3337 6039 3336 6039 3334 6039 3336 6040 3337 6040 3339 6040 3339 6041 3338 6041 3336 6041 3338 6042 3339 6042 3341 6042 3341 6043 3340 6043 3338 6043 3340 6044 3341 6044 3343 6044 3343 6045 3342 6045 3340 6045 3342 6046 3343 6046 3345 6046 3345 6047 3344 6047 3342 6047 3344 6048 3345 6048 3347 6048 3347 6049 3346 6049 3344 6049 3346 6050 3347 6050 3349 6050 3349 6051 3348 6051 3346 6051 3348 6052 3349 6052 3351 6052 3351 6053 3350 6053 3348 6053 3350 6054 3351 6054 3353 6054 3353 6055 3352 6055 3350 6055 3354 6056 3355 6056 3293 6056 3293 6057 3292 6057 3354 6057 3352 6058 3353 6058 3355 6058 3355 6059 3354 6059 3352 6059 3356 6060 3357 6060 3359 6060 3359 6061 3358 6061 3356 6061 3358 6062 3359 6062 3361 6062 3361 6063 3360 6063 3358 6063 3360 6064 3361 6064 3363 6064 3363 6065 3362 6065 3360 6065 3362 6066 3363 6066 3365 6066 3365 6067 3364 6067 3362 6067 3364 6068 3365 6068 3367 6068 3367 6069 3366 6069 3364 6069 3366 6070 3367 6070 3369 6070 3369 6071 3368 6071 3366 6071 3368 6072 3369 6072 3371 6072 3371 6073 3370 6073 3368 6073 3370 6074 3371 6074 3373 6074 3373 6075 3372 6075 3370 6075 3372 6076 3373 6076 3375 6076 3375 6077 3374 6077 3372 6077 3374 6078 3375 6078 3377 6078 3377 6079 3376 6079 3374 6079 3376 6080 3377 6080 3379 6080 3379 6081 3378 6081 3376 6081 3378 6082 3379 6082 3381 6082 3381 6083 3380 6083 3378 6083 3380 6084 3381 6084 3383 6084 3383 6085 3382 6085 3380 6085 3382 6086 3383 6086 3385 6086 3385 6087 3384 6087 3382 6087 3384 6088 3385 6088 3387 6088 3387 6089 3386 6089 3384 6089 3386 6090 3387 6090 3389 6090 3389 6091 3388 6091 3386 6091 3388 6092 3389 6092 3391 6092 3391 6093 3390 6093 3388 6093 3390 6094 3391 6094 3393 6094 3393 6095 3392 6095 3390 6095 3392 6096 3393 6096 3395 6096 3395 6097 3394 6097 3392 6097 3394 6098 3395 6098 3397 6098 3397 6099 3396 6099 3394 6099 3396 6100 3397 6100 3399 6100 3399 6101 3398 6101 3396 6101 3398 6102 3399 6102 3401 6102 3401 6103 3400 6103 3398 6103 3400 6104 3401 6104 3403 6104 3403 6105 3402 6105 3400 6105 3402 6106 3403 6106 3405 6106 3405 6107 3404 6107 3402 6107 3404 6108 3405 6108 3407 6108 3407 6109 3406 6109 3404 6109 3406 6110 3407 6110 3409 6110 3409 6111 3408 6111 3406 6111 3408 6112 3409 6112 3411 6112 3411 6113 3410 6113 3408 6113 3410 6114 3411 6114 3413 6114 3413 6115 3412 6115 3410 6115 3412 6116 3413 6116 3415 6116 3415 6117 3414 6117 3412 6117 3414 6118 3415 6118 3417 6118 3417 6119 3416 6119 3414 6119 3418 6120 3419 6120 3357 6120 3357 6121 3356 6121 3418 6121 3416 6122 3417 6122 3419 6122 3419 6123 3418 6123 3416 6123 3484 6124 3421 6124 3423 6124 3423 6125 3485 6125 3484 6125 3485 6126 3423 6126 3425 6126 3425 6127 3486 6127 3485 6127 3486 6128 3425 6128 3427 6128 3427 6129 3487 6129 3486 6129 3487 6130 3427 6130 3429 6130 3429 6131 3488 6131 3487 6131 3488 6132 3429 6132 3431 6132 3431 6133 3489 6133 3488 6133 3489 6134 3431 6134 3433 6134 3433 6135 3490 6135 3489 6135 3490 6136 3433 6136 3435 6136 3435 6137 3491 6137 3490 6137 3491 6138 3435 6138 3437 6138 3437 6139 3492 6139 3491 6139 3492 6140 3437 6140 3439 6140 3439 6141 3493 6141 3492 6141 3493 6142 3439 6142 3441 6142 3441 6143 3494 6143 3493 6143 3494 6144 3441 6144 3443 6144 3443 6145 3495 6145 3494 6145 3495 6146 3443 6146 3445 6146 3445 6147 3496 6147 3495 6147 3496 6148 3445 6148 3447 6148 3447 6149 3497 6149 3496 6149 3497 6150 3447 6150 3449 6150 3449 6151 3498 6151 3497 6151 3498 6152 3449 6152 3451 6152 3451 6153 3499 6153 3498 6153 3499 6154 3451 6154 3453 6154 3453 6155 3500 6155 3499 6155 3500 6156 3453 6156 3455 6156 3455 6157 3501 6157 3500 6157 3501 6158 3455 6158 3457 6158 3457 6159 3502 6159 3501 6159 3502 6160 3457 6160 3459 6160 3459 6161 3503 6161 3502 6161 3503 6162 3459 6162 3461 6162 3461 6163 3504 6163 3503 6163 3504 6164 3461 6164 3463 6164 3463 6165 3505 6165 3504 6165 3505 6166 3463 6166 3465 6166 3465 6167 3506 6167 3505 6167 3506 6168 3465 6168 3467 6168 3467 6169 3507 6169 3506 6169 3507 6170 3467 6170 3469 6170 3469 6171 3508 6171 3507 6171 3508 6172 3469 6172 3471 6172 3471 6173 3509 6173 3508 6173 3509 6174 3471 6174 3473 6174 3473 6175 3510 6175 3509 6175 3510 6176 3473 6176 3475 6176 3475 6177 3511 6177 3510 6177 3511 6178 3475 6178 3477 6178 3477 6179 3512 6179 3511 6179 3512 6180 3477 6180 3479 6180 3479 6181 3513 6181 3512 6181 3513 6182 3479 6182 3481 6182 3481 6183 3514 6183 3513 6183 3515 6184 3483 6184 3421 6184 3421 6185 3484 6185 3515 6185 3514 6186 3481 6186 3483 6186 3483 6187 3515 6187 3514 6187 3545 6188 3514 6188 3515 6188 3515 6189 3546 6189 3545 6189 3546 6190 3515 6190 3484 6190 3484 6191 3547 6191 3546 6191 3544 6192 3513 6192 3514 6192 3514 6193 3545 6193 3544 6193 3543 6194 3512 6194 3513 6194 3513 6195 3544 6195 3543 6195 3542 6196 3511 6196 3512 6196 3512 6197 3543 6197 3542 6197 3541 6198 3510 6198 3511 6198 3511 6199 3542 6199 3541 6199 3540 6200 3509 6200 3510 6200 3510 6201 3541 6201 3540 6201 3539 6202 3508 6202 3509 6202 3509 6203 3540 6203 3539 6203 3538 6204 3507 6204 3508 6204 3508 6205 3539 6205 3538 6205 3537 6206 3506 6206 3507 6206 3507 6207 3538 6207 3537 6207 3536 6208 3505 6208 3506 6208 3506 6209 3537 6209 3536 6209 3535 6210 3504 6210 3505 6210 3505 6211 3536 6211 3535 6211 3534 6212 3503 6212 3504 6212 3504 6213 3535 6213 3534 6213 3533 6214 3502 6214 3503 6214 3503 6215 3534 6215 3533 6215 3532 6216 3501 6216 3502 6216 3502 6217 3533 6217 3532 6217 3531 6218 3500 6218 3501 6218 3501 6219 3532 6219 3531 6219 3530 6220 3499 6220 3500 6220 3500 6221 3531 6221 3530 6221 3529 6222 3498 6222 3499 6222 3499 6223 3530 6223 3529 6223 3528 6224 3497 6224 3498 6224 3498 6225 3529 6225 3528 6225 3527 6226 3496 6226 3497 6226 3497 6227 3528 6227 3527 6227 3526 6228 3495 6228 3496 6228 3496 6229 3527 6229 3526 6229 3525 6230 3494 6230 3495 6230 3495 6231 3526 6231 3525 6231 3524 6232 3493 6232 3494 6232 3494 6233 3525 6233 3524 6233 3523 6234 3492 6234 3493 6234 3493 6235 3524 6235 3523 6235 3522 6236 3491 6236 3492 6236 3492 6237 3523 6237 3522 6237 3521 6238 3490 6238 3491 6238 3491 6239 3522 6239 3521 6239 3520 6240 3489 6240 3490 6240 3490 6241 3521 6241 3520 6241 3519 6242 3488 6242 3489 6242 3489 6243 3520 6243 3519 6243 3518 6244 3487 6244 3488 6244 3488 6245 3519 6245 3518 6245 3517 6246 3486 6246 3487 6246 3487 6247 3518 6247 3517 6247 3516 6248 3485 6248 3486 6248 3486 6249 3517 6249 3516 6249 3547 6250 3484 6250 3485 6250 3485 6251 3516 6251 3547 6251 3579 6252 3547 6252 3516 6252 3516 6253 3548 6253 3579 6253 3548 6254 3516 6254 3517 6254 3517 6255 3549 6255 3548 6255 3549 6256 3517 6256 3518 6256 3518 6257 3550 6257 3549 6257 3550 6258 3518 6258 3519 6258 3519 6259 3551 6259 3550 6259 3551 6260 3519 6260 3520 6260 3520 6261 3552 6261 3551 6261 3552 6262 3520 6262 3521 6262 3521 6263 3553 6263 3552 6263 3553 6264 3521 6264 3522 6264 3522 6265 3554 6265 3553 6265 3554 6266 3522 6266 3523 6266 3523 6267 3555 6267 3554 6267 3555 6268 3523 6268 3524 6268 3524 6269 3556 6269 3555 6269 3556 6270 3524 6270 3525 6270 3525 6271 3557 6271 3556 6271 3557 6272 3525 6272 3526 6272 3526 6273 3558 6273 3557 6273 3558 6274 3526 6274 3527 6274 3527 6275 3559 6275 3558 6275 3559 6276 3527 6276 3528 6276 3528 6277 3560 6277 3559 6277 3560 6278 3528 6278 3529 6278 3529 6279 3561 6279 3560 6279 3561 6280 3529 6280 3530 6280 3530 6281 3562 6281 3561 6281 3562 6282 3530 6282 3531 6282 3531 6283 3563 6283 3562 6283 3563 6284 3531 6284 3532 6284 3532 6285 3564 6285 3563 6285 3564 6286 3532 6286 3533 6286 3533 6287 3565 6287 3564 6287 3565 6288 3533 6288 3534 6288 3534 6289 3566 6289 3565 6289 3566 6290 3534 6290 3535 6290 3535 6291 3567 6291 3566 6291 3567 6292 3535 6292 3536 6292 3536 6293 3568 6293 3567 6293 3568 6294 3536 6294 3537 6294 3537 6295 3569 6295 3568 6295 3569 6296 3537 6296 3538 6296 3538 6297 3570 6297 3569 6297 3570 6298 3538 6298 3539 6298 3539 6299 3571 6299 3570 6299 3571 6300 3539 6300 3540 6300 3540 6301 3572 6301 3571 6301 3572 6302 3540 6302 3541 6302 3541 6303 3573 6303 3572 6303 3573 6304 3541 6304 3542 6304 3542 6305 3574 6305 3573 6305 3574 6306 3542 6306 3543 6306 3543 6307 3575 6307 3574 6307 3575 6308 3543 6308 3544 6308 3544 6309 3576 6309 3575 6309 3576 6310 3544 6310 3545 6310 3545 6311 3577 6311 3576 6311 3578 6312 3546 6312 3547 6312 3547 6313 3579 6313 3578 6313 3577 6314 3545 6314 3546 6314 3546 6315 3578 6315 3577 6315 3480 6316 3577 6316 3578 6316 3578 6317 3482 6317 3480 6317 3482 6318 3578 6318 3579 6318 3579 6319 3420 6319 3482 6319 3478 6320 3576 6320 3577 6320 3577 6321 3480 6321 3478 6321 3476 6322 3575 6322 3576 6322 3576 6323 3478 6323 3476 6323 3474 6324 3574 6324 3575 6324 3575 6325 3476 6325 3474 6325 3472 6326 3573 6326 3574 6326 3574 6327 3474 6327 3472 6327 3470 6328 3572 6328 3573 6328 3573 6329 3472 6329 3470 6329 3468 6330 3571 6330 3572 6330 3572 6331 3470 6331 3468 6331 3466 6332 3570 6332 3571 6332 3571 6333 3468 6333 3466 6333 3464 6334 3569 6334 3570 6334 3570 6335 3466 6335 3464 6335 3462 6336 3568 6336 3569 6336 3569 6337 3464 6337 3462 6337 3460 6338 3567 6338 3568 6338 3568 6339 3462 6339 3460 6339 3458 6340 3566 6340 3567 6340 3567 6341 3460 6341 3458 6341 3456 6342 3565 6342 3566 6342 3566 6343 3458 6343 3456 6343 3454 6344 3564 6344 3565 6344 3565 6345 3456 6345 3454 6345 3452 6346 3563 6346 3564 6346 3564 6347 3454 6347 3452 6347 3450 6348 3562 6348 3563 6348 3563 6349 3452 6349 3450 6349 3448 6350 3561 6350 3562 6350 3562 6351 3450 6351 3448 6351 3446 6352 3560 6352 3561 6352 3561 6353 3448 6353 3446 6353 3444 6354 3559 6354 3560 6354 3560 6355 3446 6355 3444 6355 3442 6356 3558 6356 3559 6356 3559 6357 3444 6357 3442 6357 3440 6358 3557 6358 3558 6358 3558 6359 3442 6359 3440 6359 3438 6360 3556 6360 3557 6360 3557 6361 3440 6361 3438 6361 3436 6362 3555 6362 3556 6362 3556 6363 3438 6363 3436 6363 3434 6364 3554 6364 3555 6364 3555 6365 3436 6365 3434 6365 3432 6366 3553 6366 3554 6366 3554 6367 3434 6367 3432 6367 3430 6368 3552 6368 3553 6368 3553 6369 3432 6369 3430 6369 3428 6370 3551 6370 3552 6370 3552 6371 3430 6371 3428 6371 3426 6372 3550 6372 3551 6372 3551 6373 3428 6373 3426 6373 3424 6374 3549 6374 3550 6374 3550 6375 3426 6375 3424 6375 3422 6376 3548 6376 3549 6376 3549 6377 3424 6377 3422 6377 3420 6378 3579 6378 3548 6378 3548 6379 3422 6379 3420 6379 3645 6380 3583 6380 3581 6380 3581 6381 3644 6381 3645 6381 3646 6382 3585 6382 3583 6382 3583 6383 3645 6383 3646 6383 3647 6384 3587 6384 3585 6384 3585 6385 3646 6385 3647 6385 3648 6386 3589 6386 3587 6386 3587 6387 3647 6387 3648 6387 3649 6388 3591 6388 3589 6388 3589 6389 3648 6389 3649 6389 3650 6390 3593 6390 3591 6390 3591 6391 3649 6391 3650 6391 3651 6392 3595 6392 3593 6392 3593 6393 3650 6393 3651 6393 3652 6394 3597 6394 3595 6394 3595 6395 3651 6395 3652 6395 3653 6396 3599 6396 3597 6396 3597 6397 3652 6397 3653 6397 3654 6398 3601 6398 3599 6398 3599 6399 3653 6399 3654 6399 3655 6400 3603 6400 3601 6400 3601 6401 3654 6401 3655 6401 3656 6402 3605 6402 3603 6402 3603 6403 3655 6403 3656 6403 3657 6404 3607 6404 3605 6404 3605 6405 3656 6405 3657 6405 3658 6406 3609 6406 3607 6406 3607 6407 3657 6407 3658 6407 3659 6408 3611 6408 3609 6408 3609 6409 3658 6409 3659 6409 3660 6410 3613 6410 3611 6410 3611 6411 3659 6411 3660 6411 3661 6412 3615 6412 3613 6412 3613 6413 3660 6413 3661 6413 3662 6414 3617 6414 3615 6414 3615 6415 3661 6415 3662 6415 3663 6416 3619 6416 3617 6416 3617 6417 3662 6417 3663 6417 3664 6418 3621 6418 3619 6418 3619 6419 3663 6419 3664 6419 3665 6420 3623 6420 3621 6420 3621 6421 3664 6421 3665 6421 3666 6422 3625 6422 3623 6422 3623 6423 3665 6423 3666 6423 3667 6424 3627 6424 3625 6424 3625 6425 3666 6425 3667 6425 3668 6426 3629 6426 3627 6426 3627 6427 3667 6427 3668 6427 3669 6428 3631 6428 3629 6428 3629 6429 3668 6429 3669 6429 3670 6430 3633 6430 3631 6430 3631 6431 3669 6431 3670 6431 3671 6432 3635 6432 3633 6432 3633 6433 3670 6433 3671 6433 3672 6434 3637 6434 3635 6434 3635 6435 3671 6435 3672 6435 3673 6436 3639 6436 3637 6436 3637 6437 3672 6437 3673 6437 3674 6438 3641 6438 3639 6438 3639 6439 3673 6439 3674 6439 3644 6440 3581 6440 3643 6440 3643 6441 3675 6441 3644 6441 3675 6442 3643 6442 3641 6442 3641 6443 3674 6443 3675 6443 3706 6444 3675 6444 3674 6444 3674 6445 3705 6445 3706 6445 3707 6446 3644 6446 3675 6446 3675 6447 3706 6447 3707 6447 3705 6448 3674 6448 3673 6448 3673 6449 3704 6449 3705 6449 3704 6450 3673 6450 3672 6450 3672 6451 3703 6451 3704 6451 3703 6452 3672 6452 3671 6452 3671 6453 3702 6453 3703 6453 3702 6454 3671 6454 3670 6454 3670 6455 3701 6455 3702 6455 3701 6456 3670 6456 3669 6456 3669 6457 3700 6457 3701 6457 3700 6458 3669 6458 3668 6458 3668 6459 3699 6459 3700 6459 3699 6460 3668 6460 3667 6460 3667 6461 3698 6461 3699 6461 3698 6462 3667 6462 3666 6462 3666 6463 3697 6463 3698 6463 3697 6464 3666 6464 3665 6464 3665 6465 3696 6465 3697 6465 3696 6466 3665 6466 3664 6466 3664 6467 3695 6467 3696 6467 3695 6468 3664 6468 3663 6468 3663 6469 3694 6469 3695 6469 3694 6470 3663 6470 3662 6470 3662 6471 3693 6471 3694 6471 3693 6472 3662 6472 3661 6472 3661 6473 3692 6473 3693 6473 3692 6474 3661 6474 3660 6474 3660 6475 3691 6475 3692 6475 3691 6476 3660 6476 3659 6476 3659 6477 3690 6477 3691 6477 3690 6478 3659 6478 3658 6478 3658 6479 3689 6479 3690 6479 3689 6480 3658 6480 3657 6480 3657 6481 3688 6481 3689 6481 3688 6482 3657 6482 3656 6482 3656 6483 3687 6483 3688 6483 3687 6484 3656 6484 3655 6484 3655 6485 3686 6485 3687 6485 3686 6486 3655 6486 3654 6486 3654 6487 3685 6487 3686 6487 3685 6488 3654 6488 3653 6488 3653 6489 3684 6489 3685 6489 3684 6490 3653 6490 3652 6490 3652 6491 3683 6491 3684 6491 3683 6492 3652 6492 3651 6492 3651 6493 3682 6493 3683 6493 3682 6494 3651 6494 3650 6494 3650 6495 3681 6495 3682 6495 3681 6496 3650 6496 3649 6496 3649 6497 3680 6497 3681 6497 3680 6498 3649 6498 3648 6498 3648 6499 3679 6499 3680 6499 3679 6500 3648 6500 3647 6500 3647 6501 3678 6501 3679 6501 3678 6502 3647 6502 3646 6502 3646 6503 3677 6503 3678 6503 3677 6504 3646 6504 3645 6504 3645 6505 3676 6505 3677 6505 3676 6506 3645 6506 3644 6506 3644 6507 3707 6507 3676 6507 3708 6508 3676 6508 3707 6508 3707 6509 3739 6509 3708 6509 3709 6510 3677 6510 3676 6510 3676 6511 3708 6511 3709 6511 3710 6512 3678 6512 3677 6512 3677 6513 3709 6513 3710 6513 3711 6514 3679 6514 3678 6514 3678 6515 3710 6515 3711 6515 3712 6516 3680 6516 3679 6516 3679 6517 3711 6517 3712 6517 3713 6518 3681 6518 3680 6518 3680 6519 3712 6519 3713 6519 3714 6520 3682 6520 3681 6520 3681 6521 3713 6521 3714 6521 3715 6522 3683 6522 3682 6522 3682 6523 3714 6523 3715 6523 3716 6524 3684 6524 3683 6524 3683 6525 3715 6525 3716 6525 3717 6526 3685 6526 3684 6526 3684 6527 3716 6527 3717 6527 3718 6528 3686 6528 3685 6528 3685 6529 3717 6529 3718 6529 3719 6530 3687 6530 3686 6530 3686 6531 3718 6531 3719 6531 3720 6532 3688 6532 3687 6532 3687 6533 3719 6533 3720 6533 3721 6534 3689 6534 3688 6534 3688 6535 3720 6535 3721 6535 3722 6536 3690 6536 3689 6536 3689 6537 3721 6537 3722 6537 3723 6538 3691 6538 3690 6538 3690 6539 3722 6539 3723 6539 3724 6540 3692 6540 3691 6540 3691 6541 3723 6541 3724 6541 3725 6542 3693 6542 3692 6542 3692 6543 3724 6543 3725 6543 3726 6544 3694 6544 3693 6544 3693 6545 3725 6545 3726 6545 3727 6546 3695 6546 3694 6546 3694 6547 3726 6547 3727 6547 3728 6548 3696 6548 3695 6548 3695 6549 3727 6549 3728 6549 3729 6550 3697 6550 3696 6550 3696 6551 3728 6551 3729 6551 3730 6552 3698 6552 3697 6552 3697 6553 3729 6553 3730 6553 3731 6554 3699 6554 3698 6554 3698 6555 3730 6555 3731 6555 3732 6556 3700 6556 3699 6556 3699 6557 3731 6557 3732 6557 3733 6558 3701 6558 3700 6558 3700 6559 3732 6559 3733 6559 3734 6560 3702 6560 3701 6560 3701 6561 3733 6561 3734 6561 3735 6562 3703 6562 3702 6562 3702 6563 3734 6563 3735 6563 3736 6564 3704 6564 3703 6564 3703 6565 3735 6565 3736 6565 3737 6566 3705 6566 3704 6566 3704 6567 3736 6567 3737 6567 3739 6568 3707 6568 3706 6568 3706 6569 3738 6569 3739 6569 3738 6570 3706 6570 3705 6570 3705 6571 3737 6571 3738 6571 3642 6572 3738 6572 3737 6572 3737 6573 3640 6573 3642 6573 3580 6574 3739 6574 3738 6574 3738 6575 3642 6575 3580 6575 3640 6576 3737 6576 3736 6576 3736 6577 3638 6577 3640 6577 3638 6578 3736 6578 3735 6578 3735 6579 3636 6579 3638 6579 3636 6580 3735 6580 3734 6580 3734 6581 3634 6581 3636 6581 3634 6582 3734 6582 3733 6582 3733 6583 3632 6583 3634 6583 3632 6584 3733 6584 3732 6584 3732 6585 3630 6585 3632 6585 3630 6586 3732 6586 3731 6586 3731 6587 3628 6587 3630 6587 3628 6588 3731 6588 3730 6588 3730 6589 3626 6589 3628 6589 3626 6590 3730 6590 3729 6590 3729 6591 3624 6591 3626 6591 3624 6592 3729 6592 3728 6592 3728 6593 3622 6593 3624 6593 3622 6594 3728 6594 3727 6594 3727 6595 3620 6595 3622 6595 3620 6596 3727 6596 3726 6596 3726 6597 3618 6597 3620 6597 3618 6598 3726 6598 3725 6598 3725 6599 3616 6599 3618 6599 3616 6600 3725 6600 3724 6600 3724 6601 3614 6601 3616 6601 3614 6602 3724 6602 3723 6602 3723 6603 3612 6603 3614 6603 3612 6604 3723 6604 3722 6604 3722 6605 3610 6605 3612 6605 3610 6606 3722 6606 3721 6606 3721 6607 3608 6607 3610 6607 3608 6608 3721 6608 3720 6608 3720 6609 3606 6609 3608 6609 3606 6610 3720 6610 3719 6610 3719 6611 3604 6611 3606 6611 3604 6612 3719 6612 3718 6612 3718 6613 3602 6613 3604 6613 3602 6614 3718 6614 3717 6614 3717 6615 3600 6615 3602 6615 3600 6616 3717 6616 3716 6616 3716 6617 3598 6617 3600 6617 3598 6618 3716 6618 3715 6618 3715 6619 3596 6619 3598 6619 3596 6620 3715 6620 3714 6620 3714 6621 3594 6621 3596 6621 3594 6622 3714 6622 3713 6622 3713 6623 3592 6623 3594 6623 3592 6624 3713 6624 3712 6624 3712 6625 3590 6625 3592 6625 3590 6626 3712 6626 3711 6626 3711 6627 3588 6627 3590 6627 3588 6628 3711 6628 3710 6628 3710 6629 3586 6629 3588 6629 3586 6630 3710 6630 3709 6630 3709 6631 3584 6631 3586 6631 3584 6632 3709 6632 3708 6632 3708 6633 3582 6633 3584 6633 3582 6634 3708 6634 3739 6634 3739 6635 3580 6635 3582 6635 3420 6636 3422 6636 3582 6636 3582 6637 3580 6637 3420 6637 3423 6638 3421 6638 3581 6638 3581 6639 3583 6639 3423 6639 3422 6640 3424 6640 3584 6640 3584 6641 3582 6641 3422 6641 3425 6642 3423 6642 3583 6642 3583 6643 3585 6643 3425 6643 3424 6644 3426 6644 3586 6644 3586 6645 3584 6645 3424 6645 3427 6646 3425 6646 3585 6646 3585 6647 3587 6647 3427 6647 3426 6648 3428 6648 3588 6648 3588 6649 3586 6649 3426 6649 3429 6650 3427 6650 3587 6650 3587 6651 3589 6651 3429 6651 3428 6652 3430 6652 3590 6652 3590 6653 3588 6653 3428 6653 3431 6654 3429 6654 3589 6654 3589 6655 3591 6655 3431 6655 3430 6656 3432 6656 3592 6656 3592 6657 3590 6657 3430 6657 3433 6658 3431 6658 3591 6658 3591 6659 3593 6659 3433 6659 3432 6660 3434 6660 3594 6660 3594 6661 3592 6661 3432 6661 3435 6662 3433 6662 3593 6662 3593 6663 3595 6663 3435 6663 3434 6664 3436 6664 3596 6664 3596 6665 3594 6665 3434 6665 3437 6666 3435 6666 3595 6666 3595 6667 3597 6667 3437 6667 3436 6668 3438 6668 3598 6668 3598 6669 3596 6669 3436 6669 3439 6670 3437 6670 3597 6670 3597 6671 3599 6671 3439 6671 3438 6672 3440 6672 3600 6672 3600 6673 3598 6673 3438 6673 3441 6674 3439 6674 3599 6674 3599 6675 3601 6675 3441 6675 3440 6676 3442 6676 3602 6676 3602 6677 3600 6677 3440 6677 3443 6678 3441 6678 3601 6678 3601 6679 3603 6679 3443 6679 3442 6680 3444 6680 3604 6680 3604 6681 3602 6681 3442 6681 3445 6682 3443 6682 3603 6682 3603 6683 3605 6683 3445 6683 3444 6684 3446 6684 3606 6684 3606 6685 3604 6685 3444 6685 3447 6686 3445 6686 3605 6686 3605 6687 3607 6687 3447 6687 3446 6688 3448 6688 3608 6688 3608 6689 3606 6689 3446 6689 3449 6690 3447 6690 3607 6690 3607 6691 3609 6691 3449 6691 3448 6692 3450 6692 3610 6692 3610 6693 3608 6693 3448 6693 3451 6694 3449 6694 3609 6694 3609 6695 3611 6695 3451 6695 3450 6696 3452 6696 3612 6696 3612 6697 3610 6697 3450 6697 3453 6698 3451 6698 3611 6698 3611 6699 3613 6699 3453 6699 3452 6700 3454 6700 3614 6700 3614 6701 3612 6701 3452 6701 3455 6702 3453 6702 3613 6702 3613 6703 3615 6703 3455 6703 3454 6704 3456 6704 3616 6704 3616 6705 3614 6705 3454 6705 3457 6706 3455 6706 3615 6706 3615 6707 3617 6707 3457 6707 3456 6708 3458 6708 3618 6708 3618 6709 3616 6709 3456 6709 3459 6710 3457 6710 3617 6710 3617 6711 3619 6711 3459 6711 3458 6712 3460 6712 3620 6712 3620 6713 3618 6713 3458 6713 3461 6714 3459 6714 3619 6714 3619 6715 3621 6715 3461 6715 3460 6716 3462 6716 3622 6716 3622 6717 3620 6717 3460 6717 3463 6718 3461 6718 3621 6718 3621 6719 3623 6719 3463 6719 3462 6720 3464 6720 3624 6720 3624 6721 3622 6721 3462 6721 3465 6722 3463 6722 3623 6722 3623 6723 3625 6723 3465 6723 3464 6724 3466 6724 3626 6724 3626 6725 3624 6725 3464 6725 3467 6726 3465 6726 3625 6726 3625 6727 3627 6727 3467 6727 3466 6728 3468 6728 3628 6728 3628 6729 3626 6729 3466 6729 3469 6730 3467 6730 3627 6730 3627 6731 3629 6731 3469 6731 3468 6732 3470 6732 3630 6732 3630 6733 3628 6733 3468 6733 3471 6734 3469 6734 3629 6734 3629 6735 3631 6735 3471 6735 3470 6736 3472 6736 3632 6736 3632 6737 3630 6737 3470 6737 3473 6738 3471 6738 3631 6738 3631 6739 3633 6739 3473 6739 3472 6740 3474 6740 3634 6740 3634 6741 3632 6741 3472 6741 3475 6742 3473 6742 3633 6742 3633 6743 3635 6743 3475 6743 3474 6744 3476 6744 3636 6744 3636 6745 3634 6745 3474 6745 3477 6746 3475 6746 3635 6746 3635 6747 3637 6747 3477 6747 3476 6748 3478 6748 3638 6748 3638 6749 3636 6749 3476 6749 3479 6750 3477 6750 3637 6750 3637 6751 3639 6751 3479 6751 3478 6752 3480 6752 3640 6752 3640 6753 3638 6753 3478 6753 3481 6754 3479 6754 3639 6754 3639 6755 3641 6755 3481 6755 3480 6756 3482 6756 3642 6756 3642 6757 3640 6757 3480 6757 3483 6758 3481 6758 3641 6758 3641 6759 3643 6759 3483 6759 3482 6760 3420 6760 3580 6760 3580 6761 3642 6761 3482 6761 3421 6762 3483 6762 3643 6762 3643 6763 3581 6763 3421 6763</p>
        </triangles>
      </mesh>
    </geometry>
  </library_geometries>
  <library_materials>
    <material id="mat_0" name="mat_0">
      <instance_effect url="#effect_mat_0"/>
    </material>
  </library_materials>
  <library_nodes>
    <node id="node_airplane2_1" name="node_airplane2_1">
      <instance_geometry url="#geometry_airplane2_0">
        <bind_material>
          <technique_common>
            <instance_material symbol="mat_airplane2_0" target="#mat_0"/>
          </technique_common>
        </bind_material>
      </instance_geometry>
    </node>
  </library_nodes>
  <library_visual_scenes>
    <visual_scene id="myscene">
      <node id="ref_airplane2._1" name="ref_airplane2._1">
        <matrix>1.0 0.0 0.0 0.0 0.0 1.0 0.0 0.0 0.0 0.0 1.0 0.0 0.0 0.0 0.0 1.0</matrix>
        <instance_node url="#node_airplane2_1"/>
      </node>
    </visual_scene>
  </library_visual_scenes>
  <scene>
    <instance_visual_scene url="#myscene"/>
  </scene>
</COLLADA>
